recording,recordingGroup,activityLabel,target,windowNumber,windowStartSeconds,windowEndSeconds,sampleCount,model,prediction,walkingProbability,correct
01_normal,WALKING__01_normal,WALKING,1,0,1.0,3.0,40,Baseline RF - 10 features,1,0.8782092624191128,True
01_normal,WALKING__01_normal,WALKING,1,1,3.0,5.0,40,Baseline RF - 10 features,1,0.6350739065236513,True
01_normal,WALKING__01_normal,WALKING,1,2,5.0,7.0,40,Baseline RF - 10 features,1,0.8378451417448197,True
01_normal,WALKING__01_normal,WALKING,1,3,7.0,9.0,40,Baseline RF - 10 features,1,0.9246370543115833,True
01_normal,WALKING__01_normal,WALKING,1,4,9.0,11.0,40,Baseline RF - 10 features,1,0.928660081591317,True
01_normal,WALKING__01_normal,WALKING,1,5,11.0,13.0,40,Baseline RF - 10 features,1,0.7843666534548718,True
01_normal,WALKING__01_normal,WALKING,1,6,13.0,15.0,40,Baseline RF - 10 features,1,0.9776980381110223,True
01_normal,WALKING__01_normal,WALKING,1,7,15.0,17.0,40,Baseline RF - 10 features,1,0.9587363695342089,True
01_normal,WALKING__01_normal,WALKING,1,8,17.0,19.0,40,Baseline RF - 10 features,1,0.9689325453870753,True
01_normal,WALKING__01_normal,WALKING,1,9,19.0,21.0,40,Baseline RF - 10 features,1,0.9785020223069519,True
01_normal,WALKING__01_normal,WALKING,1,10,21.0,23.0,40,Baseline RF - 10 features,1,0.9263180209179218,True
01_normal,WALKING__01_normal,WALKING,1,11,23.0,25.0,40,Baseline RF - 10 features,1,0.8727633402985362,True
01_normal,WALKING__01_normal,WALKING,1,12,25.0,27.0,40,Baseline RF - 10 features,1,0.9763431758622816,True
01_normal,WALKING__01_normal,WALKING,1,13,27.0,29.0,40,Baseline RF - 10 features,1,0.9524598664123682,True
02_normal,WALKING__02_normal,WALKING,1,0,1.0,3.0,40,Baseline RF - 10 features,1,0.9012579075445829,True
02_normal,WALKING__02_normal,WALKING,1,1,3.0,5.0,40,Baseline RF - 10 features,1,0.6324513722092951,True
02_normal,WALKING__02_normal,WALKING,1,2,5.0,7.0,40,Baseline RF - 10 features,1,0.9525960050327236,True
02_normal,WALKING__02_normal,WALKING,1,3,7.0,9.0,40,Baseline RF - 10 features,1,0.9059635999295679,True
02_normal,WALKING__02_normal,WALKING,1,4,9.0,11.0,40,Baseline RF - 10 features,1,0.8381301348629123,True
02_normal,WALKING__02_normal,WALKING,1,5,11.0,13.0,40,Baseline RF - 10 features,1,0.976016006861886,True
02_normal,WALKING__02_normal,WALKING,1,6,13.0,15.0,40,Baseline RF - 10 features,1,0.9863019563075097,True
02_normal,WALKING__02_normal,WALKING,1,7,15.0,17.0,40,Baseline RF - 10 features,1,0.7239625566412056,True
02_normal,WALKING__02_normal,WALKING,1,8,17.0,19.0,40,Baseline RF - 10 features,1,0.9698860751309992,True
02_normal,WALKING__02_normal,WALKING,1,9,19.0,21.0,40,Baseline RF - 10 features,1,0.9917120816473824,True
02_normal,WALKING__02_normal,WALKING,1,10,21.0,23.0,40,Baseline RF - 10 features,1,0.9876629508981971,True
02_normal,WALKING__02_normal,WALKING,1,11,23.0,25.0,40,Baseline RF - 10 features,1,0.9619152292179709,True
02_normal,WALKING__02_normal,WALKING,1,12,25.0,27.0,40,Baseline RF - 10 features,1,0.9557410144203341,True
02_normal,WALKING__02_normal,WALKING,1,13,27.0,29.0,40,Baseline RF - 10 features,1,0.8760070725458965,True
03_slow,WALKING__03_slow,WALKING,1,0,1.0,3.0,40,Baseline RF - 10 features,0,0.2570875172604253,False
03_slow,WALKING__03_slow,WALKING,1,1,3.0,5.0,40,Baseline RF - 10 features,1,0.5313812726931495,True
03_slow,WALKING__03_slow,WALKING,1,2,5.0,7.0,40,Baseline RF - 10 features,1,0.6749038977169414,True
03_slow,WALKING__03_slow,WALKING,1,3,7.0,9.0,40,Baseline RF - 10 features,1,0.7542683583270035,True
03_slow,WALKING__03_slow,WALKING,1,4,9.0,11.0,40,Baseline RF - 10 features,1,0.7384522498221056,True
03_slow,WALKING__03_slow,WALKING,1,5,11.0,13.0,40,Baseline RF - 10 features,0,0.4133767249756599,False
03_slow,WALKING__03_slow,WALKING,1,6,13.0,15.0,40,Baseline RF - 10 features,1,0.895707157988586,True
03_slow,WALKING__03_slow,WALKING,1,7,15.0,17.0,40,Baseline RF - 10 features,1,0.5947376652717762,True
03_slow,WALKING__03_slow,WALKING,1,8,17.0,19.0,40,Baseline RF - 10 features,0,0.00508559347629115,False
03_slow,WALKING__03_slow,WALKING,1,9,19.0,21.0,40,Baseline RF - 10 features,0,0.46012505422140604,False
03_slow,WALKING__03_slow,WALKING,1,10,21.0,23.0,40,Baseline RF - 10 features,1,0.5312766037462582,True
03_slow,WALKING__03_slow,WALKING,1,11,23.0,25.0,40,Baseline RF - 10 features,1,0.9123063365302928,True
03_slow,WALKING__03_slow,WALKING,1,12,25.0,27.0,40,Baseline RF - 10 features,1,0.898414650749405,True
03_slow,WALKING__03_slow,WALKING,1,13,27.0,29.0,40,Baseline RF - 10 features,1,0.6987988442020154,True
04_fast,WALKING__04_fast,WALKING,1,0,1.0,3.0,40,Baseline RF - 10 features,1,0.7430273764458003,True
04_fast,WALKING__04_fast,WALKING,1,1,3.0,5.0,40,Baseline RF - 10 features,1,0.6680718137983466,True
04_fast,WALKING__04_fast,WALKING,1,2,5.0,7.0,40,Baseline RF - 10 features,1,0.8798920661107084,True
04_fast,WALKING__04_fast,WALKING,1,3,7.0,9.0,40,Baseline RF - 10 features,1,0.7395644120930814,True
04_fast,WALKING__04_fast,WALKING,1,4,9.0,11.0,40,Baseline RF - 10 features,1,0.7491946915924049,True
04_fast,WALKING__04_fast,WALKING,1,5,11.0,13.0,40,Baseline RF - 10 features,1,0.9159532725534085,True
04_fast,WALKING__04_fast,WALKING,1,6,13.0,15.0,40,Baseline RF - 10 features,1,0.886230343726263,True
04_fast,WALKING__04_fast,WALKING,1,7,15.0,17.0,40,Baseline RF - 10 features,1,0.7633827139005247,True
04_fast,WALKING__04_fast,WALKING,1,8,17.0,19.0,40,Baseline RF - 10 features,1,0.7483942342285684,True
04_fast,WALKING__04_fast,WALKING,1,9,19.0,21.0,40,Baseline RF - 10 features,1,0.7209937111092931,True
04_fast,WALKING__04_fast,WALKING,1,10,21.0,23.0,40,Baseline RF - 10 features,1,0.8365072455245707,True
04_fast,WALKING__04_fast,WALKING,1,11,23.0,25.0,40,Baseline RF - 10 features,1,0.8455319342819275,True
04_fast,WALKING__04_fast,WALKING,1,12,25.0,27.0,40,Baseline RF - 10 features,1,0.6632989422599403,True
04_fast,WALKING__04_fast,WALKING,1,13,27.0,29.0,40,Baseline RF - 10 features,1,0.8209742613904749,True
05_short_arm_swings,WALKING__05_short_arm_swings,WALKING,1,0,1.0,3.0,40,Baseline RF - 10 features,1,0.9971461125860355,True
05_short_arm_swings,WALKING__05_short_arm_swings,WALKING,1,1,3.0,5.0,40,Baseline RF - 10 features,1,0.9856033632193228,True
05_short_arm_swings,WALKING__05_short_arm_swings,WALKING,1,2,5.0,7.0,40,Baseline RF - 10 features,1,0.9871056549630867,True
05_short_arm_swings,WALKING__05_short_arm_swings,WALKING,1,3,7.0,9.0,40,Baseline RF - 10 features,1,0.9576500998560982,True
05_short_arm_swings,WALKING__05_short_arm_swings,WALKING,1,4,9.0,11.0,40,Baseline RF - 10 features,1,0.9816605284563762,True
05_short_arm_swings,WALKING__05_short_arm_swings,WALKING,1,5,11.0,13.0,40,Baseline RF - 10 features,1,0.9940576240019126,True
05_short_arm_swings,WALKING__05_short_arm_swings,WALKING,1,6,13.0,15.0,40,Baseline RF - 10 features,1,0.989880978569709,True
05_short_arm_swings,WALKING__05_short_arm_swings,WALKING,1,7,15.0,17.0,40,Baseline RF - 10 features,1,0.9963542694934973,True
05_short_arm_swings,WALKING__05_short_arm_swings,WALKING,1,8,17.0,19.0,40,Baseline RF - 10 features,1,0.9790568570651458,True
05_short_arm_swings,WALKING__05_short_arm_swings,WALKING,1,9,19.0,21.0,40,Baseline RF - 10 features,1,0.9962365832922101,True
05_short_arm_swings,WALKING__05_short_arm_swings,WALKING,1,10,21.0,23.0,40,Baseline RF - 10 features,1,0.9769653213176865,True
05_short_arm_swings,WALKING__05_short_arm_swings,WALKING,1,11,23.0,25.0,40,Baseline RF - 10 features,1,0.996915673002269,True
05_short_arm_swings,WALKING__05_short_arm_swings,WALKING,1,12,25.0,27.0,40,Baseline RF - 10 features,1,0.9889278832911716,True
05_short_arm_swings,WALKING__05_short_arm_swings,WALKING,1,13,27.0,29.0,40,Baseline RF - 10 features,1,0.9934841417194394,True
06_large_arm_swings,WALKING__06_large_arm_swings,WALKING,1,0,1.0,3.0,40,Baseline RF - 10 features,1,0.8619847774572005,True
06_large_arm_swings,WALKING__06_large_arm_swings,WALKING,1,1,3.0,5.0,40,Baseline RF - 10 features,1,0.5817808562624284,True
06_large_arm_swings,WALKING__06_large_arm_swings,WALKING,1,2,5.0,7.0,40,Baseline RF - 10 features,0,0.1615380512049456,False
06_large_arm_swings,WALKING__06_large_arm_swings,WALKING,1,3,7.0,9.0,40,Baseline RF - 10 features,0,0.4698277580721838,False
06_large_arm_swings,WALKING__06_large_arm_swings,WALKING,1,4,9.0,11.0,40,Baseline RF - 10 features,0,0.16048287779841428,False
06_large_arm_swings,WALKING__06_large_arm_swings,WALKING,1,5,11.0,13.0,40,Baseline RF - 10 features,0,0.17840509075443214,False
06_large_arm_swings,WALKING__06_large_arm_swings,WALKING,1,6,13.0,15.0,40,Baseline RF - 10 features,0,0.21306966241741088,False
06_large_arm_swings,WALKING__06_large_arm_swings,WALKING,1,7,15.0,17.0,40,Baseline RF - 10 features,0,0.16109499223226464,False
06_large_arm_swings,WALKING__06_large_arm_swings,WALKING,1,8,17.0,19.0,40,Baseline RF - 10 features,0,0.1254668091719699,False
06_large_arm_swings,WALKING__06_large_arm_swings,WALKING,1,9,19.0,21.0,40,Baseline RF - 10 features,0,0.21394805734905134,False
06_large_arm_swings,WALKING__06_large_arm_swings,WALKING,1,10,21.0,23.0,40,Baseline RF - 10 features,0,0.12744881211235018,False
06_large_arm_swings,WALKING__06_large_arm_swings,WALKING,1,11,23.0,25.0,40,Baseline RF - 10 features,0,0.19007285605584423,False
06_large_arm_swings,WALKING__06_large_arm_swings,WALKING,1,12,25.0,27.0,40,Baseline RF - 10 features,0,0.10820924457073129,False
06_large_arm_swings,WALKING__06_large_arm_swings,WALKING,1,13,27.0,29.0,40,Baseline RF - 10 features,0,0.22078609461579918,False
07_relaxed_arms,WALKING__07_relaxed_arms,WALKING,1,0,1.0,3.0,40,Baseline RF - 10 features,1,0.9530686373947297,True
07_relaxed_arms,WALKING__07_relaxed_arms,WALKING,1,1,3.0,5.0,40,Baseline RF - 10 features,1,0.9908840951969211,True
07_relaxed_arms,WALKING__07_relaxed_arms,WALKING,1,2,5.0,7.0,40,Baseline RF - 10 features,1,0.9628456672153731,True
07_relaxed_arms,WALKING__07_relaxed_arms,WALKING,1,3,7.0,9.0,40,Baseline RF - 10 features,1,0.9703709580560207,True
07_relaxed_arms,WALKING__07_relaxed_arms,WALKING,1,4,9.0,11.0,40,Baseline RF - 10 features,1,0.9919160540892314,True
07_relaxed_arms,WALKING__07_relaxed_arms,WALKING,1,5,11.0,13.0,40,Baseline RF - 10 features,1,0.9713922148446553,True
07_relaxed_arms,WALKING__07_relaxed_arms,WALKING,1,6,13.0,15.0,40,Baseline RF - 10 features,1,0.9368077264925947,True
07_relaxed_arms,WALKING__07_relaxed_arms,WALKING,1,7,15.0,17.0,40,Baseline RF - 10 features,1,0.9296974404464226,True
07_relaxed_arms,WALKING__07_relaxed_arms,WALKING,1,8,17.0,19.0,40,Baseline RF - 10 features,1,0.9896602384760578,True
07_relaxed_arms,WALKING__07_relaxed_arms,WALKING,1,9,19.0,21.0,40,Baseline RF - 10 features,1,0.9801516115513301,True
07_relaxed_arms,WALKING__07_relaxed_arms,WALKING,1,10,21.0,23.0,40,Baseline RF - 10 features,1,0.962562925728524,True
07_relaxed_arms,WALKING__07_relaxed_arms,WALKING,1,11,23.0,25.0,40,Baseline RF - 10 features,1,0.9492970432146117,True
07_relaxed_arms,WALKING__07_relaxed_arms,WALKING,1,12,25.0,27.0,40,Baseline RF - 10 features,1,0.9648693426780582,True
07_relaxed_arms,WALKING__07_relaxed_arms,WALKING,1,13,27.0,29.0,40,Baseline RF - 10 features,1,0.9594539344485158,True
08_slightly_irregular_pace,WALKING__08_slightly_irregular_pace,WALKING,1,0,1.0,3.0,40,Baseline RF - 10 features,1,0.6719850744774628,True
08_slightly_irregular_pace,WALKING__08_slightly_irregular_pace,WALKING,1,1,3.0,5.0,40,Baseline RF - 10 features,1,0.7648709300847911,True
08_slightly_irregular_pace,WALKING__08_slightly_irregular_pace,WALKING,1,2,5.0,7.0,40,Baseline RF - 10 features,1,0.9437762622204898,True
08_slightly_irregular_pace,WALKING__08_slightly_irregular_pace,WALKING,1,3,7.0,9.0,40,Baseline RF - 10 features,1,0.8079232276032965,True
08_slightly_irregular_pace,WALKING__08_slightly_irregular_pace,WALKING,1,4,9.0,11.0,40,Baseline RF - 10 features,1,0.9543283798517276,True
08_slightly_irregular_pace,WALKING__08_slightly_irregular_pace,WALKING,1,5,11.0,13.0,40,Baseline RF - 10 features,1,0.5145828308296925,True
08_slightly_irregular_pace,WALKING__08_slightly_irregular_pace,WALKING,1,6,13.0,15.0,40,Baseline RF - 10 features,1,0.9919918060018555,True
08_slightly_irregular_pace,WALKING__08_slightly_irregular_pace,WALKING,1,7,15.0,17.0,40,Baseline RF - 10 features,1,0.9280829443559253,True
08_slightly_irregular_pace,WALKING__08_slightly_irregular_pace,WALKING,1,8,17.0,19.0,40,Baseline RF - 10 features,1,0.9676472165530231,True
08_slightly_irregular_pace,WALKING__08_slightly_irregular_pace,WALKING,1,9,19.0,21.0,40,Baseline RF - 10 features,1,0.7283201648951687,True
08_slightly_irregular_pace,WALKING__08_slightly_irregular_pace,WALKING,1,10,21.0,23.0,40,Baseline RF - 10 features,1,0.9386192181303947,True
08_slightly_irregular_pace,WALKING__08_slightly_irregular_pace,WALKING,1,11,23.0,25.0,40,Baseline RF - 10 features,1,0.9338214105747255,True
08_slightly_irregular_pace,WALKING__08_slightly_irregular_pace,WALKING,1,12,25.0,27.0,40,Baseline RF - 10 features,1,0.880717479975295,True
08_slightly_irregular_pace,WALKING__08_slightly_irregular_pace,WALKING,1,13,27.0,29.0,40,Baseline RF - 10 features,1,0.9589178887467557,True
09_normal,WALKING__09_normal,WALKING,1,0,1.0,3.0,40,Baseline RF - 10 features,1,0.8722674735294682,True
09_normal,WALKING__09_normal,WALKING,1,1,3.0,5.0,40,Baseline RF - 10 features,1,0.976006808964809,True
09_normal,WALKING__09_normal,WALKING,1,2,5.0,7.0,40,Baseline RF - 10 features,1,0.9694011972079857,True
09_normal,WALKING__09_normal,WALKING,1,3,7.0,9.0,40,Baseline RF - 10 features,1,0.9756172942891785,True
09_normal,WALKING__09_normal,WALKING,1,4,9.0,11.0,40,Baseline RF - 10 features,1,0.9734200589100687,True
09_normal,WALKING__09_normal,WALKING,1,5,11.0,13.0,40,Baseline RF - 10 features,1,0.8981502303169421,True
09_normal,WALKING__09_normal,WALKING,1,6,13.0,15.0,40,Baseline RF - 10 features,1,0.969686845594246,True
09_normal,WALKING__09_normal,WALKING,1,7,15.0,17.0,40,Baseline RF - 10 features,1,0.9894402280111415,True
09_normal,WALKING__09_normal,WALKING,1,8,17.0,19.0,40,Baseline RF - 10 features,1,0.9937596344048054,True
09_normal,WALKING__09_normal,WALKING,1,9,19.0,21.0,40,Baseline RF - 10 features,1,0.9558026293846703,True
09_normal,WALKING__09_normal,WALKING,1,10,21.0,23.0,40,Baseline RF - 10 features,1,0.9916367964935089,True
09_normal,WALKING__09_normal,WALKING,1,11,23.0,25.0,40,Baseline RF - 10 features,1,0.9946424965430649,True
09_normal,WALKING__09_normal,WALKING,1,12,25.0,27.0,40,Baseline RF - 10 features,1,0.9774929869641992,True
09_normal,WALKING__09_normal,WALKING,1,13,27.0,29.0,40,Baseline RF - 10 features,1,0.9504010998875905,True
10_normal,WALKING__10_normal,WALKING,1,0,1.0,3.0,40,Baseline RF - 10 features,1,0.9650150903185516,True
10_normal,WALKING__10_normal,WALKING,1,1,3.0,5.0,40,Baseline RF - 10 features,1,0.9845633604227062,True
10_normal,WALKING__10_normal,WALKING,1,2,5.0,7.0,40,Baseline RF - 10 features,1,0.7526383520486338,True
10_normal,WALKING__10_normal,WALKING,1,3,7.0,9.0,40,Baseline RF - 10 features,1,0.8918031050144736,True
10_normal,WALKING__10_normal,WALKING,1,4,9.0,11.0,40,Baseline RF - 10 features,1,0.6252489310245457,True
10_normal,WALKING__10_normal,WALKING,1,5,11.0,13.0,40,Baseline RF - 10 features,1,0.9584339628921731,True
10_normal,WALKING__10_normal,WALKING,1,6,13.0,15.0,40,Baseline RF - 10 features,1,0.9534854309822511,True
10_normal,WALKING__10_normal,WALKING,1,7,15.0,17.0,40,Baseline RF - 10 features,1,0.9378564966555026,True
10_normal,WALKING__10_normal,WALKING,1,8,17.0,19.0,40,Baseline RF - 10 features,1,0.9113373059091514,True
10_normal,WALKING__10_normal,WALKING,1,9,19.0,21.0,40,Baseline RF - 10 features,1,0.9390385802801122,True
10_normal,WALKING__10_normal,WALKING,1,10,21.0,23.0,40,Baseline RF - 10 features,1,0.9780214395101708,True
10_normal,WALKING__10_normal,WALKING,1,11,23.0,25.0,40,Baseline RF - 10 features,1,0.6755418586607509,True
10_normal,WALKING__10_normal,WALKING,1,12,25.0,27.0,40,Baseline RF - 10 features,1,0.9921065496707742,True
10_normal,WALKING__10_normal,WALKING,1,13,27.0,29.0,40,Baseline RF - 10 features,1,0.9843935732750602,True
11_arm_held_still,WALKING__11_arm_held_still,WALKING,1,0,1.0,3.0,40,Baseline RF - 10 features,1,0.9865746002305937,True
11_arm_held_still,WALKING__11_arm_held_still,WALKING,1,1,3.0,5.0,40,Baseline RF - 10 features,1,0.9951198410828902,True
11_arm_held_still,WALKING__11_arm_held_still,WALKING,1,2,5.0,7.0,40,Baseline RF - 10 features,1,0.9838082057124483,True
11_arm_held_still,WALKING__11_arm_held_still,WALKING,1,3,7.0,9.0,40,Baseline RF - 10 features,1,0.9942188587219798,True
11_arm_held_still,WALKING__11_arm_held_still,WALKING,1,4,9.0,11.0,40,Baseline RF - 10 features,1,0.9885025949081138,True
11_arm_held_still,WALKING__11_arm_held_still,WALKING,1,5,11.0,13.0,40,Baseline RF - 10 features,1,0.9959481251694388,True
11_arm_held_still,WALKING__11_arm_held_still,WALKING,1,6,13.0,15.0,40,Baseline RF - 10 features,1,0.9890475537800484,True
11_arm_held_still,WALKING__11_arm_held_still,WALKING,1,7,15.0,17.0,40,Baseline RF - 10 features,1,0.9816599260002806,True
11_arm_held_still,WALKING__11_arm_held_still,WALKING,1,8,17.0,19.0,40,Baseline RF - 10 features,1,0.9839997569154268,True
11_arm_held_still,WALKING__11_arm_held_still,WALKING,1,9,19.0,21.0,40,Baseline RF - 10 features,1,0.9886070972563878,True
11_arm_held_still,WALKING__11_arm_held_still,WALKING,1,10,21.0,23.0,40,Baseline RF - 10 features,1,0.9928262778216247,True
11_arm_held_still,WALKING__11_arm_held_still,WALKING,1,11,23.0,25.0,40,Baseline RF - 10 features,1,0.9947658040679886,True
11_arm_held_still,WALKING__11_arm_held_still,WALKING,1,12,25.0,27.0,40,Baseline RF - 10 features,1,0.9917222348225256,True
11_arm_held_still,WALKING__11_arm_held_still,WALKING,1,13,27.0,29.0,40,Baseline RF - 10 features,1,0.993183854693467,True
12_looking_at_phone,WALKING__12_looking_at_phone,WALKING,1,0,1.0,3.0,40,Baseline RF - 10 features,1,0.872510930545678,True
12_looking_at_phone,WALKING__12_looking_at_phone,WALKING,1,1,3.0,5.0,40,Baseline RF - 10 features,1,0.992683961435881,True
12_looking_at_phone,WALKING__12_looking_at_phone,WALKING,1,2,5.0,7.0,40,Baseline RF - 10 features,1,0.9963087375402614,True
12_looking_at_phone,WALKING__12_looking_at_phone,WALKING,1,3,7.0,9.0,40,Baseline RF - 10 features,1,0.9579346005193289,True
12_looking_at_phone,WALKING__12_looking_at_phone,WALKING,1,4,9.0,11.0,40,Baseline RF - 10 features,1,0.9646060522533152,True
12_looking_at_phone,WALKING__12_looking_at_phone,WALKING,1,5,11.0,13.0,40,Baseline RF - 10 features,1,0.957713036529236,True
12_looking_at_phone,WALKING__12_looking_at_phone,WALKING,1,6,13.0,15.0,40,Baseline RF - 10 features,1,0.9897458180098215,True
12_looking_at_phone,WALKING__12_looking_at_phone,WALKING,1,7,15.0,17.0,40,Baseline RF - 10 features,1,0.982812622633659,True
12_looking_at_phone,WALKING__12_looking_at_phone,WALKING,1,8,17.0,19.0,40,Baseline RF - 10 features,1,0.9891044795117685,True
12_looking_at_phone,WALKING__12_looking_at_phone,WALKING,1,9,19.0,21.0,40,Baseline RF - 10 features,1,0.9813910756097751,True
12_looking_at_phone,WALKING__12_looking_at_phone,WALKING,1,10,21.0,23.0,40,Baseline RF - 10 features,1,0.9458571844916563,True
12_looking_at_phone,WALKING__12_looking_at_phone,WALKING,1,11,23.0,25.0,40,Baseline RF - 10 features,1,0.8762920196417877,True
12_looking_at_phone,WALKING__12_looking_at_phone,WALKING,1,12,25.0,27.0,40,Baseline RF - 10 features,1,0.9659788002357088,True
12_looking_at_phone,WALKING__12_looking_at_phone,WALKING,1,13,27.0,29.0,40,Baseline RF - 10 features,1,0.9428219291645301,True
13_sensor_hand_in_pocket,WALKING__13_sensor_hand_in_pocket,WALKING,1,0,1.0,3.0,40,Baseline RF - 10 features,1,0.9810809776862967,True
13_sensor_hand_in_pocket,WALKING__13_sensor_hand_in_pocket,WALKING,1,1,3.0,5.0,40,Baseline RF - 10 features,1,0.9804616331389429,True
13_sensor_hand_in_pocket,WALKING__13_sensor_hand_in_pocket,WALKING,1,2,5.0,7.0,40,Baseline RF - 10 features,1,0.9471890578886295,True
13_sensor_hand_in_pocket,WALKING__13_sensor_hand_in_pocket,WALKING,1,3,7.0,9.0,40,Baseline RF - 10 features,1,0.9699309233277381,True
13_sensor_hand_in_pocket,WALKING__13_sensor_hand_in_pocket,WALKING,1,4,9.0,11.0,40,Baseline RF - 10 features,1,0.9732409953796793,True
13_sensor_hand_in_pocket,WALKING__13_sensor_hand_in_pocket,WALKING,1,5,11.0,13.0,40,Baseline RF - 10 features,1,0.9918132801153419,True
13_sensor_hand_in_pocket,WALKING__13_sensor_hand_in_pocket,WALKING,1,6,13.0,15.0,40,Baseline RF - 10 features,1,0.9655790062395784,True
13_sensor_hand_in_pocket,WALKING__13_sensor_hand_in_pocket,WALKING,1,7,15.0,17.0,40,Baseline RF - 10 features,1,0.919295873296919,True
13_sensor_hand_in_pocket,WALKING__13_sensor_hand_in_pocket,WALKING,1,8,17.0,19.0,40,Baseline RF - 10 features,1,0.9080439441920869,True
13_sensor_hand_in_pocket,WALKING__13_sensor_hand_in_pocket,WALKING,1,9,19.0,21.0,40,Baseline RF - 10 features,1,0.9955044138770098,True
13_sensor_hand_in_pocket,WALKING__13_sensor_hand_in_pocket,WALKING,1,10,21.0,23.0,40,Baseline RF - 10 features,1,0.974281980187156,True
13_sensor_hand_in_pocket,WALKING__13_sensor_hand_in_pocket,WALKING,1,11,23.0,25.0,40,Baseline RF - 10 features,1,0.9512379443226089,True
13_sensor_hand_in_pocket,WALKING__13_sensor_hand_in_pocket,WALKING,1,12,25.0,27.0,40,Baseline RF - 10 features,1,0.9783574443815451,True
13_sensor_hand_in_pocket,WALKING__13_sensor_hand_in_pocket,WALKING,1,13,27.0,29.0,40,Baseline RF - 10 features,1,0.9804530434506306,True
14_carrying_a_light_object,WALKING__14_carrying_a_light_object,WALKING,1,0,1.0,3.0,40,Baseline RF - 10 features,1,0.9955944152434422,True
14_carrying_a_light_object,WALKING__14_carrying_a_light_object,WALKING,1,1,3.0,5.0,40,Baseline RF - 10 features,1,0.992224592277814,True
14_carrying_a_light_object,WALKING__14_carrying_a_light_object,WALKING,1,2,5.0,7.0,40,Baseline RF - 10 features,1,0.992333613131802,True
14_carrying_a_light_object,WALKING__14_carrying_a_light_object,WALKING,1,3,7.0,9.0,40,Baseline RF - 10 features,1,0.9960546963649897,True
14_carrying_a_light_object,WALKING__14_carrying_a_light_object,WALKING,1,4,9.0,11.0,40,Baseline RF - 10 features,1,0.975901321583501,True
14_carrying_a_light_object,WALKING__14_carrying_a_light_object,WALKING,1,5,11.0,13.0,40,Baseline RF - 10 features,1,0.9311453430186598,True
14_carrying_a_light_object,WALKING__14_carrying_a_light_object,WALKING,1,6,13.0,15.0,40,Baseline RF - 10 features,1,0.9813131516621375,True
14_carrying_a_light_object,WALKING__14_carrying_a_light_object,WALKING,1,7,15.0,17.0,40,Baseline RF - 10 features,1,0.9962396910481123,True
14_carrying_a_light_object,WALKING__14_carrying_a_light_object,WALKING,1,8,17.0,19.0,40,Baseline RF - 10 features,1,0.9975504943679597,True
14_carrying_a_light_object,WALKING__14_carrying_a_light_object,WALKING,1,9,19.0,21.0,40,Baseline RF - 10 features,1,0.9950506378932508,True
14_carrying_a_light_object,WALKING__14_carrying_a_light_object,WALKING,1,10,21.0,23.0,40,Baseline RF - 10 features,1,0.9667226072751579,True
14_carrying_a_light_object,WALKING__14_carrying_a_light_object,WALKING,1,11,23.0,25.0,40,Baseline RF - 10 features,1,0.9947340450029116,True
14_carrying_a_light_object,WALKING__14_carrying_a_light_object,WALKING,1,12,25.0,27.0,40,Baseline RF - 10 features,1,0.989600107358938,True
14_carrying_a_light_object,WALKING__14_carrying_a_light_object,WALKING,1,13,27.0,29.0,40,Baseline RF - 10 features,1,0.997232387033893,True
15_frequent_gentle_turns,WALKING__15_frequent_gentle_turns,WALKING,1,0,1.0,3.0,40,Baseline RF - 10 features,1,0.9491129915228566,True
15_frequent_gentle_turns,WALKING__15_frequent_gentle_turns,WALKING,1,1,3.0,5.0,40,Baseline RF - 10 features,1,0.8051193184710728,True
15_frequent_gentle_turns,WALKING__15_frequent_gentle_turns,WALKING,1,2,5.0,7.0,40,Baseline RF - 10 features,1,0.9855723268845207,True
15_frequent_gentle_turns,WALKING__15_frequent_gentle_turns,WALKING,1,3,7.0,9.0,40,Baseline RF - 10 features,1,0.9814333739858371,True
15_frequent_gentle_turns,WALKING__15_frequent_gentle_turns,WALKING,1,4,9.0,11.0,40,Baseline RF - 10 features,1,0.9599240025404953,True
15_frequent_gentle_turns,WALKING__15_frequent_gentle_turns,WALKING,1,5,11.0,13.0,40,Baseline RF - 10 features,1,0.9396747577772728,True
15_frequent_gentle_turns,WALKING__15_frequent_gentle_turns,WALKING,1,6,13.0,15.0,40,Baseline RF - 10 features,1,0.9928850508582927,True
15_frequent_gentle_turns,WALKING__15_frequent_gentle_turns,WALKING,1,7,15.0,17.0,40,Baseline RF - 10 features,1,0.9951106211845707,True
15_frequent_gentle_turns,WALKING__15_frequent_gentle_turns,WALKING,1,8,17.0,19.0,40,Baseline RF - 10 features,1,0.9925425134187069,True
15_frequent_gentle_turns,WALKING__15_frequent_gentle_turns,WALKING,1,9,19.0,21.0,40,Baseline RF - 10 features,1,0.9918515710860878,True
15_frequent_gentle_turns,WALKING__15_frequent_gentle_turns,WALKING,1,10,21.0,23.0,40,Baseline RF - 10 features,1,0.9615216459950416,True
15_frequent_gentle_turns,WALKING__15_frequent_gentle_turns,WALKING,1,11,23.0,25.0,40,Baseline RF - 10 features,1,0.848857273057463,True
15_frequent_gentle_turns,WALKING__15_frequent_gentle_turns,WALKING,1,12,25.0,27.0,40,Baseline RF - 10 features,1,0.548748850402913,True
15_frequent_gentle_turns,WALKING__15_frequent_gentle_turns,WALKING,1,13,27.0,29.0,40,Baseline RF - 10 features,1,0.9829284133977297,True
16_slow_02,WALKING__16_slow_02,WALKING,1,0,1.0,3.0,40,Baseline RF - 10 features,1,0.8594169420370579,True
16_slow_02,WALKING__16_slow_02,WALKING,1,1,3.0,5.0,40,Baseline RF - 10 features,1,0.8265941057093962,True
16_slow_02,WALKING__16_slow_02,WALKING,1,2,5.0,7.0,40,Baseline RF - 10 features,1,0.5299869364336756,True
16_slow_02,WALKING__16_slow_02,WALKING,1,3,7.0,9.0,40,Baseline RF - 10 features,1,0.9334484937780925,True
16_slow_02,WALKING__16_slow_02,WALKING,1,4,9.0,11.0,40,Baseline RF - 10 features,1,0.8115297353607415,True
16_slow_02,WALKING__16_slow_02,WALKING,1,5,11.0,13.0,40,Baseline RF - 10 features,1,0.9484413622255297,True
16_slow_02,WALKING__16_slow_02,WALKING,1,6,13.0,15.0,40,Baseline RF - 10 features,1,0.5802144805429894,True
16_slow_02,WALKING__16_slow_02,WALKING,1,7,15.0,17.0,40,Baseline RF - 10 features,1,0.6132477642918727,True
16_slow_02,WALKING__16_slow_02,WALKING,1,8,17.0,19.0,40,Baseline RF - 10 features,1,0.6656908855388175,True
16_slow_02,WALKING__16_slow_02,WALKING,1,9,19.0,21.0,40,Baseline RF - 10 features,1,0.8750819942731863,True
16_slow_02,WALKING__16_slow_02,WALKING,1,10,21.0,23.0,40,Baseline RF - 10 features,1,0.57362740544474,True
16_slow_02,WALKING__16_slow_02,WALKING,1,11,23.0,25.0,40,Baseline RF - 10 features,1,0.8609160001495882,True
16_slow_02,WALKING__16_slow_02,WALKING,1,12,25.0,27.0,40,Baseline RF - 10 features,1,0.9785573355701483,True
16_slow_02,WALKING__16_slow_02,WALKING,1,13,27.0,29.0,40,Baseline RF - 10 features,1,0.683847534352161,True
17_slow_03,WALKING__17_slow_03,WALKING,1,0,1.0,3.0,40,Baseline RF - 10 features,1,0.7224830529993809,True
17_slow_03,WALKING__17_slow_03,WALKING,1,1,3.0,5.0,40,Baseline RF - 10 features,0,0.1808275705219226,False
17_slow_03,WALKING__17_slow_03,WALKING,1,2,5.0,7.0,40,Baseline RF - 10 features,0,0.20861418912104113,False
17_slow_03,WALKING__17_slow_03,WALKING,1,3,7.0,9.0,40,Baseline RF - 10 features,1,0.8290880416088099,True
17_slow_03,WALKING__17_slow_03,WALKING,1,4,9.0,11.0,40,Baseline RF - 10 features,1,0.9109750883797301,True
17_slow_03,WALKING__17_slow_03,WALKING,1,5,11.0,13.0,40,Baseline RF - 10 features,1,0.6669263780066073,True
17_slow_03,WALKING__17_slow_03,WALKING,1,6,13.0,15.0,40,Baseline RF - 10 features,1,0.8292542196879884,True
17_slow_03,WALKING__17_slow_03,WALKING,1,7,15.0,17.0,40,Baseline RF - 10 features,1,0.8986155294746612,True
17_slow_03,WALKING__17_slow_03,WALKING,1,8,17.0,19.0,40,Baseline RF - 10 features,1,0.8133371160439666,True
17_slow_03,WALKING__17_slow_03,WALKING,1,9,19.0,21.0,40,Baseline RF - 10 features,1,0.7837610666885886,True
17_slow_03,WALKING__17_slow_03,WALKING,1,10,21.0,23.0,40,Baseline RF - 10 features,1,0.6674682415294876,True
17_slow_03,WALKING__17_slow_03,WALKING,1,11,23.0,25.0,40,Baseline RF - 10 features,1,0.7622770233110239,True
17_slow_03,WALKING__17_slow_03,WALKING,1,12,25.0,27.0,40,Baseline RF - 10 features,1,0.6307515263066873,True
17_slow_03,WALKING__17_slow_03,WALKING,1,13,27.0,29.0,40,Baseline RF - 10 features,1,0.9778677019380128,True
18_fast_02,WALKING__18_fast_02,WALKING,1,0,1.0,3.0,40,Baseline RF - 10 features,1,0.9830443444090132,True
18_fast_02,WALKING__18_fast_02,WALKING,1,1,3.0,5.0,40,Baseline RF - 10 features,1,0.9876696913185568,True
18_fast_02,WALKING__18_fast_02,WALKING,1,2,5.0,7.0,40,Baseline RF - 10 features,1,0.9604594619909246,True
18_fast_02,WALKING__18_fast_02,WALKING,1,3,7.0,9.0,40,Baseline RF - 10 features,1,0.9330097808902296,True
18_fast_02,WALKING__18_fast_02,WALKING,1,4,9.0,11.0,40,Baseline RF - 10 features,1,0.8422917654837074,True
18_fast_02,WALKING__18_fast_02,WALKING,1,5,11.0,13.0,40,Baseline RF - 10 features,1,0.9492866519354995,True
18_fast_02,WALKING__18_fast_02,WALKING,1,6,13.0,15.0,40,Baseline RF - 10 features,1,0.9431129995012422,True
18_fast_02,WALKING__18_fast_02,WALKING,1,7,15.0,17.0,40,Baseline RF - 10 features,1,0.9828717487232145,True
18_fast_02,WALKING__18_fast_02,WALKING,1,8,17.0,19.0,40,Baseline RF - 10 features,1,0.9627210845127742,True
18_fast_02,WALKING__18_fast_02,WALKING,1,9,19.0,21.0,40,Baseline RF - 10 features,1,0.9831784082358612,True
18_fast_02,WALKING__18_fast_02,WALKING,1,10,21.0,23.0,40,Baseline RF - 10 features,1,0.984113807226444,True
18_fast_02,WALKING__18_fast_02,WALKING,1,11,23.0,25.0,40,Baseline RF - 10 features,1,0.9261954397791492,True
18_fast_02,WALKING__18_fast_02,WALKING,1,12,25.0,27.0,40,Baseline RF - 10 features,1,0.9329197048900897,True
18_fast_02,WALKING__18_fast_02,WALKING,1,13,27.0,29.0,40,Baseline RF - 10 features,1,0.9356564809996807,True
19_fast_03,WALKING__19_fast_03,WALKING,1,0,1.0,3.0,40,Baseline RF - 10 features,1,0.9677118763454697,True
19_fast_03,WALKING__19_fast_03,WALKING,1,1,3.0,5.0,40,Baseline RF - 10 features,1,0.97314060434574,True
19_fast_03,WALKING__19_fast_03,WALKING,1,2,5.0,7.0,40,Baseline RF - 10 features,1,0.9754424992346777,True
19_fast_03,WALKING__19_fast_03,WALKING,1,3,7.0,9.0,40,Baseline RF - 10 features,1,0.9773581261784346,True
19_fast_03,WALKING__19_fast_03,WALKING,1,4,9.0,11.0,40,Baseline RF - 10 features,1,0.9275474217899713,True
19_fast_03,WALKING__19_fast_03,WALKING,1,5,11.0,13.0,40,Baseline RF - 10 features,1,0.9502512123420126,True
19_fast_03,WALKING__19_fast_03,WALKING,1,6,13.0,15.0,40,Baseline RF - 10 features,1,0.9526941274616256,True
19_fast_03,WALKING__19_fast_03,WALKING,1,7,15.0,17.0,40,Baseline RF - 10 features,1,0.9650314402035949,True
19_fast_03,WALKING__19_fast_03,WALKING,1,8,17.0,19.0,40,Baseline RF - 10 features,1,0.8310965303675165,True
19_fast_03,WALKING__19_fast_03,WALKING,1,9,19.0,21.0,40,Baseline RF - 10 features,1,0.9546590428632171,True
19_fast_03,WALKING__19_fast_03,WALKING,1,10,21.0,23.0,40,Baseline RF - 10 features,1,0.9235398079111309,True
19_fast_03,WALKING__19_fast_03,WALKING,1,11,23.0,25.0,40,Baseline RF - 10 features,1,0.9680413484551917,True
19_fast_03,WALKING__19_fast_03,WALKING,1,12,25.0,27.0,40,Baseline RF - 10 features,1,0.8889276666735101,True
19_fast_03,WALKING__19_fast_03,WALKING,1,13,27.0,29.0,40,Baseline RF - 10 features,1,0.9705674810034525,True
20_large_arm_swings_02,WALKING__20_large_arm_swings_02,WALKING,1,0,1.0,3.0,40,Baseline RF - 10 features,1,0.6563861785302092,True
20_large_arm_swings_02,WALKING__20_large_arm_swings_02,WALKING,1,1,3.0,5.0,40,Baseline RF - 10 features,0,0.23349992927314905,False
20_large_arm_swings_02,WALKING__20_large_arm_swings_02,WALKING,1,2,5.0,7.0,40,Baseline RF - 10 features,1,0.847499607952656,True
20_large_arm_swings_02,WALKING__20_large_arm_swings_02,WALKING,1,3,7.0,9.0,40,Baseline RF - 10 features,1,0.6414127673826074,True
20_large_arm_swings_02,WALKING__20_large_arm_swings_02,WALKING,1,4,9.0,11.0,40,Baseline RF - 10 features,1,0.8314608403138718,True
20_large_arm_swings_02,WALKING__20_large_arm_swings_02,WALKING,1,5,11.0,13.0,40,Baseline RF - 10 features,1,0.624805726155898,True
20_large_arm_swings_02,WALKING__20_large_arm_swings_02,WALKING,1,6,13.0,15.0,40,Baseline RF - 10 features,0,0.4306808706141691,False
20_large_arm_swings_02,WALKING__20_large_arm_swings_02,WALKING,1,7,15.0,17.0,40,Baseline RF - 10 features,1,0.809404959366847,True
20_large_arm_swings_02,WALKING__20_large_arm_swings_02,WALKING,1,8,17.0,19.0,40,Baseline RF - 10 features,0,0.10135779816465847,False
20_large_arm_swings_02,WALKING__20_large_arm_swings_02,WALKING,1,9,19.0,21.0,40,Baseline RF - 10 features,1,0.5628148394479958,True
20_large_arm_swings_02,WALKING__20_large_arm_swings_02,WALKING,1,10,21.0,23.0,40,Baseline RF - 10 features,1,0.6353497661757646,True
20_large_arm_swings_02,WALKING__20_large_arm_swings_02,WALKING,1,11,23.0,25.0,40,Baseline RF - 10 features,1,0.5575529803251235,True
20_large_arm_swings_02,WALKING__20_large_arm_swings_02,WALKING,1,12,25.0,27.0,40,Baseline RF - 10 features,1,0.5779568248461371,True
20_large_arm_swings_02,WALKING__20_large_arm_swings_02,WALKING,1,13,27.0,29.0,40,Baseline RF - 10 features,1,0.6896137746342937,True
21_large_arm_swings_03,WALKING__21_large_arm_swings_03,WALKING,1,0,1.0,3.0,40,Baseline RF - 10 features,1,0.7794835183010159,True
21_large_arm_swings_03,WALKING__21_large_arm_swings_03,WALKING,1,1,3.0,5.0,40,Baseline RF - 10 features,1,0.556273798939461,True
21_large_arm_swings_03,WALKING__21_large_arm_swings_03,WALKING,1,2,5.0,7.0,40,Baseline RF - 10 features,1,0.672296391623568,True
21_large_arm_swings_03,WALKING__21_large_arm_swings_03,WALKING,1,3,7.0,9.0,40,Baseline RF - 10 features,1,0.5363441395155815,True
21_large_arm_swings_03,WALKING__21_large_arm_swings_03,WALKING,1,4,9.0,11.0,40,Baseline RF - 10 features,1,0.5982760249884687,True
21_large_arm_swings_03,WALKING__21_large_arm_swings_03,WALKING,1,5,11.0,13.0,40,Baseline RF - 10 features,1,0.5859827758439415,True
21_large_arm_swings_03,WALKING__21_large_arm_swings_03,WALKING,1,6,13.0,15.0,40,Baseline RF - 10 features,1,0.7762254531820533,True
21_large_arm_swings_03,WALKING__21_large_arm_swings_03,WALKING,1,7,15.0,17.0,40,Baseline RF - 10 features,1,0.7905158309600256,True
21_large_arm_swings_03,WALKING__21_large_arm_swings_03,WALKING,1,8,17.0,19.0,40,Baseline RF - 10 features,0,0.2697263345828518,False
21_large_arm_swings_03,WALKING__21_large_arm_swings_03,WALKING,1,9,19.0,21.0,40,Baseline RF - 10 features,0,0.48033876202783526,False
21_large_arm_swings_03,WALKING__21_large_arm_swings_03,WALKING,1,10,21.0,23.0,40,Baseline RF - 10 features,1,0.7424310892554744,True
21_large_arm_swings_03,WALKING__21_large_arm_swings_03,WALKING,1,11,23.0,25.0,40,Baseline RF - 10 features,0,0.44263768506894974,False
21_large_arm_swings_03,WALKING__21_large_arm_swings_03,WALKING,1,12,25.0,27.0,40,Baseline RF - 10 features,1,0.852937568657629,True
21_large_arm_swings_03,WALKING__21_large_arm_swings_03,WALKING,1,13,27.0,29.0,40,Baseline RF - 10 features,1,0.8010877974324351,True
01_normal_walking_cadence,ARM_SWING__01_normal_walking_cadence,ARM_SWING,0,0,1.0,3.0,40,Baseline RF - 10 features,0,0.049496945950586076,True
01_normal_walking_cadence,ARM_SWING__01_normal_walking_cadence,ARM_SWING,0,1,3.0,5.0,40,Baseline RF - 10 features,0,0.030026963489331444,True
01_normal_walking_cadence,ARM_SWING__01_normal_walking_cadence,ARM_SWING,0,2,5.0,7.0,40,Baseline RF - 10 features,0,0.058922326586741194,True
01_normal_walking_cadence,ARM_SWING__01_normal_walking_cadence,ARM_SWING,0,3,7.0,9.0,40,Baseline RF - 10 features,0,0.020163800128844465,True
01_normal_walking_cadence,ARM_SWING__01_normal_walking_cadence,ARM_SWING,0,4,9.0,11.0,40,Baseline RF - 10 features,0,0.024357087560367193,True
01_normal_walking_cadence,ARM_SWING__01_normal_walking_cadence,ARM_SWING,0,5,11.0,13.0,40,Baseline RF - 10 features,0,0.05076910363406312,True
01_normal_walking_cadence,ARM_SWING__01_normal_walking_cadence,ARM_SWING,0,6,13.0,15.0,40,Baseline RF - 10 features,0,0.05442231718439321,True
01_normal_walking_cadence,ARM_SWING__01_normal_walking_cadence,ARM_SWING,0,7,15.0,17.0,40,Baseline RF - 10 features,0,0.12558415097574896,True
01_normal_walking_cadence,ARM_SWING__01_normal_walking_cadence,ARM_SWING,0,8,17.0,19.0,40,Baseline RF - 10 features,0,0.029944112279782643,True
01_normal_walking_cadence,ARM_SWING__01_normal_walking_cadence,ARM_SWING,0,9,19.0,21.0,40,Baseline RF - 10 features,0,0.008591645729571428,True
01_normal_walking_cadence,ARM_SWING__01_normal_walking_cadence,ARM_SWING,0,10,21.0,23.0,40,Baseline RF - 10 features,0,0.0,True
01_normal_walking_cadence,ARM_SWING__01_normal_walking_cadence,ARM_SWING,0,11,23.0,25.0,40,Baseline RF - 10 features,0,0.004,True
01_normal_walking_cadence,ARM_SWING__01_normal_walking_cadence,ARM_SWING,0,12,25.0,27.0,40,Baseline RF - 10 features,0,0.048006843930063756,True
01_normal_walking_cadence,ARM_SWING__01_normal_walking_cadence,ARM_SWING,0,13,27.0,29.0,40,Baseline RF - 10 features,0,0.06424658023556913,True
02_slow_cadence,ARM_SWING__02_slow_cadence,ARM_SWING,0,0,1.0,3.0,40,Baseline RF - 10 features,0,0.052799007876983085,True
02_slow_cadence,ARM_SWING__02_slow_cadence,ARM_SWING,0,1,3.0,5.0,40,Baseline RF - 10 features,0,0.06652834104381626,True
02_slow_cadence,ARM_SWING__02_slow_cadence,ARM_SWING,0,2,5.0,7.0,40,Baseline RF - 10 features,0,0.03696309451803208,True
02_slow_cadence,ARM_SWING__02_slow_cadence,ARM_SWING,0,3,7.0,9.0,40,Baseline RF - 10 features,0,0.26784379874517905,True
02_slow_cadence,ARM_SWING__02_slow_cadence,ARM_SWING,0,4,9.0,11.0,40,Baseline RF - 10 features,0,0.027527638878597955,True
02_slow_cadence,ARM_SWING__02_slow_cadence,ARM_SWING,0,5,11.0,13.0,40,Baseline RF - 10 features,0,0.416338524386495,True
02_slow_cadence,ARM_SWING__02_slow_cadence,ARM_SWING,0,6,13.0,15.0,40,Baseline RF - 10 features,0,0.13491111994791868,True
02_slow_cadence,ARM_SWING__02_slow_cadence,ARM_SWING,0,7,15.0,17.0,40,Baseline RF - 10 features,0,0.10882814620994112,True
02_slow_cadence,ARM_SWING__02_slow_cadence,ARM_SWING,0,8,17.0,19.0,40,Baseline RF - 10 features,1,0.5557188564644261,False
02_slow_cadence,ARM_SWING__02_slow_cadence,ARM_SWING,0,9,19.0,21.0,40,Baseline RF - 10 features,0,0.13967857404388725,True
02_slow_cadence,ARM_SWING__02_slow_cadence,ARM_SWING,0,10,21.0,23.0,40,Baseline RF - 10 features,0,0.040625919853895055,True
02_slow_cadence,ARM_SWING__02_slow_cadence,ARM_SWING,0,11,23.0,25.0,40,Baseline RF - 10 features,0,0.0,True
02_slow_cadence,ARM_SWING__02_slow_cadence,ARM_SWING,0,12,25.0,27.0,40,Baseline RF - 10 features,0,0.06766883934479843,True
02_slow_cadence,ARM_SWING__02_slow_cadence,ARM_SWING,0,13,27.0,29.0,40,Baseline RF - 10 features,0,0.0682908361624825,True
03_fast_cadence,ARM_SWING__03_fast_cadence,ARM_SWING,0,0,1.0,3.0,40,Baseline RF - 10 features,1,0.6231565985418498,False
03_fast_cadence,ARM_SWING__03_fast_cadence,ARM_SWING,0,1,3.0,5.0,40,Baseline RF - 10 features,1,0.7917412804110913,False
03_fast_cadence,ARM_SWING__03_fast_cadence,ARM_SWING,0,2,5.0,7.0,40,Baseline RF - 10 features,1,0.879030533283606,False
03_fast_cadence,ARM_SWING__03_fast_cadence,ARM_SWING,0,3,7.0,9.0,40,Baseline RF - 10 features,0,0.49378249722329853,True
03_fast_cadence,ARM_SWING__03_fast_cadence,ARM_SWING,0,4,9.0,11.0,40,Baseline RF - 10 features,1,0.8544373176586827,False
03_fast_cadence,ARM_SWING__03_fast_cadence,ARM_SWING,0,5,11.0,13.0,40,Baseline RF - 10 features,0,0.09763409108727411,True
03_fast_cadence,ARM_SWING__03_fast_cadence,ARM_SWING,0,6,13.0,15.0,40,Baseline RF - 10 features,1,0.7145514180935523,False
03_fast_cadence,ARM_SWING__03_fast_cadence,ARM_SWING,0,7,15.0,17.0,40,Baseline RF - 10 features,1,0.6447172679327688,False
03_fast_cadence,ARM_SWING__03_fast_cadence,ARM_SWING,0,8,17.0,19.0,40,Baseline RF - 10 features,1,0.5183790264032128,False
03_fast_cadence,ARM_SWING__03_fast_cadence,ARM_SWING,0,9,19.0,21.0,40,Baseline RF - 10 features,1,0.773969398727581,False
03_fast_cadence,ARM_SWING__03_fast_cadence,ARM_SWING,0,10,21.0,23.0,40,Baseline RF - 10 features,1,0.7509473171157028,False
03_fast_cadence,ARM_SWING__03_fast_cadence,ARM_SWING,0,11,23.0,25.0,40,Baseline RF - 10 features,0,0.4748442775448667,True
03_fast_cadence,ARM_SWING__03_fast_cadence,ARM_SWING,0,12,25.0,27.0,40,Baseline RF - 10 features,1,0.8692318309932678,False
03_fast_cadence,ARM_SWING__03_fast_cadence,ARM_SWING,0,13,27.0,29.0,40,Baseline RF - 10 features,1,0.5139889010400234,False
04_small_swing,ARM_SWING__04_small_swing,ARM_SWING,0,0,1.0,3.0,40,Baseline RF - 10 features,0,0.0,True
04_small_swing,ARM_SWING__04_small_swing,ARM_SWING,0,1,3.0,5.0,40,Baseline RF - 10 features,0,0.046241269841269826,True
04_small_swing,ARM_SWING__04_small_swing,ARM_SWING,0,2,5.0,7.0,40,Baseline RF - 10 features,0,0.008509523809523809,True
04_small_swing,ARM_SWING__04_small_swing,ARM_SWING,0,3,7.0,9.0,40,Baseline RF - 10 features,0,0.0,True
04_small_swing,ARM_SWING__04_small_swing,ARM_SWING,0,4,9.0,11.0,40,Baseline RF - 10 features,0,0.0,True
04_small_swing,ARM_SWING__04_small_swing,ARM_SWING,0,5,11.0,13.0,40,Baseline RF - 10 features,0,0.005209523809523809,True
04_small_swing,ARM_SWING__04_small_swing,ARM_SWING,0,6,13.0,15.0,40,Baseline RF - 10 features,0,0.005709523809523808,True
04_small_swing,ARM_SWING__04_small_swing,ARM_SWING,0,7,15.0,17.0,40,Baseline RF - 10 features,0,0.0,True
04_small_swing,ARM_SWING__04_small_swing,ARM_SWING,0,8,17.0,19.0,40,Baseline RF - 10 features,0,0.02088730158730159,True
04_small_swing,ARM_SWING__04_small_swing,ARM_SWING,0,9,19.0,21.0,40,Baseline RF - 10 features,0,0.0037095238095238093,True
04_small_swing,ARM_SWING__04_small_swing,ARM_SWING,0,10,21.0,23.0,40,Baseline RF - 10 features,0,0.0050428571428571415,True
04_small_swing,ARM_SWING__04_small_swing,ARM_SWING,0,11,23.0,25.0,40,Baseline RF - 10 features,0,0.0037095238095238093,True
04_small_swing,ARM_SWING__04_small_swing,ARM_SWING,0,12,25.0,27.0,40,Baseline RF - 10 features,0,0.0037095238095238093,True
04_small_swing,ARM_SWING__04_small_swing,ARM_SWING,0,13,27.0,29.0,40,Baseline RF - 10 features,0,0.008876190476190475,True
05_large_swing,ARM_SWING__05_large_swing,ARM_SWING,0,0,1.0,3.0,40,Baseline RF - 10 features,1,0.6569109640140084,False
05_large_swing,ARM_SWING__05_large_swing,ARM_SWING,0,1,3.0,5.0,40,Baseline RF - 10 features,1,0.8309438046576346,False
05_large_swing,ARM_SWING__05_large_swing,ARM_SWING,0,2,5.0,7.0,40,Baseline RF - 10 features,1,0.7980526200660896,False
05_large_swing,ARM_SWING__05_large_swing,ARM_SWING,0,3,7.0,9.0,40,Baseline RF - 10 features,0,0.4617882591158834,True
05_large_swing,ARM_SWING__05_large_swing,ARM_SWING,0,4,9.0,11.0,40,Baseline RF - 10 features,1,0.9359655071517665,False
05_large_swing,ARM_SWING__05_large_swing,ARM_SWING,0,5,11.0,13.0,40,Baseline RF - 10 features,1,0.8771503054433174,False
05_large_swing,ARM_SWING__05_large_swing,ARM_SWING,0,6,13.0,15.0,40,Baseline RF - 10 features,1,0.9679832466502054,False
05_large_swing,ARM_SWING__05_large_swing,ARM_SWING,0,7,15.0,17.0,40,Baseline RF - 10 features,1,0.8224948451537056,False
05_large_swing,ARM_SWING__05_large_swing,ARM_SWING,0,8,17.0,19.0,40,Baseline RF - 10 features,1,0.9574012765026904,False
05_large_swing,ARM_SWING__05_large_swing,ARM_SWING,0,9,19.0,21.0,40,Baseline RF - 10 features,1,0.9690285458587615,False
05_large_swing,ARM_SWING__05_large_swing,ARM_SWING,0,10,21.0,23.0,40,Baseline RF - 10 features,1,0.918619104029706,False
05_large_swing,ARM_SWING__05_large_swing,ARM_SWING,0,11,23.0,25.0,40,Baseline RF - 10 features,1,0.6365597164557943,False
05_large_swing,ARM_SWING__05_large_swing,ARM_SWING,0,12,25.0,27.0,40,Baseline RF - 10 features,1,0.9698918013367609,False
05_large_swing,ARM_SWING__05_large_swing,ARM_SWING,0,13,27.0,29.0,40,Baseline RF - 10 features,1,0.9477012357704758,False
06_relaxed_swing,ARM_SWING__06_relaxed_swing,ARM_SWING,0,0,1.0,3.0,40,Baseline RF - 10 features,0,0.0,True
06_relaxed_swing,ARM_SWING__06_relaxed_swing,ARM_SWING,0,1,3.0,5.0,40,Baseline RF - 10 features,0,0.002,True
06_relaxed_swing,ARM_SWING__06_relaxed_swing,ARM_SWING,0,2,5.0,7.0,40,Baseline RF - 10 features,0,0.004033898305084746,True
06_relaxed_swing,ARM_SWING__06_relaxed_swing,ARM_SWING,0,3,7.0,9.0,40,Baseline RF - 10 features,0,0.003666666666666666,True
06_relaxed_swing,ARM_SWING__06_relaxed_swing,ARM_SWING,0,4,9.0,11.0,40,Baseline RF - 10 features,0,0.0015975346687211094,True
06_relaxed_swing,ARM_SWING__06_relaxed_swing,ARM_SWING,0,5,11.0,13.0,40,Baseline RF - 10 features,0,0.002033898305084746,True
06_relaxed_swing,ARM_SWING__06_relaxed_swing,ARM_SWING,0,6,13.0,15.0,40,Baseline RF - 10 features,0,0.0,True
06_relaxed_swing,ARM_SWING__06_relaxed_swing,ARM_SWING,0,7,15.0,17.0,40,Baseline RF - 10 features,0,0.0011666666666666665,True
06_relaxed_swing,ARM_SWING__06_relaxed_swing,ARM_SWING,0,8,17.0,19.0,40,Baseline RF - 10 features,0,0.0,True
06_relaxed_swing,ARM_SWING__06_relaxed_swing,ARM_SWING,0,9,19.0,21.0,40,Baseline RF - 10 features,0,3.389830508474576e-05,True
06_relaxed_swing,ARM_SWING__06_relaxed_swing,ARM_SWING,0,10,21.0,23.0,40,Baseline RF - 10 features,0,3.389830508474576e-05,True
06_relaxed_swing,ARM_SWING__06_relaxed_swing,ARM_SWING,0,11,23.0,25.0,40,Baseline RF - 10 features,0,3.389830508474576e-05,True
06_relaxed_swing,ARM_SWING__06_relaxed_swing,ARM_SWING,0,12,25.0,27.0,40,Baseline RF - 10 features,0,0.002033898305084746,True
06_relaxed_swing,ARM_SWING__06_relaxed_swing,ARM_SWING,0,13,27.0,29.0,40,Baseline RF - 10 features,0,0.0011666666666666665,True
07_irregular_swing,ARM_SWING__07_irregular_swing,ARM_SWING,0,0,1.0,3.0,40,Baseline RF - 10 features,0,0.2580621782658209,True
07_irregular_swing,ARM_SWING__07_irregular_swing,ARM_SWING,0,1,3.0,5.0,40,Baseline RF - 10 features,0,0.3237061733556643,True
07_irregular_swing,ARM_SWING__07_irregular_swing,ARM_SWING,0,2,5.0,7.0,40,Baseline RF - 10 features,0,0.1518610485153408,True
07_irregular_swing,ARM_SWING__07_irregular_swing,ARM_SWING,0,3,7.0,9.0,40,Baseline RF - 10 features,0,0.16822064474906548,True
07_irregular_swing,ARM_SWING__07_irregular_swing,ARM_SWING,0,4,9.0,11.0,40,Baseline RF - 10 features,0,0.033305216297423154,True
07_irregular_swing,ARM_SWING__07_irregular_swing,ARM_SWING,0,5,11.0,13.0,40,Baseline RF - 10 features,0,0.31781064622368616,True
07_irregular_swing,ARM_SWING__07_irregular_swing,ARM_SWING,0,6,13.0,15.0,40,Baseline RF - 10 features,0,0.2678134098075663,True
07_irregular_swing,ARM_SWING__07_irregular_swing,ARM_SWING,0,7,15.0,17.0,40,Baseline RF - 10 features,0,0.08701662166379762,True
07_irregular_swing,ARM_SWING__07_irregular_swing,ARM_SWING,0,8,17.0,19.0,40,Baseline RF - 10 features,0,0.021278227812324982,True
07_irregular_swing,ARM_SWING__07_irregular_swing,ARM_SWING,0,9,19.0,21.0,40,Baseline RF - 10 features,0,0.02001777139064863,True
07_irregular_swing,ARM_SWING__07_irregular_swing,ARM_SWING,0,10,21.0,23.0,40,Baseline RF - 10 features,0,0.0018333333333333333,True
07_irregular_swing,ARM_SWING__07_irregular_swing,ARM_SWING,0,11,23.0,25.0,40,Baseline RF - 10 features,0,0.0,True
07_irregular_swing,ARM_SWING__07_irregular_swing,ARM_SWING,0,12,25.0,27.0,40,Baseline RF - 10 features,0,0.0,True
07_irregular_swing,ARM_SWING__07_irregular_swing,ARM_SWING,0,13,27.0,29.0,40,Baseline RF - 10 features,0,0.003701149425287356,True
08_very_walking-like,ARM_SWING__08_very_walking-like,ARM_SWING,0,0,1.0,3.0,40,Baseline RF - 10 features,0,0.2278974400416659,True
08_very_walking-like,ARM_SWING__08_very_walking-like,ARM_SWING,0,1,3.0,5.0,40,Baseline RF - 10 features,0,0.2569259374598914,True
08_very_walking-like,ARM_SWING__08_very_walking-like,ARM_SWING,0,2,5.0,7.0,40,Baseline RF - 10 features,0,0.20769654611692054,True
08_very_walking-like,ARM_SWING__08_very_walking-like,ARM_SWING,0,3,7.0,9.0,40,Baseline RF - 10 features,0,0.11071490733345969,True
08_very_walking-like,ARM_SWING__08_very_walking-like,ARM_SWING,0,4,9.0,11.0,40,Baseline RF - 10 features,0,0.09949634525946278,True
08_very_walking-like,ARM_SWING__08_very_walking-like,ARM_SWING,0,5,11.0,13.0,40,Baseline RF - 10 features,0,0.08784691993712614,True
08_very_walking-like,ARM_SWING__08_very_walking-like,ARM_SWING,0,6,13.0,15.0,40,Baseline RF - 10 features,0,0.06530845270198211,True
08_very_walking-like,ARM_SWING__08_very_walking-like,ARM_SWING,0,7,15.0,17.0,40,Baseline RF - 10 features,0,0.07267342500788138,True
08_very_walking-like,ARM_SWING__08_very_walking-like,ARM_SWING,0,8,17.0,19.0,40,Baseline RF - 10 features,0,0.15005631436091296,True
08_very_walking-like,ARM_SWING__08_very_walking-like,ARM_SWING,0,9,19.0,21.0,40,Baseline RF - 10 features,1,0.6204155803493554,False
08_very_walking-like,ARM_SWING__08_very_walking-like,ARM_SWING,0,10,21.0,23.0,40,Baseline RF - 10 features,0,0.29169132780856183,True
08_very_walking-like,ARM_SWING__08_very_walking-like,ARM_SWING,0,11,23.0,25.0,40,Baseline RF - 10 features,1,0.508226861758618,False
08_very_walking-like,ARM_SWING__08_very_walking-like,ARM_SWING,0,12,25.0,27.0,40,Baseline RF - 10 features,0,0.04625512553798186,True
08_very_walking-like,ARM_SWING__08_very_walking-like,ARM_SWING,0,13,27.0,29.0,40,Baseline RF - 10 features,0,0.12540161777880784,True
09_very_walking-like,ARM_SWING__09_very_walking-like,ARM_SWING,0,0,1.0,3.0,40,Baseline RF - 10 features,0,0.42063587220698073,True
09_very_walking-like,ARM_SWING__09_very_walking-like,ARM_SWING,0,1,3.0,5.0,40,Baseline RF - 10 features,0,0.010588055836992008,True
09_very_walking-like,ARM_SWING__09_very_walking-like,ARM_SWING,0,2,5.0,7.0,40,Baseline RF - 10 features,0,0.06982272322957607,True
09_very_walking-like,ARM_SWING__09_very_walking-like,ARM_SWING,0,3,7.0,9.0,40,Baseline RF - 10 features,0,0.0058166272655634345,True
09_very_walking-like,ARM_SWING__09_very_walking-like,ARM_SWING,0,4,9.0,11.0,40,Baseline RF - 10 features,0,0.02310824166574652,True
09_very_walking-like,ARM_SWING__09_very_walking-like,ARM_SWING,0,5,11.0,13.0,40,Baseline RF - 10 features,0,0.003683293932230102,True
09_very_walking-like,ARM_SWING__09_very_walking-like,ARM_SWING,0,6,13.0,15.0,40,Baseline RF - 10 features,0,0.007046339325655242,True
09_very_walking-like,ARM_SWING__09_very_walking-like,ARM_SWING,0,7,15.0,17.0,40,Baseline RF - 10 features,0,0.0032781657271018973,True
09_very_walking-like,ARM_SWING__09_very_walking-like,ARM_SWING,0,8,17.0,19.0,40,Baseline RF - 10 features,0,0.006232723863103609,True
09_very_walking-like,ARM_SWING__09_very_walking-like,ARM_SWING,0,9,19.0,21.0,40,Baseline RF - 10 features,0,0.0050407407407407415,True
09_very_walking-like,ARM_SWING__09_very_walking-like,ARM_SWING,0,10,21.0,23.0,40,Baseline RF - 10 features,0,0.05120008928842959,True
09_very_walking-like,ARM_SWING__09_very_walking-like,ARM_SWING,0,11,23.0,25.0,40,Baseline RF - 10 features,0,0.002565122248841028,True
09_very_walking-like,ARM_SWING__09_very_walking-like,ARM_SWING,0,12,25.0,27.0,40,Baseline RF - 10 features,0,0.09107260350623149,True
09_very_walking-like,ARM_SWING__09_very_walking-like,ARM_SWING,0,13,27.0,29.0,40,Baseline RF - 10 features,0,0.005486347051509407,True
10_very_walking-like,ARM_SWING__10_very_walking-like,ARM_SWING,0,0,1.0,3.0,40,Baseline RF - 10 features,0,0.0066418375063244705,True
10_very_walking-like,ARM_SWING__10_very_walking-like,ARM_SWING,0,1,3.0,5.0,40,Baseline RF - 10 features,0,0.07130546209755914,True
10_very_walking-like,ARM_SWING__10_very_walking-like,ARM_SWING,0,2,5.0,7.0,40,Baseline RF - 10 features,0,0.018256333417394965,True
10_very_walking-like,ARM_SWING__10_very_walking-like,ARM_SWING,0,3,7.0,9.0,40,Baseline RF - 10 features,0,0.005181123932826719,True
10_very_walking-like,ARM_SWING__10_very_walking-like,ARM_SWING,0,4,9.0,11.0,40,Baseline RF - 10 features,0,0.00422895252895253,True
10_very_walking-like,ARM_SWING__10_very_walking-like,ARM_SWING,0,5,11.0,13.0,40,Baseline RF - 10 features,0,0.02173090720308668,True
10_very_walking-like,ARM_SWING__10_very_walking-like,ARM_SWING,0,6,13.0,15.0,40,Baseline RF - 10 features,0,0.004357523957523957,True
10_very_walking-like,ARM_SWING__10_very_walking-like,ARM_SWING,0,7,15.0,17.0,40,Baseline RF - 10 features,0,0.006108627325700496,True
10_very_walking-like,ARM_SWING__10_very_walking-like,ARM_SWING,0,8,17.0,19.0,40,Baseline RF - 10 features,0,0.01835276379464802,True
10_very_walking-like,ARM_SWING__10_very_walking-like,ARM_SWING,0,9,19.0,21.0,40,Baseline RF - 10 features,0,0.0366050291324089,True
10_very_walking-like,ARM_SWING__10_very_walking-like,ARM_SWING,0,10,21.0,23.0,40,Baseline RF - 10 features,0,0.006713266077753042,True
10_very_walking-like,ARM_SWING__10_very_walking-like,ARM_SWING,0,11,23.0,25.0,40,Baseline RF - 10 features,0,0.004482227301003258,True
10_very_walking-like,ARM_SWING__10_very_walking-like,ARM_SWING,0,12,25.0,27.0,40,Baseline RF - 10 features,0,0.009462162709576503,True
10_very_walking-like,ARM_SWING__10_very_walking-like,ARM_SWING,0,13,27.0,29.0,40,Baseline RF - 10 features,0,0.0035655606343365912,True
11_walking_like_torso_bounce,ARM_SWING__11_walking_like_torso_bounce,ARM_SWING,0,0,1.0,3.0,40,Baseline RF - 10 features,0,0.2966139788722921,True
11_walking_like_torso_bounce,ARM_SWING__11_walking_like_torso_bounce,ARM_SWING,0,1,3.0,5.0,40,Baseline RF - 10 features,0,0.023288776365228983,True
11_walking_like_torso_bounce,ARM_SWING__11_walking_like_torso_bounce,ARM_SWING,0,2,5.0,7.0,40,Baseline RF - 10 features,0,0.004416666666666666,True
11_walking_like_torso_bounce,ARM_SWING__11_walking_like_torso_bounce,ARM_SWING,0,3,7.0,9.0,40,Baseline RF - 10 features,0,0.0095,True
11_walking_like_torso_bounce,ARM_SWING__11_walking_like_torso_bounce,ARM_SWING,0,4,9.0,11.0,40,Baseline RF - 10 features,0,0.009519429590017826,True
11_walking_like_torso_bounce,ARM_SWING__11_walking_like_torso_bounce,ARM_SWING,0,5,11.0,13.0,40,Baseline RF - 10 features,0,0.08703541498679984,True
11_walking_like_torso_bounce,ARM_SWING__11_walking_like_torso_bounce,ARM_SWING,0,6,13.0,15.0,40,Baseline RF - 10 features,0,0.08663632765523993,True
11_walking_like_torso_bounce,ARM_SWING__11_walking_like_torso_bounce,ARM_SWING,0,7,15.0,17.0,40,Baseline RF - 10 features,0,0.23140223840442212,True
11_walking_like_torso_bounce,ARM_SWING__11_walking_like_torso_bounce,ARM_SWING,0,8,17.0,19.0,40,Baseline RF - 10 features,1,0.5291511821122906,False
11_walking_like_torso_bounce,ARM_SWING__11_walking_like_torso_bounce,ARM_SWING,0,9,19.0,21.0,40,Baseline RF - 10 features,0,0.11135356645581056,True
11_walking_like_torso_bounce,ARM_SWING__11_walking_like_torso_bounce,ARM_SWING,0,10,21.0,23.0,40,Baseline RF - 10 features,0,0.06264460469494113,True
11_walking_like_torso_bounce,ARM_SWING__11_walking_like_torso_bounce,ARM_SWING,0,11,23.0,25.0,40,Baseline RF - 10 features,0,0.10929672854818967,True
11_walking_like_torso_bounce,ARM_SWING__11_walking_like_torso_bounce,ARM_SWING,0,12,25.0,27.0,40,Baseline RF - 10 features,0,0.13816301993363495,True
11_walking_like_torso_bounce,ARM_SWING__11_walking_like_torso_bounce,ARM_SWING,0,13,27.0,29.0,40,Baseline RF - 10 features,0,0.11738320594501737,True
12_walking_like_knee_bend,ARM_SWING__12_walking_like_knee_bend,ARM_SWING,0,0,1.0,3.0,40,Baseline RF - 10 features,1,0.5486894931652174,False
12_walking_like_knee_bend,ARM_SWING__12_walking_like_knee_bend,ARM_SWING,0,1,3.0,5.0,40,Baseline RF - 10 features,0,0.0444781512605042,True
12_walking_like_knee_bend,ARM_SWING__12_walking_like_knee_bend,ARM_SWING,0,2,5.0,7.0,40,Baseline RF - 10 features,0,0.041966666666666666,True
12_walking_like_knee_bend,ARM_SWING__12_walking_like_knee_bend,ARM_SWING,0,3,7.0,9.0,40,Baseline RF - 10 features,0,0.08645079365079368,True
12_walking_like_knee_bend,ARM_SWING__12_walking_like_knee_bend,ARM_SWING,0,4,9.0,11.0,40,Baseline RF - 10 features,0,0.0053760348583878,True
12_walking_like_knee_bend,ARM_SWING__12_walking_like_knee_bend,ARM_SWING,0,5,11.0,13.0,40,Baseline RF - 10 features,1,0.7556873736863702,False
12_walking_like_knee_bend,ARM_SWING__12_walking_like_knee_bend,ARM_SWING,0,6,13.0,15.0,40,Baseline RF - 10 features,0,0.06019237180466632,True
12_walking_like_knee_bend,ARM_SWING__12_walking_like_knee_bend,ARM_SWING,0,7,15.0,17.0,40,Baseline RF - 10 features,0,0.1091877814691768,True
12_walking_like_knee_bend,ARM_SWING__12_walking_like_knee_bend,ARM_SWING,0,8,17.0,19.0,40,Baseline RF - 10 features,0,0.04009047619047618,True
12_walking_like_knee_bend,ARM_SWING__12_walking_like_knee_bend,ARM_SWING,0,9,19.0,21.0,40,Baseline RF - 10 features,0,0.07541272399098843,True
12_walking_like_knee_bend,ARM_SWING__12_walking_like_knee_bend,ARM_SWING,0,10,21.0,23.0,40,Baseline RF - 10 features,0,0.040799999999999996,True
12_walking_like_knee_bend,ARM_SWING__12_walking_like_knee_bend,ARM_SWING,0,11,23.0,25.0,40,Baseline RF - 10 features,0,0.03258510183101332,True
12_walking_like_knee_bend,ARM_SWING__12_walking_like_knee_bend,ARM_SWING,0,12,25.0,27.0,40,Baseline RF - 10 features,1,0.6749292148452526,False
12_walking_like_knee_bend,ARM_SWING__12_walking_like_knee_bend,ARM_SWING,0,13,27.0,29.0,40,Baseline RF - 10 features,0,0.14991704014939305,True
13_walking_like_weight_shift,ARM_SWING__13_walking_like_weight_shift,ARM_SWING,0,0,1.0,3.0,40,Baseline RF - 10 features,0,0.0037656740996642474,True
13_walking_like_weight_shift,ARM_SWING__13_walking_like_weight_shift,ARM_SWING,0,1,3.0,5.0,40,Baseline RF - 10 features,0,0.011178972536517808,True
13_walking_like_weight_shift,ARM_SWING__13_walking_like_weight_shift,ARM_SWING,0,2,5.0,7.0,40,Baseline RF - 10 features,0,0.023477055575331435,True
13_walking_like_weight_shift,ARM_SWING__13_walking_like_weight_shift,ARM_SWING,0,3,7.0,9.0,40,Baseline RF - 10 features,0,0.0016666666666666666,True
13_walking_like_weight_shift,ARM_SWING__13_walking_like_weight_shift,ARM_SWING,0,4,9.0,11.0,40,Baseline RF - 10 features,0,0.022930723682989356,True
13_walking_like_weight_shift,ARM_SWING__13_walking_like_weight_shift,ARM_SWING,0,5,11.0,13.0,40,Baseline RF - 10 features,0,0.0012689655172413792,True
13_walking_like_weight_shift,ARM_SWING__13_walking_like_weight_shift,ARM_SWING,0,6,13.0,15.0,40,Baseline RF - 10 features,0,0.007576028341695508,True
13_walking_like_weight_shift,ARM_SWING__13_walking_like_weight_shift,ARM_SWING,0,7,15.0,17.0,40,Baseline RF - 10 features,0,0.0012381562099871958,True
13_walking_like_weight_shift,ARM_SWING__13_walking_like_weight_shift,ARM_SWING,0,8,17.0,19.0,40,Baseline RF - 10 features,0,0.002658191106466968,True
13_walking_like_weight_shift,ARM_SWING__13_walking_like_weight_shift,ARM_SWING,0,9,19.0,21.0,40,Baseline RF - 10 features,0,0.009906409554685415,True
13_walking_like_weight_shift,ARM_SWING__13_walking_like_weight_shift,ARM_SWING,0,10,21.0,23.0,40,Baseline RF - 10 features,0,0.0,True
13_walking_like_weight_shift,ARM_SWING__13_walking_like_weight_shift,ARM_SWING,0,11,23.0,25.0,40,Baseline RF - 10 features,0,0.0013640303358613216,True
13_walking_like_weight_shift,ARM_SWING__13_walking_like_weight_shift,ARM_SWING,0,12,25.0,27.0,40,Baseline RF - 10 features,0,0.01069921674749261,True
13_walking_like_weight_shift,ARM_SWING__13_walking_like_weight_shift,ARM_SWING,0,13,27.0,29.0,40,Baseline RF - 10 features,0,0.03045946152572501,True
14_small_natural_swing,ARM_SWING__14_small_natural_swing,ARM_SWING,0,0,1.0,3.0,40,Baseline RF - 10 features,0,0.0013333333333333333,True
14_small_natural_swing,ARM_SWING__14_small_natural_swing,ARM_SWING,0,1,3.0,5.0,40,Baseline RF - 10 features,0,0.0013333333333333333,True
14_small_natural_swing,ARM_SWING__14_small_natural_swing,ARM_SWING,0,2,5.0,7.0,40,Baseline RF - 10 features,0,0.015133333333333334,True
14_small_natural_swing,ARM_SWING__14_small_natural_swing,ARM_SWING,0,3,7.0,9.0,40,Baseline RF - 10 features,0,0.0013333333333333333,True
14_small_natural_swing,ARM_SWING__14_small_natural_swing,ARM_SWING,0,4,9.0,11.0,40,Baseline RF - 10 features,0,0.0013333333333333333,True
14_small_natural_swing,ARM_SWING__14_small_natural_swing,ARM_SWING,0,5,11.0,13.0,40,Baseline RF - 10 features,0,0.0013333333333333333,True
14_small_natural_swing,ARM_SWING__14_small_natural_swing,ARM_SWING,0,6,13.0,15.0,40,Baseline RF - 10 features,0,0.08266666666666665,True
14_small_natural_swing,ARM_SWING__14_small_natural_swing,ARM_SWING,0,7,15.0,17.0,40,Baseline RF - 10 features,0,0.009833333333333333,True
14_small_natural_swing,ARM_SWING__14_small_natural_swing,ARM_SWING,0,8,17.0,19.0,40,Baseline RF - 10 features,0,0.0013333333333333333,True
14_small_natural_swing,ARM_SWING__14_small_natural_swing,ARM_SWING,0,9,19.0,21.0,40,Baseline RF - 10 features,0,0.07756666666666666,True
14_small_natural_swing,ARM_SWING__14_small_natural_swing,ARM_SWING,0,10,21.0,23.0,40,Baseline RF - 10 features,0,0.0013333333333333333,True
14_small_natural_swing,ARM_SWING__14_small_natural_swing,ARM_SWING,0,11,23.0,25.0,40,Baseline RF - 10 features,0,0.0013333333333333333,True
14_small_natural_swing,ARM_SWING__14_small_natural_swing,ARM_SWING,0,12,25.0,27.0,40,Baseline RF - 10 features,0,0.0013333333333333333,True
14_small_natural_swing,ARM_SWING__14_small_natural_swing,ARM_SWING,0,13,27.0,29.0,40,Baseline RF - 10 features,0,0.0013333333333333333,True
15_slow_cadence_02,ARM_SWING__15_slow_cadence_02,ARM_SWING,0,0,1.0,3.0,40,Baseline RF - 10 features,0,0.01564932637789415,True
15_slow_cadence_02,ARM_SWING__15_slow_cadence_02,ARM_SWING,0,1,3.0,5.0,40,Baseline RF - 10 features,0,0.02549840775303443,True
15_slow_cadence_02,ARM_SWING__15_slow_cadence_02,ARM_SWING,0,2,5.0,7.0,40,Baseline RF - 10 features,0,0.02079564191420969,True
15_slow_cadence_02,ARM_SWING__15_slow_cadence_02,ARM_SWING,0,3,7.0,9.0,40,Baseline RF - 10 features,0,0.03646370914110046,True
15_slow_cadence_02,ARM_SWING__15_slow_cadence_02,ARM_SWING,0,4,9.0,11.0,40,Baseline RF - 10 features,0,0.007274871794871795,True
15_slow_cadence_02,ARM_SWING__15_slow_cadence_02,ARM_SWING,0,5,11.0,13.0,40,Baseline RF - 10 features,0,0.018000172938740715,True
15_slow_cadence_02,ARM_SWING__15_slow_cadence_02,ARM_SWING,0,6,13.0,15.0,40,Baseline RF - 10 features,0,0.0,True
15_slow_cadence_02,ARM_SWING__15_slow_cadence_02,ARM_SWING,0,7,15.0,17.0,40,Baseline RF - 10 features,0,0.0017948717948717947,True
15_slow_cadence_02,ARM_SWING__15_slow_cadence_02,ARM_SWING,0,8,17.0,19.0,40,Baseline RF - 10 features,0,0.010076190476190476,True
15_slow_cadence_02,ARM_SWING__15_slow_cadence_02,ARM_SWING,0,9,19.0,21.0,40,Baseline RF - 10 features,0,0.0019333333333333333,True
15_slow_cadence_02,ARM_SWING__15_slow_cadence_02,ARM_SWING,0,10,21.0,23.0,40,Baseline RF - 10 features,0,0.0492904623878537,True
15_slow_cadence_02,ARM_SWING__15_slow_cadence_02,ARM_SWING,0,11,23.0,25.0,40,Baseline RF - 10 features,0,0.000794871794871795,True
15_slow_cadence_02,ARM_SWING__15_slow_cadence_02,ARM_SWING,0,12,25.0,27.0,40,Baseline RF - 10 features,0,0.0,True
15_slow_cadence_02,ARM_SWING__15_slow_cadence_02,ARM_SWING,0,13,27.0,29.0,40,Baseline RF - 10 features,0,0.0,True
16_slow_cadence_03,ARM_SWING__16_slow_cadence_03,ARM_SWING,0,0,1.0,3.0,40,Baseline RF - 10 features,0,0.0020166272655634354,True
16_slow_cadence_03,ARM_SWING__16_slow_cadence_03,ARM_SWING,0,1,3.0,5.0,40,Baseline RF - 10 features,0,0.00011662726556343578,True
16_slow_cadence_03,ARM_SWING__16_slow_cadence_03,ARM_SWING,0,2,5.0,7.0,40,Baseline RF - 10 features,0,0.0010425531914893618,True
16_slow_cadence_03,ARM_SWING__16_slow_cadence_03,ARM_SWING,0,3,7.0,9.0,40,Baseline RF - 10 features,0,0.00385,True
16_slow_cadence_03,ARM_SWING__16_slow_cadence_03,ARM_SWING,0,4,9.0,11.0,40,Baseline RF - 10 features,0,4.2553191489361704e-05,True
16_slow_cadence_03,ARM_SWING__16_slow_cadence_03,ARM_SWING,0,5,11.0,13.0,40,Baseline RF - 10 features,0,0.0008425531914893617,True
16_slow_cadence_03,ARM_SWING__16_slow_cadence_03,ARM_SWING,0,6,13.0,15.0,40,Baseline RF - 10 features,0,4.2553191489361704e-05,True
16_slow_cadence_03,ARM_SWING__16_slow_cadence_03,ARM_SWING,0,7,15.0,17.0,40,Baseline RF - 10 features,0,0.009333333333333334,True
16_slow_cadence_03,ARM_SWING__16_slow_cadence_03,ARM_SWING,0,8,17.0,19.0,40,Baseline RF - 10 features,0,4.2553191489361704e-05,True
16_slow_cadence_03,ARM_SWING__16_slow_cadence_03,ARM_SWING,0,9,19.0,21.0,40,Baseline RF - 10 features,0,4.2553191489361704e-05,True
16_slow_cadence_03,ARM_SWING__16_slow_cadence_03,ARM_SWING,0,10,21.0,23.0,40,Baseline RF - 10 features,0,0.009,True
16_slow_cadence_03,ARM_SWING__16_slow_cadence_03,ARM_SWING,0,11,23.0,25.0,40,Baseline RF - 10 features,0,0.006666666666666666,True
16_slow_cadence_03,ARM_SWING__16_slow_cadence_03,ARM_SWING,0,12,25.0,27.0,40,Baseline RF - 10 features,0,4.2553191489361704e-05,True
16_slow_cadence_03,ARM_SWING__16_slow_cadence_03,ARM_SWING,0,13,27.0,29.0,40,Baseline RF - 10 features,0,4.2553191489361704e-05,True
17_fast_cadence_02,ARM_SWING__17_fast_cadence_02,ARM_SWING,0,0,1.0,3.0,40,Baseline RF - 10 features,0,0.3105159193126227,True
17_fast_cadence_02,ARM_SWING__17_fast_cadence_02,ARM_SWING,0,1,3.0,5.0,40,Baseline RF - 10 features,0,0.13406148621393515,True
17_fast_cadence_02,ARM_SWING__17_fast_cadence_02,ARM_SWING,0,2,5.0,7.0,40,Baseline RF - 10 features,0,0.207392191576714,True
17_fast_cadence_02,ARM_SWING__17_fast_cadence_02,ARM_SWING,0,3,7.0,9.0,40,Baseline RF - 10 features,0,0.1181945726455033,True
17_fast_cadence_02,ARM_SWING__17_fast_cadence_02,ARM_SWING,0,4,9.0,11.0,40,Baseline RF - 10 features,0,0.4148799625047111,True
17_fast_cadence_02,ARM_SWING__17_fast_cadence_02,ARM_SWING,0,5,11.0,13.0,40,Baseline RF - 10 features,0,0.18022148031999818,True
17_fast_cadence_02,ARM_SWING__17_fast_cadence_02,ARM_SWING,0,6,13.0,15.0,40,Baseline RF - 10 features,0,0.11245448256371177,True
17_fast_cadence_02,ARM_SWING__17_fast_cadence_02,ARM_SWING,0,7,15.0,17.0,40,Baseline RF - 10 features,0,0.1081433728319276,True
17_fast_cadence_02,ARM_SWING__17_fast_cadence_02,ARM_SWING,0,8,17.0,19.0,40,Baseline RF - 10 features,0,0.12868563287232462,True
17_fast_cadence_02,ARM_SWING__17_fast_cadence_02,ARM_SWING,0,9,19.0,21.0,40,Baseline RF - 10 features,0,0.3711215908335421,True
17_fast_cadence_02,ARM_SWING__17_fast_cadence_02,ARM_SWING,0,10,21.0,23.0,40,Baseline RF - 10 features,0,0.3998985631809148,True
17_fast_cadence_02,ARM_SWING__17_fast_cadence_02,ARM_SWING,0,11,23.0,25.0,40,Baseline RF - 10 features,0,0.2404739513578064,True
17_fast_cadence_02,ARM_SWING__17_fast_cadence_02,ARM_SWING,0,12,25.0,27.0,40,Baseline RF - 10 features,0,0.20221432001252634,True
17_fast_cadence_02,ARM_SWING__17_fast_cadence_02,ARM_SWING,0,13,27.0,29.0,40,Baseline RF - 10 features,0,0.1658820539898661,True
18_fast_cadence_03,ARM_SWING__18_fast_cadence_03,ARM_SWING,0,0,1.0,3.0,40,Baseline RF - 10 features,0,0.3965664879679824,True
18_fast_cadence_03,ARM_SWING__18_fast_cadence_03,ARM_SWING,0,1,3.0,5.0,40,Baseline RF - 10 features,1,0.5468834896734647,False
18_fast_cadence_03,ARM_SWING__18_fast_cadence_03,ARM_SWING,0,2,5.0,7.0,40,Baseline RF - 10 features,0,0.44117967461742214,True
18_fast_cadence_03,ARM_SWING__18_fast_cadence_03,ARM_SWING,0,3,7.0,9.0,40,Baseline RF - 10 features,1,0.6592042509130988,False
18_fast_cadence_03,ARM_SWING__18_fast_cadence_03,ARM_SWING,0,4,9.0,11.0,40,Baseline RF - 10 features,1,0.5223221422923287,False
18_fast_cadence_03,ARM_SWING__18_fast_cadence_03,ARM_SWING,0,5,11.0,13.0,40,Baseline RF - 10 features,0,0.33748047315287727,True
18_fast_cadence_03,ARM_SWING__18_fast_cadence_03,ARM_SWING,0,6,13.0,15.0,40,Baseline RF - 10 features,0,0.41763642303047704,True
18_fast_cadence_03,ARM_SWING__18_fast_cadence_03,ARM_SWING,0,7,15.0,17.0,40,Baseline RF - 10 features,1,0.6644920997441898,False
18_fast_cadence_03,ARM_SWING__18_fast_cadence_03,ARM_SWING,0,8,17.0,19.0,40,Baseline RF - 10 features,1,0.5180982205211739,False
18_fast_cadence_03,ARM_SWING__18_fast_cadence_03,ARM_SWING,0,9,19.0,21.0,40,Baseline RF - 10 features,1,0.5926122081433273,False
18_fast_cadence_03,ARM_SWING__18_fast_cadence_03,ARM_SWING,0,10,21.0,23.0,40,Baseline RF - 10 features,1,0.5286705530153745,False
18_fast_cadence_03,ARM_SWING__18_fast_cadence_03,ARM_SWING,0,11,23.0,25.0,40,Baseline RF - 10 features,0,0.27881593394793486,True
18_fast_cadence_03,ARM_SWING__18_fast_cadence_03,ARM_SWING,0,12,25.0,27.0,40,Baseline RF - 10 features,0,0.4013618174917446,True
18_fast_cadence_03,ARM_SWING__18_fast_cadence_03,ARM_SWING,0,13,27.0,29.0,40,Baseline RF - 10 features,0,0.2930868878762363,True
19_large_swing_02,ARM_SWING__19_large_swing_02,ARM_SWING,0,0,1.0,3.0,40,Baseline RF - 10 features,0,0.29457715558774444,True
19_large_swing_02,ARM_SWING__19_large_swing_02,ARM_SWING,0,1,3.0,5.0,40,Baseline RF - 10 features,0,0.39105619641101014,True
19_large_swing_02,ARM_SWING__19_large_swing_02,ARM_SWING,0,2,5.0,7.0,40,Baseline RF - 10 features,1,0.7887202708463414,False
19_large_swing_02,ARM_SWING__19_large_swing_02,ARM_SWING,0,3,7.0,9.0,40,Baseline RF - 10 features,1,0.6488767127718764,False
19_large_swing_02,ARM_SWING__19_large_swing_02,ARM_SWING,0,4,9.0,11.0,40,Baseline RF - 10 features,1,0.5145876368422835,False
19_large_swing_02,ARM_SWING__19_large_swing_02,ARM_SWING,0,5,11.0,13.0,40,Baseline RF - 10 features,1,0.6783546707658845,False
19_large_swing_02,ARM_SWING__19_large_swing_02,ARM_SWING,0,6,13.0,15.0,40,Baseline RF - 10 features,1,0.5051124719544553,False
19_large_swing_02,ARM_SWING__19_large_swing_02,ARM_SWING,0,7,15.0,17.0,40,Baseline RF - 10 features,0,0.48802916740484925,True
19_large_swing_02,ARM_SWING__19_large_swing_02,ARM_SWING,0,8,17.0,19.0,40,Baseline RF - 10 features,0,0.4889854961028901,True
19_large_swing_02,ARM_SWING__19_large_swing_02,ARM_SWING,0,9,19.0,21.0,40,Baseline RF - 10 features,1,0.5833358737830723,False
19_large_swing_02,ARM_SWING__19_large_swing_02,ARM_SWING,0,10,21.0,23.0,40,Baseline RF - 10 features,1,0.7626450436606115,False
19_large_swing_02,ARM_SWING__19_large_swing_02,ARM_SWING,0,11,23.0,25.0,40,Baseline RF - 10 features,1,0.590383129550627,False
19_large_swing_02,ARM_SWING__19_large_swing_02,ARM_SWING,0,12,25.0,27.0,40,Baseline RF - 10 features,0,0.403671051921895,True
19_large_swing_02,ARM_SWING__19_large_swing_02,ARM_SWING,0,13,27.0,29.0,40,Baseline RF - 10 features,1,0.5239639457451178,False
20_large_swing_03,ARM_SWING__20_large_swing_03,ARM_SWING,0,0,1.0,3.0,40,Baseline RF - 10 features,1,0.5310510782387391,False
20_large_swing_03,ARM_SWING__20_large_swing_03,ARM_SWING,0,1,3.0,5.0,40,Baseline RF - 10 features,0,0.35269862131174584,True
20_large_swing_03,ARM_SWING__20_large_swing_03,ARM_SWING,0,2,5.0,7.0,40,Baseline RF - 10 features,0,0.34676018088094873,True
20_large_swing_03,ARM_SWING__20_large_swing_03,ARM_SWING,0,3,7.0,9.0,40,Baseline RF - 10 features,0,0.3135918383484657,True
20_large_swing_03,ARM_SWING__20_large_swing_03,ARM_SWING,0,4,9.0,11.0,40,Baseline RF - 10 features,0,0.41702638605572,True
20_large_swing_03,ARM_SWING__20_large_swing_03,ARM_SWING,0,5,11.0,13.0,40,Baseline RF - 10 features,0,0.30119416635412993,True
20_large_swing_03,ARM_SWING__20_large_swing_03,ARM_SWING,0,6,13.0,15.0,40,Baseline RF - 10 features,0,0.4419582397676118,True
20_large_swing_03,ARM_SWING__20_large_swing_03,ARM_SWING,0,7,15.0,17.0,40,Baseline RF - 10 features,0,0.3205290721948808,True
20_large_swing_03,ARM_SWING__20_large_swing_03,ARM_SWING,0,8,17.0,19.0,40,Baseline RF - 10 features,0,0.4318760286047431,True
20_large_swing_03,ARM_SWING__20_large_swing_03,ARM_SWING,0,9,19.0,21.0,40,Baseline RF - 10 features,0,0.2573070311908548,True
20_large_swing_03,ARM_SWING__20_large_swing_03,ARM_SWING,0,10,21.0,23.0,40,Baseline RF - 10 features,1,0.5917530159895348,False
20_large_swing_03,ARM_SWING__20_large_swing_03,ARM_SWING,0,11,23.0,25.0,40,Baseline RF - 10 features,0,0.45191848305245536,True
20_large_swing_03,ARM_SWING__20_large_swing_03,ARM_SWING,0,12,25.0,27.0,40,Baseline RF - 10 features,0,0.3417923680468697,True
20_large_swing_03,ARM_SWING__20_large_swing_03,ARM_SWING,0,13,27.0,29.0,40,Baseline RF - 10 features,0,0.29059717353960346,True
01_normal,WALKING__01_normal,WALKING,1,0,1.0,3.0,40,Enhanced RF,1,0.9228856677870496,True
01_normal,WALKING__01_normal,WALKING,1,1,3.0,5.0,40,Enhanced RF,1,0.9610820306580407,True
01_normal,WALKING__01_normal,WALKING,1,2,5.0,7.0,40,Enhanced RF,1,0.709658016269121,True
01_normal,WALKING__01_normal,WALKING,1,3,7.0,9.0,40,Enhanced RF,1,0.8799875891899945,True
01_normal,WALKING__01_normal,WALKING,1,4,9.0,11.0,40,Enhanced RF,1,0.9575100066342328,True
01_normal,WALKING__01_normal,WALKING,1,5,11.0,13.0,40,Enhanced RF,1,0.9715100066342326,True
01_normal,WALKING__01_normal,WALKING,1,6,13.0,15.0,40,Enhanced RF,1,0.9978917856489662,True
01_normal,WALKING__01_normal,WALKING,1,7,15.0,17.0,40,Enhanced RF,1,0.9979061534650582,True
01_normal,WALKING__01_normal,WALKING,1,8,17.0,19.0,40,Enhanced RF,1,0.9987394867983914,True
01_normal,WALKING__01_normal,WALKING,1,9,19.0,21.0,40,Enhanced RF,1,0.9498736973247073,True
01_normal,WALKING__01_normal,WALKING,1,10,21.0,23.0,40,Enhanced RF,1,0.9441718295086154,True
01_normal,WALKING__01_normal,WALKING,1,11,23.0,25.0,40,Enhanced RF,1,0.9718650113267974,True
01_normal,WALKING__01_normal,WALKING,1,12,25.0,27.0,40,Enhanced RF,1,0.9990376189822995,True
01_normal,WALKING__01_normal,WALKING,1,13,27.0,29.0,40,Enhanced RF,1,0.9655849674671481,True
02_normal,WALKING__02_normal,WALKING,1,0,1.0,3.0,40,Enhanced RF,1,0.9709089912280702,True
02_normal,WALKING__02_normal,WALKING,1,1,3.0,5.0,40,Enhanced RF,1,0.9478078007518798,True
02_normal,WALKING__02_normal,WALKING,1,2,5.0,7.0,40,Enhanced RF,1,0.9918703007518798,True
02_normal,WALKING__02_normal,WALKING,1,3,7.0,9.0,40,Enhanced RF,1,0.9637597935055028,True
02_normal,WALKING__02_normal,WALKING,1,4,9.0,11.0,40,Enhanced RF,1,0.9742603716738656,True
02_normal,WALKING__02_normal,WALKING,1,5,11.0,13.0,40,Enhanced RF,1,0.9628355785296574,True
02_normal,WALKING__02_normal,WALKING,1,6,13.0,15.0,40,Enhanced RF,1,0.9786411340852129,True
02_normal,WALKING__02_normal,WALKING,1,7,15.0,17.0,40,Enhanced RF,1,0.9351619674185462,True
02_normal,WALKING__02_normal,WALKING,1,8,17.0,19.0,40,Enhanced RF,1,0.9983286340852131,True
02_normal,WALKING__02_normal,WALKING,1,9,19.0,21.0,40,Enhanced RF,1,0.9991619674185463,True
02_normal,WALKING__02_normal,WALKING,1,10,21.0,23.0,40,Enhanced RF,1,0.9404744674185465,True
02_normal,WALKING__02_normal,WALKING,1,11,23.0,25.0,40,Enhanced RF,1,0.9956203007518798,True
02_normal,WALKING__02_normal,WALKING,1,12,25.0,27.0,40,Enhanced RF,1,0.9852453007518797,True
02_normal,WALKING__02_normal,WALKING,1,13,27.0,29.0,40,Enhanced RF,1,0.9608703007518797,True
03_slow,WALKING__03_slow,WALKING,1,0,1.0,3.0,40,Enhanced RF,0,0.0921577380952381,False
03_slow,WALKING__03_slow,WALKING,1,1,3.0,5.0,40,Enhanced RF,1,0.5589999999999999,True
03_slow,WALKING__03_slow,WALKING,1,2,5.0,7.0,40,Enhanced RF,1,0.7735265151515152,True
03_slow,WALKING__03_slow,WALKING,1,3,7.0,9.0,40,Enhanced RF,1,0.6981458333333334,True
03_slow,WALKING__03_slow,WALKING,1,4,9.0,11.0,40,Enhanced RF,1,0.5046820887445886,True
03_slow,WALKING__03_slow,WALKING,1,5,11.0,13.0,40,Enhanced RF,1,0.6331904761904762,True
03_slow,WALKING__03_slow,WALKING,1,6,13.0,15.0,40,Enhanced RF,1,0.9266306818181816,True
03_slow,WALKING__03_slow,WALKING,1,7,15.0,17.0,40,Enhanced RF,0,0.4533005952380954,False
03_slow,WALKING__03_slow,WALKING,1,8,17.0,19.0,40,Enhanced RF,0,0.0028125,False
03_slow,WALKING__03_slow,WALKING,1,9,19.0,21.0,40,Enhanced RF,1,0.693125,True
03_slow,WALKING__03_slow,WALKING,1,10,21.0,23.0,40,Enhanced RF,1,0.5811636904761904,True
03_slow,WALKING__03_slow,WALKING,1,11,23.0,25.0,40,Enhanced RF,1,0.9346822033898305,True
03_slow,WALKING__03_slow,WALKING,1,12,25.0,27.0,40,Enhanced RF,1,0.7542901785714285,True
03_slow,WALKING__03_slow,WALKING,1,13,27.0,29.0,40,Enhanced RF,1,0.7093988095238097,True
04_fast,WALKING__04_fast,WALKING,1,0,1.0,3.0,40,Enhanced RF,1,0.9146307385490852,True
04_fast,WALKING__04_fast,WALKING,1,1,3.0,5.0,40,Enhanced RF,1,0.9039698322510822,True
04_fast,WALKING__04_fast,WALKING,1,2,5.0,7.0,40,Enhanced RF,1,0.9557897727272726,True
04_fast,WALKING__04_fast,WALKING,1,3,7.0,9.0,40,Enhanced RF,1,0.8633630952380953,True
04_fast,WALKING__04_fast,WALKING,1,4,9.0,11.0,40,Enhanced RF,1,0.960813774263371,True
04_fast,WALKING__04_fast,WALKING,1,5,11.0,13.0,40,Enhanced RF,1,0.956956631406228,True
04_fast,WALKING__04_fast,WALKING,1,6,13.0,15.0,40,Enhanced RF,1,0.931724488549085,True
04_fast,WALKING__04_fast,WALKING,1,7,15.0,17.0,40,Enhanced RF,1,0.8207003968253969,True
04_fast,WALKING__04_fast,WALKING,1,8,17.0,19.0,40,Enhanced RF,1,0.8883377976190474,True
04_fast,WALKING__04_fast,WALKING,1,9,19.0,21.0,40,Enhanced RF,1,0.931910500453847,True
04_fast,WALKING__04_fast,WALKING,1,10,21.0,23.0,40,Enhanced RF,1,0.9093692396313364,True
04_fast,WALKING__04_fast,WALKING,1,11,23.0,25.0,40,Enhanced RF,1,0.9538314393939394,True
04_fast,WALKING__04_fast,WALKING,1,12,25.0,27.0,40,Enhanced RF,1,0.8758573348694314,True
04_fast,WALKING__04_fast,WALKING,1,13,27.0,29.0,40,Enhanced RF,1,0.9506768695014661,True
05_short_arm_swings,WALKING__05_short_arm_swings,WALKING,1,0,1.0,3.0,40,Enhanced RF,1,0.9981249999999998,True
05_short_arm_swings,WALKING__05_short_arm_swings,WALKING,1,1,3.0,5.0,40,Enhanced RF,1,0.994056919642857,True
05_short_arm_swings,WALKING__05_short_arm_swings,WALKING,1,2,5.0,7.0,40,Enhanced RF,1,0.9999944196428571,True
05_short_arm_swings,WALKING__05_short_arm_swings,WALKING,1,3,7.0,9.0,40,Enhanced RF,1,0.9991440408549783,True
05_short_arm_swings,WALKING__05_short_arm_swings,WALKING,1,4,9.0,11.0,40,Enhanced RF,1,0.9943694196428571,True
05_short_arm_swings,WALKING__05_short_arm_swings,WALKING,1,5,11.0,13.0,40,Enhanced RF,1,0.9915360863095237,True
05_short_arm_swings,WALKING__05_short_arm_swings,WALKING,1,6,13.0,15.0,40,Enhanced RF,1,0.9992652529761904,True
05_short_arm_swings,WALKING__05_short_arm_swings,WALKING,1,7,15.0,17.0,40,Enhanced RF,1,0.9999944196428571,True
05_short_arm_swings,WALKING__05_short_arm_swings,WALKING,1,8,17.0,19.0,40,Enhanced RF,1,0.9887907159391532,True
05_short_arm_swings,WALKING__05_short_arm_swings,WALKING,1,9,19.0,21.0,40,Enhanced RF,1,0.991244419642857,True
05_short_arm_swings,WALKING__05_short_arm_swings,WALKING,1,10,21.0,23.0,40,Enhanced RF,1,0.9971223958333333,True
05_short_arm_swings,WALKING__05_short_arm_swings,WALKING,1,11,23.0,25.0,40,Enhanced RF,1,0.9989944196428572,True
05_short_arm_swings,WALKING__05_short_arm_swings,WALKING,1,12,25.0,27.0,40,Enhanced RF,1,0.9999944196428571,True
05_short_arm_swings,WALKING__05_short_arm_swings,WALKING,1,13,27.0,29.0,40,Enhanced RF,1,0.9999944196428571,True
06_large_arm_swings,WALKING__06_large_arm_swings,WALKING,1,0,1.0,3.0,40,Enhanced RF,1,0.6130833333333334,True
06_large_arm_swings,WALKING__06_large_arm_swings,WALKING,1,1,3.0,5.0,40,Enhanced RF,0,0.4366719006568143,False
06_large_arm_swings,WALKING__06_large_arm_swings,WALKING,1,2,5.0,7.0,40,Enhanced RF,0,0.3791398809523809,False
06_large_arm_swings,WALKING__06_large_arm_swings,WALKING,1,3,7.0,9.0,40,Enhanced RF,1,0.5286098966885604,True
06_large_arm_swings,WALKING__06_large_arm_swings,WALKING,1,4,9.0,11.0,40,Enhanced RF,0,0.465702380952381,False
06_large_arm_swings,WALKING__06_large_arm_swings,WALKING,1,5,11.0,13.0,40,Enhanced RF,0,0.2754890873015873,False
06_large_arm_swings,WALKING__06_large_arm_swings,WALKING,1,6,13.0,15.0,40,Enhanced RF,0,0.4233660714285714,False
06_large_arm_swings,WALKING__06_large_arm_swings,WALKING,1,7,15.0,17.0,40,Enhanced RF,0,0.3099533730158729,False
06_large_arm_swings,WALKING__06_large_arm_swings,WALKING,1,8,17.0,19.0,40,Enhanced RF,0,0.2822559523809523,False
06_large_arm_swings,WALKING__06_large_arm_swings,WALKING,1,9,19.0,21.0,40,Enhanced RF,1,0.538806821291735,True
06_large_arm_swings,WALKING__06_large_arm_swings,WALKING,1,10,21.0,23.0,40,Enhanced RF,0,0.2841646825396824,False
06_large_arm_swings,WALKING__06_large_arm_swings,WALKING,1,11,23.0,25.0,40,Enhanced RF,1,0.5000634920634921,True
06_large_arm_swings,WALKING__06_large_arm_swings,WALKING,1,12,25.0,27.0,40,Enhanced RF,0,0.3678045634920635,False
06_large_arm_swings,WALKING__06_large_arm_swings,WALKING,1,13,27.0,29.0,40,Enhanced RF,0,0.4651736111111109,False
07_relaxed_arms,WALKING__07_relaxed_arms,WALKING,1,0,1.0,3.0,40,Enhanced RF,1,0.9989181998557,True
07_relaxed_arms,WALKING__07_relaxed_arms,WALKING,1,1,3.0,5.0,40,Enhanced RF,1,0.9999945887445888,True
07_relaxed_arms,WALKING__07_relaxed_arms,WALKING,1,2,5.0,7.0,40,Enhanced RF,1,0.9958279220779221,True
07_relaxed_arms,WALKING__07_relaxed_arms,WALKING,1,3,7.0,9.0,40,Enhanced RF,1,0.9931195887445888,True
07_relaxed_arms,WALKING__07_relaxed_arms,WALKING,1,4,9.0,11.0,40,Enhanced RF,1,0.9986195887445888,True
07_relaxed_arms,WALKING__07_relaxed_arms,WALKING,1,5,11.0,13.0,40,Enhanced RF,1,0.9934945887445887,True
07_relaxed_arms,WALKING__07_relaxed_arms,WALKING,1,6,13.0,15.0,40,Enhanced RF,1,0.9985362554112556,True
07_relaxed_arms,WALKING__07_relaxed_arms,WALKING,1,7,15.0,17.0,40,Enhanced RF,1,0.9948070887445887,True
07_relaxed_arms,WALKING__07_relaxed_arms,WALKING,1,8,17.0,19.0,40,Enhanced RF,1,0.9999945887445888,True
07_relaxed_arms,WALKING__07_relaxed_arms,WALKING,1,9,19.0,21.0,40,Enhanced RF,1,0.9958279220779223,True
07_relaxed_arms,WALKING__07_relaxed_arms,WALKING,1,10,21.0,23.0,40,Enhanced RF,1,0.9924945887445888,True
07_relaxed_arms,WALKING__07_relaxed_arms,WALKING,1,11,23.0,25.0,40,Enhanced RF,1,0.9961195887445886,True
07_relaxed_arms,WALKING__07_relaxed_arms,WALKING,1,12,25.0,27.0,40,Enhanced RF,1,0.9938750000000001,True
07_relaxed_arms,WALKING__07_relaxed_arms,WALKING,1,13,27.0,29.0,40,Enhanced RF,1,0.9927029220779221,True
08_slightly_irregular_pace,WALKING__08_slightly_irregular_pace,WALKING,1,0,1.0,3.0,40,Enhanced RF,1,0.9814226190476191,True
08_slightly_irregular_pace,WALKING__08_slightly_irregular_pace,WALKING,1,1,3.0,5.0,40,Enhanced RF,1,0.546680765993266,True
08_slightly_irregular_pace,WALKING__08_slightly_irregular_pace,WALKING,1,2,5.0,7.0,40,Enhanced RF,1,0.9854374999999999,True
08_slightly_irregular_pace,WALKING__08_slightly_irregular_pace,WALKING,1,3,7.0,9.0,40,Enhanced RF,1,0.7782010582010581,True
08_slightly_irregular_pace,WALKING__08_slightly_irregular_pace,WALKING,1,4,9.0,11.0,40,Enhanced RF,1,0.9935416666666668,True
08_slightly_irregular_pace,WALKING__08_slightly_irregular_pace,WALKING,1,5,11.0,13.0,40,Enhanced RF,1,0.8856636904761901,True
08_slightly_irregular_pace,WALKING__08_slightly_irregular_pace,WALKING,1,6,13.0,15.0,40,Enhanced RF,1,0.9891276041666667,True
08_slightly_irregular_pace,WALKING__08_slightly_irregular_pace,WALKING,1,7,15.0,17.0,40,Enhanced RF,1,0.9894791666666667,True
08_slightly_irregular_pace,WALKING__08_slightly_irregular_pace,WALKING,1,8,17.0,19.0,40,Enhanced RF,1,0.9958333333333332,True
08_slightly_irregular_pace,WALKING__08_slightly_irregular_pace,WALKING,1,9,19.0,21.0,40,Enhanced RF,1,0.9213124999999998,True
08_slightly_irregular_pace,WALKING__08_slightly_irregular_pace,WALKING,1,10,21.0,23.0,40,Enhanced RF,1,0.9728958333333333,True
08_slightly_irregular_pace,WALKING__08_slightly_irregular_pace,WALKING,1,11,23.0,25.0,40,Enhanced RF,1,0.9852083333333335,True
08_slightly_irregular_pace,WALKING__08_slightly_irregular_pace,WALKING,1,12,25.0,27.0,40,Enhanced RF,1,0.9765476190476191,True
08_slightly_irregular_pace,WALKING__08_slightly_irregular_pace,WALKING,1,13,27.0,29.0,40,Enhanced RF,1,0.9979166666666667,True
09_normal,WALKING__09_normal,WALKING,1,0,1.0,3.0,40,Enhanced RF,1,0.9833699799196789,True
09_normal,WALKING__09_normal,WALKING,1,1,3.0,5.0,40,Enhanced RF,1,0.9969741465863453,True
09_normal,WALKING__09_normal,WALKING,1,2,5.0,7.0,40,Enhanced RF,1,0.9946824799196787,True
09_normal,WALKING__09_normal,WALKING,1,3,7.0,9.0,40,Enhanced RF,1,0.9996824799196787,True
09_normal,WALKING__09_normal,WALKING,1,4,9.0,11.0,40,Enhanced RF,1,0.9944741465863455,True
09_normal,WALKING__09_normal,WALKING,1,5,11.0,13.0,40,Enhanced RF,1,0.9061517857142859,True
09_normal,WALKING__09_normal,WALKING,1,6,13.0,15.0,40,Enhanced RF,1,0.9962449799196788,True
09_normal,WALKING__09_normal,WALKING,1,7,15.0,17.0,40,Enhanced RF,1,0.9988699799196787,True
09_normal,WALKING__09_normal,WALKING,1,8,17.0,19.0,40,Enhanced RF,1,0.9971199799196788,True
09_normal,WALKING__09_normal,WALKING,1,9,19.0,21.0,40,Enhanced RF,1,0.9981199799196787,True
09_normal,WALKING__09_normal,WALKING,1,10,21.0,23.0,40,Enhanced RF,1,0.9956199799196785,True
09_normal,WALKING__09_normal,WALKING,1,11,23.0,25.0,40,Enhanced RF,1,0.9974116465863454,True
09_normal,WALKING__09_normal,WALKING,1,12,25.0,27.0,40,Enhanced RF,1,0.9987449799196787,True
09_normal,WALKING__09_normal,WALKING,1,13,27.0,29.0,40,Enhanced RF,1,0.9819324799196787,True
10_normal,WALKING__10_normal,WALKING,1,0,1.0,3.0,40,Enhanced RF,1,0.9987449799196787,True
10_normal,WALKING__10_normal,WALKING,1,1,3.0,5.0,40,Enhanced RF,1,0.9916318846815834,True
10_normal,WALKING__10_normal,WALKING,1,2,5.0,7.0,40,Enhanced RF,1,0.9089289626036612,True
10_normal,WALKING__10_normal,WALKING,1,3,7.0,9.0,40,Enhanced RF,1,0.8634295037292027,True
10_normal,WALKING__10_normal,WALKING,1,4,9.0,11.0,40,Enhanced RF,1,0.9042265816512801,True
10_normal,WALKING__10_normal,WALKING,1,5,11.0,13.0,40,Enhanced RF,1,0.9796356049196785,True
10_normal,WALKING__10_normal,WALKING,1,6,13.0,15.0,40,Enhanced RF,1,0.9874533132530121,True
10_normal,WALKING__10_normal,WALKING,1,7,15.0,17.0,40,Enhanced RF,1,0.9311884323006311,True
10_normal,WALKING__10_normal,WALKING,1,8,17.0,19.0,40,Enhanced RF,1,0.9928491465863454,True
10_normal,WALKING__10_normal,WALKING,1,9,19.0,21.0,40,Enhanced RF,1,0.9974949799196787,True
10_normal,WALKING__10_normal,WALKING,1,10,21.0,23.0,40,Enhanced RF,1,0.9961824799196788,True
10_normal,WALKING__10_normal,WALKING,1,11,23.0,25.0,40,Enhanced RF,1,0.9262806942053929,True
10_normal,WALKING__10_normal,WALKING,1,12,25.0,27.0,40,Enhanced RF,1,0.9584116465863456,True
10_normal,WALKING__10_normal,WALKING,1,13,27.0,29.0,40,Enhanced RF,1,0.9900006617378604,True
11_arm_held_still,WALKING__11_arm_held_still,WALKING,1,0,1.0,3.0,40,Enhanced RF,1,0.9790267857142854,True
11_arm_held_still,WALKING__11_arm_held_still,WALKING,1,1,3.0,5.0,40,Enhanced RF,1,0.9962449799196788,True
11_arm_held_still,WALKING__11_arm_held_still,WALKING,1,2,5.0,7.0,40,Enhanced RF,1,0.9967033132530121,True
11_arm_held_still,WALKING__11_arm_held_still,WALKING,1,3,7.0,9.0,40,Enhanced RF,1,0.9937449799196787,True
11_arm_held_still,WALKING__11_arm_held_still,WALKING,1,4,9.0,11.0,40,Enhanced RF,1,0.9933699799196788,True
11_arm_held_still,WALKING__11_arm_held_still,WALKING,1,5,11.0,13.0,40,Enhanced RF,1,0.9980158132530121,True
11_arm_held_still,WALKING__11_arm_held_still,WALKING,1,6,13.0,15.0,40,Enhanced RF,1,0.9969116465863455,True
11_arm_held_still,WALKING__11_arm_held_still,WALKING,1,7,15.0,17.0,40,Enhanced RF,1,0.9967241465863453,True
11_arm_held_still,WALKING__11_arm_held_still,WALKING,1,8,17.0,19.0,40,Enhanced RF,1,0.9926556942053929,True
11_arm_held_still,WALKING__11_arm_held_still,WALKING,1,9,19.0,21.0,40,Enhanced RF,1,0.9999949799196787,True
11_arm_held_still,WALKING__11_arm_held_still,WALKING,1,10,21.0,23.0,40,Enhanced RF,1,0.9999949799196787,True
11_arm_held_still,WALKING__11_arm_held_still,WALKING,1,11,23.0,25.0,40,Enhanced RF,1,0.996453313253012,True
11_arm_held_still,WALKING__11_arm_held_still,WALKING,1,12,25.0,27.0,40,Enhanced RF,1,0.9999949799196787,True
11_arm_held_still,WALKING__11_arm_held_still,WALKING,1,13,27.0,29.0,40,Enhanced RF,1,0.9999949799196787,True
12_looking_at_phone,WALKING__12_looking_at_phone,WALKING,1,0,1.0,3.0,40,Enhanced RF,1,0.86315841991342,True
12_looking_at_phone,WALKING__12_looking_at_phone,WALKING,1,1,3.0,5.0,40,Enhanced RF,1,0.9945905598455598,True
12_looking_at_phone,WALKING__12_looking_at_phone,WALKING,1,2,5.0,7.0,40,Enhanced RF,1,0.9999893693693693,True
12_looking_at_phone,WALKING__12_looking_at_phone,WALKING,1,3,7.0,9.0,40,Enhanced RF,1,0.9815102027027026,True
12_looking_at_phone,WALKING__12_looking_at_phone,WALKING,1,4,9.0,11.0,40,Enhanced RF,1,0.9931193693693693,True
12_looking_at_phone,WALKING__12_looking_at_phone,WALKING,1,5,11.0,13.0,40,Enhanced RF,1,0.9770568693693694,True
12_looking_at_phone,WALKING__12_looking_at_phone,WALKING,1,6,13.0,15.0,40,Enhanced RF,1,0.9999893693693693,True
12_looking_at_phone,WALKING__12_looking_at_phone,WALKING,1,7,15.0,17.0,40,Enhanced RF,1,0.9884685360360359,True
12_looking_at_phone,WALKING__12_looking_at_phone,WALKING,1,8,17.0,19.0,40,Enhanced RF,1,0.9819268693693692,True
12_looking_at_phone,WALKING__12_looking_at_phone,WALKING,1,9,19.0,21.0,40,Enhanced RF,1,0.9999893693693693,True
12_looking_at_phone,WALKING__12_looking_at_phone,WALKING,1,10,21.0,23.0,40,Enhanced RF,1,0.954511904761905,True
12_looking_at_phone,WALKING__12_looking_at_phone,WALKING,1,11,23.0,25.0,40,Enhanced RF,1,0.9811874999999999,True
12_looking_at_phone,WALKING__12_looking_at_phone,WALKING,1,12,25.0,27.0,40,Enhanced RF,1,0.991973536036036,True
12_looking_at_phone,WALKING__12_looking_at_phone,WALKING,1,13,27.0,29.0,40,Enhanced RF,1,0.966657738095238,True
13_sensor_hand_in_pocket,WALKING__13_sensor_hand_in_pocket,WALKING,1,0,1.0,3.0,40,Enhanced RF,1,0.9956620120834215,True
13_sensor_hand_in_pocket,WALKING__13_sensor_hand_in_pocket,WALKING,1,1,3.0,5.0,40,Enhanced RF,1,0.9982449799196788,True
13_sensor_hand_in_pocket,WALKING__13_sensor_hand_in_pocket,WALKING,1,2,5.0,7.0,40,Enhanced RF,1,0.9956199799196788,True
13_sensor_hand_in_pocket,WALKING__13_sensor_hand_in_pocket,WALKING,1,3,7.0,9.0,40,Enhanced RF,1,0.9915370120834216,True
13_sensor_hand_in_pocket,WALKING__13_sensor_hand_in_pocket,WALKING,1,4,9.0,11.0,40,Enhanced RF,1,0.9956199799196789,True
13_sensor_hand_in_pocket,WALKING__13_sensor_hand_in_pocket,WALKING,1,5,11.0,13.0,40,Enhanced RF,1,0.9998560910307899,True
13_sensor_hand_in_pocket,WALKING__13_sensor_hand_in_pocket,WALKING,1,6,13.0,15.0,40,Enhanced RF,1,0.9983283132530122,True
13_sensor_hand_in_pocket,WALKING__13_sensor_hand_in_pocket,WALKING,1,7,15.0,17.0,40,Enhanced RF,1,0.9938491465863454,True
13_sensor_hand_in_pocket,WALKING__13_sensor_hand_in_pocket,WALKING,1,8,17.0,19.0,40,Enhanced RF,1,0.9941400948622073,True
13_sensor_hand_in_pocket,WALKING__13_sensor_hand_in_pocket,WALKING,1,9,19.0,21.0,40,Enhanced RF,1,0.9957241465863454,True
13_sensor_hand_in_pocket,WALKING__13_sensor_hand_in_pocket,WALKING,1,10,21.0,23.0,40,Enhanced RF,1,0.9976199799196788,True
13_sensor_hand_in_pocket,WALKING__13_sensor_hand_in_pocket,WALKING,1,11,23.0,25.0,40,Enhanced RF,1,0.9981199799196787,True
13_sensor_hand_in_pocket,WALKING__13_sensor_hand_in_pocket,WALKING,1,12,25.0,27.0,40,Enhanced RF,1,0.9975644243641232,True
13_sensor_hand_in_pocket,WALKING__13_sensor_hand_in_pocket,WALKING,1,13,27.0,29.0,40,Enhanced RF,1,0.999578313253012,True
14_carrying_a_light_object,WALKING__14_carrying_a_light_object,WALKING,1,0,1.0,3.0,40,Enhanced RF,1,0.9829654885776872,True
14_carrying_a_light_object,WALKING__14_carrying_a_light_object,WALKING,1,1,3.0,5.0,40,Enhanced RF,1,0.9999749302854049,True
14_carrying_a_light_object,WALKING__14_carrying_a_light_object,WALKING,1,2,5.0,7.0,40,Enhanced RF,1,0.999989298101497,True
14_carrying_a_light_object,WALKING__14_carrying_a_light_object,WALKING,1,3,7.0,9.0,40,Enhanced RF,1,0.999989298101497,True
14_carrying_a_light_object,WALKING__14_carrying_a_light_object,WALKING,1,4,9.0,11.0,40,Enhanced RF,1,0.9999749302854049,True
14_carrying_a_light_object,WALKING__14_carrying_a_light_object,WALKING,1,5,11.0,13.0,40,Enhanced RF,1,0.9883972787702534,True
14_carrying_a_light_object,WALKING__14_carrying_a_light_object,WALKING,1,6,13.0,15.0,40,Enhanced RF,1,0.9848642981014969,True
14_carrying_a_light_object,WALKING__14_carrying_a_light_object,WALKING,1,7,15.0,17.0,40,Enhanced RF,1,0.9974892981014969,True
14_carrying_a_light_object,WALKING__14_carrying_a_light_object,WALKING,1,8,17.0,19.0,40,Enhanced RF,1,0.999989298101497,True
14_carrying_a_light_object,WALKING__14_carrying_a_light_object,WALKING,1,9,19.0,21.0,40,Enhanced RF,1,0.9999749302854049,True
14_carrying_a_light_object,WALKING__14_carrying_a_light_object,WALKING,1,10,21.0,23.0,40,Enhanced RF,1,0.996287430285405,True
14_carrying_a_light_object,WALKING__14_carrying_a_light_object,WALKING,1,11,23.0,25.0,40,Enhanced RF,1,0.9932097787702534,True
14_carrying_a_light_object,WALKING__14_carrying_a_light_object,WALKING,1,12,25.0,27.0,40,Enhanced RF,1,0.999989298101497,True
14_carrying_a_light_object,WALKING__14_carrying_a_light_object,WALKING,1,13,27.0,29.0,40,Enhanced RF,1,0.9987249302854049,True
15_frequent_gentle_turns,WALKING__15_frequent_gentle_turns,WALKING,1,0,1.0,3.0,40,Enhanced RF,1,0.9968508956214065,True
15_frequent_gentle_turns,WALKING__15_frequent_gentle_turns,WALKING,1,1,3.0,5.0,40,Enhanced RF,1,0.9388925622880733,True
15_frequent_gentle_turns,WALKING__15_frequent_gentle_turns,WALKING,1,2,5.0,7.0,40,Enhanced RF,1,0.9607197681704259,True
15_frequent_gentle_turns,WALKING__15_frequent_gentle_turns,WALKING,1,3,7.0,9.0,40,Enhanced RF,1,0.9999906015037594,True
15_frequent_gentle_turns,WALKING__15_frequent_gentle_turns,WALKING,1,4,9.0,11.0,40,Enhanced RF,1,0.9974342289547399,True
15_frequent_gentle_turns,WALKING__15_frequent_gentle_turns,WALKING,1,5,11.0,13.0,40,Enhanced RF,1,0.9425592289547399,True
15_frequent_gentle_turns,WALKING__15_frequent_gentle_turns,WALKING,1,6,13.0,15.0,40,Enhanced RF,1,0.9977406015037594,True
15_frequent_gentle_turns,WALKING__15_frequent_gentle_turns,WALKING,1,7,15.0,17.0,40,Enhanced RF,1,0.9966989348370927,True
15_frequent_gentle_turns,WALKING__15_frequent_gentle_turns,WALKING,1,8,17.0,19.0,40,Enhanced RF,1,0.9924906015037593,True
15_frequent_gentle_turns,WALKING__15_frequent_gentle_turns,WALKING,1,9,19.0,21.0,40,Enhanced RF,1,0.9999758956214064,True
15_frequent_gentle_turns,WALKING__15_frequent_gentle_turns,WALKING,1,10,21.0,23.0,40,Enhanced RF,1,0.9582467289547398,True
15_frequent_gentle_turns,WALKING__15_frequent_gentle_turns,WALKING,1,11,23.0,25.0,40,Enhanced RF,1,0.9831217289547398,True
15_frequent_gentle_turns,WALKING__15_frequent_gentle_turns,WALKING,1,12,25.0,27.0,40,Enhanced RF,1,0.6293333333333335,True
15_frequent_gentle_turns,WALKING__15_frequent_gentle_turns,WALKING,1,13,27.0,29.0,40,Enhanced RF,1,0.9993508956214064,True
16_slow_02,WALKING__16_slow_02,WALKING,1,0,1.0,3.0,40,Enhanced RF,1,0.7285208333333335,True
16_slow_02,WALKING__16_slow_02,WALKING,1,1,3.0,5.0,40,Enhanced RF,1,0.8820625000000003,True
16_slow_02,WALKING__16_slow_02,WALKING,1,2,5.0,7.0,40,Enhanced RF,1,0.6674374999999999,True
16_slow_02,WALKING__16_slow_02,WALKING,1,3,7.0,9.0,40,Enhanced RF,1,0.9182821969696973,True
16_slow_02,WALKING__16_slow_02,WALKING,1,4,9.0,11.0,40,Enhanced RF,1,0.8239930555555555,True
16_slow_02,WALKING__16_slow_02,WALKING,1,5,11.0,13.0,40,Enhanced RF,1,0.9685208333333332,True
16_slow_02,WALKING__16_slow_02,WALKING,1,6,13.0,15.0,40,Enhanced RF,1,0.8813194444444448,True
16_slow_02,WALKING__16_slow_02,WALKING,1,7,15.0,17.0,40,Enhanced RF,1,0.7728541666666667,True
16_slow_02,WALKING__16_slow_02,WALKING,1,8,17.0,19.0,40,Enhanced RF,1,0.7677711466165412,True
16_slow_02,WALKING__16_slow_02,WALKING,1,9,19.0,21.0,40,Enhanced RF,1,0.9691458333333334,True
16_slow_02,WALKING__16_slow_02,WALKING,1,10,21.0,23.0,40,Enhanced RF,1,0.8778515037593985,True
16_slow_02,WALKING__16_slow_02,WALKING,1,11,23.0,25.0,40,Enhanced RF,1,0.8237187500000003,True
16_slow_02,WALKING__16_slow_02,WALKING,1,12,25.0,27.0,40,Enhanced RF,1,0.9753333333333333,True
16_slow_02,WALKING__16_slow_02,WALKING,1,13,27.0,29.0,40,Enhanced RF,1,0.9539166666666671,True
17_slow_03,WALKING__17_slow_03,WALKING,1,0,1.0,3.0,40,Enhanced RF,1,0.7101726190476189,True
17_slow_03,WALKING__17_slow_03,WALKING,1,1,3.0,5.0,40,Enhanced RF,0,0.2803065476190476,False
17_slow_03,WALKING__17_slow_03,WALKING,1,2,5.0,7.0,40,Enhanced RF,0,0.27214880952380954,False
17_slow_03,WALKING__17_slow_03,WALKING,1,3,7.0,9.0,40,Enhanced RF,1,0.7027931547619046,True
17_slow_03,WALKING__17_slow_03,WALKING,1,4,9.0,11.0,40,Enhanced RF,1,0.9642916666666668,True
17_slow_03,WALKING__17_slow_03,WALKING,1,5,11.0,13.0,40,Enhanced RF,1,0.8432827380952382,True
17_slow_03,WALKING__17_slow_03,WALKING,1,6,13.0,15.0,40,Enhanced RF,1,0.9531220238095238,True
17_slow_03,WALKING__17_slow_03,WALKING,1,7,15.0,17.0,40,Enhanced RF,1,0.9754523809523811,True
17_slow_03,WALKING__17_slow_03,WALKING,1,8,17.0,19.0,40,Enhanced RF,1,0.949270833333333,True
17_slow_03,WALKING__17_slow_03,WALKING,1,9,19.0,21.0,40,Enhanced RF,1,0.9442291666666667,True
17_slow_03,WALKING__17_slow_03,WALKING,1,10,21.0,23.0,40,Enhanced RF,1,0.8429285714285717,True
17_slow_03,WALKING__17_slow_03,WALKING,1,11,23.0,25.0,40,Enhanced RF,1,0.6603303571428569,True
17_slow_03,WALKING__17_slow_03,WALKING,1,12,25.0,27.0,40,Enhanced RF,0,0.36098511904761904,False
17_slow_03,WALKING__17_slow_03,WALKING,1,13,27.0,29.0,40,Enhanced RF,1,0.8557291666666669,True
18_fast_02,WALKING__18_fast_02,WALKING,1,0,1.0,3.0,40,Enhanced RF,1,0.9836875,True
18_fast_02,WALKING__18_fast_02,WALKING,1,1,3.0,5.0,40,Enhanced RF,1,0.9911458333333333,True
18_fast_02,WALKING__18_fast_02,WALKING,1,2,5.0,7.0,40,Enhanced RF,1,0.9843576388888888,True
18_fast_02,WALKING__18_fast_02,WALKING,1,3,7.0,9.0,40,Enhanced RF,1,0.9759681372549021,True
18_fast_02,WALKING__18_fast_02,WALKING,1,4,9.0,11.0,40,Enhanced RF,1,0.9830776515151516,True
18_fast_02,WALKING__18_fast_02,WALKING,1,5,11.0,13.0,40,Enhanced RF,1,0.9642424242424243,True
18_fast_02,WALKING__18_fast_02,WALKING,1,6,13.0,15.0,40,Enhanced RF,1,0.959108630952381,True
18_fast_02,WALKING__18_fast_02,WALKING,1,7,15.0,17.0,40,Enhanced RF,1,0.9765966094771241,True
18_fast_02,WALKING__18_fast_02,WALKING,1,8,17.0,19.0,40,Enhanced RF,1,0.9826909722222222,True
18_fast_02,WALKING__18_fast_02,WALKING,1,9,19.0,21.0,40,Enhanced RF,1,0.9862951388888888,True
18_fast_02,WALKING__18_fast_02,WALKING,1,10,21.0,23.0,40,Enhanced RF,1,0.9970659722222223,True
18_fast_02,WALKING__18_fast_02,WALKING,1,11,23.0,25.0,40,Enhanced RF,1,0.9648484848484848,True
18_fast_02,WALKING__18_fast_02,WALKING,1,12,25.0,27.0,40,Enhanced RF,1,0.9790053661616162,True
18_fast_02,WALKING__18_fast_02,WALKING,1,13,27.0,29.0,40,Enhanced RF,1,0.9849647817460319,True
19_fast_03,WALKING__19_fast_03,WALKING,1,0,1.0,3.0,40,Enhanced RF,1,0.8961391710803194,True
19_fast_03,WALKING__19_fast_03,WALKING,1,1,3.0,5.0,40,Enhanced RF,1,0.9849090123501605,True
19_fast_03,WALKING__19_fast_03,WALKING,1,2,5.0,7.0,40,Enhanced RF,1,0.9942840123501607,True
19_fast_03,WALKING__19_fast_03,WALKING,1,3,7.0,9.0,40,Enhanced RF,1,0.872822702826351,True
19_fast_03,WALKING__19_fast_03,WALKING,1,4,9.0,11.0,40,Enhanced RF,1,0.9931381790168271,True
19_fast_03,WALKING__19_fast_03,WALKING,1,5,11.0,13.0,40,Enhanced RF,1,0.9339489087301588,True
19_fast_03,WALKING__19_fast_03,WALKING,1,6,13.0,15.0,40,Enhanced RF,1,0.9728363402061858,True
19_fast_03,WALKING__19_fast_03,WALKING,1,7,15.0,17.0,40,Enhanced RF,1,0.9530032276995306,True
19_fast_03,WALKING__19_fast_03,WALKING,1,8,17.0,19.0,40,Enhanced RF,1,0.8860165847135957,True
19_fast_03,WALKING__19_fast_03,WALKING,1,9,19.0,21.0,40,Enhanced RF,1,0.9804645679057161,True
19_fast_03,WALKING__19_fast_03,WALKING,1,10,21.0,23.0,40,Enhanced RF,1,0.9813576407145499,True
19_fast_03,WALKING__19_fast_03,WALKING,1,11,23.0,25.0,40,Enhanced RF,1,0.9702549909998365,True
19_fast_03,WALKING__19_fast_03,WALKING,1,12,25.0,27.0,40,Enhanced RF,1,0.9693990610328638,True
19_fast_03,WALKING__19_fast_03,WALKING,1,13,27.0,29.0,40,Enhanced RF,1,0.9959923456834939,True
20_large_arm_swings_02,WALKING__20_large_arm_swings_02,WALKING,1,0,1.0,3.0,40,Enhanced RF,1,0.8992083333333336,True
20_large_arm_swings_02,WALKING__20_large_arm_swings_02,WALKING,1,1,3.0,5.0,40,Enhanced RF,0,0.466782738095238,False
20_large_arm_swings_02,WALKING__20_large_arm_swings_02,WALKING,1,2,5.0,7.0,40,Enhanced RF,1,0.920059523809524,True
20_large_arm_swings_02,WALKING__20_large_arm_swings_02,WALKING,1,3,7.0,9.0,40,Enhanced RF,1,0.793407738095238,True
20_large_arm_swings_02,WALKING__20_large_arm_swings_02,WALKING,1,4,9.0,11.0,40,Enhanced RF,1,0.9207232142857141,True
20_large_arm_swings_02,WALKING__20_large_arm_swings_02,WALKING,1,5,11.0,13.0,40,Enhanced RF,1,0.7874791666666668,True
20_large_arm_swings_02,WALKING__20_large_arm_swings_02,WALKING,1,6,13.0,15.0,40,Enhanced RF,1,0.8978660714285716,True
20_large_arm_swings_02,WALKING__20_large_arm_swings_02,WALKING,1,7,15.0,17.0,40,Enhanced RF,1,0.9330952380952381,True
20_large_arm_swings_02,WALKING__20_large_arm_swings_02,WALKING,1,8,17.0,19.0,40,Enhanced RF,1,0.5626279761904762,True
20_large_arm_swings_02,WALKING__20_large_arm_swings_02,WALKING,1,9,19.0,21.0,40,Enhanced RF,1,0.755511904761905,True
20_large_arm_swings_02,WALKING__20_large_arm_swings_02,WALKING,1,10,21.0,23.0,40,Enhanced RF,1,0.8709375,True
20_large_arm_swings_02,WALKING__20_large_arm_swings_02,WALKING,1,11,23.0,25.0,40,Enhanced RF,1,0.9098125,True
20_large_arm_swings_02,WALKING__20_large_arm_swings_02,WALKING,1,12,25.0,27.0,40,Enhanced RF,1,0.7744226190476191,True
20_large_arm_swings_02,WALKING__20_large_arm_swings_02,WALKING,1,13,27.0,29.0,40,Enhanced RF,1,0.9042869509676017,True
21_large_arm_swings_03,WALKING__21_large_arm_swings_03,WALKING,1,0,1.0,3.0,40,Enhanced RF,1,0.9162708333333331,True
21_large_arm_swings_03,WALKING__21_large_arm_swings_03,WALKING,1,1,3.0,5.0,40,Enhanced RF,1,0.8571041666666666,True
21_large_arm_swings_03,WALKING__21_large_arm_swings_03,WALKING,1,2,5.0,7.0,40,Enhanced RF,1,0.9160267857142859,True
21_large_arm_swings_03,WALKING__21_large_arm_swings_03,WALKING,1,3,7.0,9.0,40,Enhanced RF,0,0.464110119047619,False
21_large_arm_swings_03,WALKING__21_large_arm_swings_03,WALKING,1,4,9.0,11.0,40,Enhanced RF,1,0.6513472985347987,True
21_large_arm_swings_03,WALKING__21_large_arm_swings_03,WALKING,1,5,11.0,13.0,40,Enhanced RF,1,0.797839880952381,True
21_large_arm_swings_03,WALKING__21_large_arm_swings_03,WALKING,1,6,13.0,15.0,40,Enhanced RF,1,0.523436887254902,True
21_large_arm_swings_03,WALKING__21_large_arm_swings_03,WALKING,1,7,15.0,17.0,40,Enhanced RF,1,0.8171607142857142,True
21_large_arm_swings_03,WALKING__21_large_arm_swings_03,WALKING,1,8,17.0,19.0,40,Enhanced RF,1,0.5429905303030303,True
21_large_arm_swings_03,WALKING__21_large_arm_swings_03,WALKING,1,9,19.0,21.0,40,Enhanced RF,1,0.7996398809523808,True
21_large_arm_swings_03,WALKING__21_large_arm_swings_03,WALKING,1,10,21.0,23.0,40,Enhanced RF,1,0.8587401381706526,True
21_large_arm_swings_03,WALKING__21_large_arm_swings_03,WALKING,1,11,23.0,25.0,40,Enhanced RF,0,0.23885863095238094,False
21_large_arm_swings_03,WALKING__21_large_arm_swings_03,WALKING,1,12,25.0,27.0,40,Enhanced RF,1,0.9502208333333334,True
21_large_arm_swings_03,WALKING__21_large_arm_swings_03,WALKING,1,13,27.0,29.0,40,Enhanced RF,1,0.9207486111111113,True
01_normal_walking_cadence,ARM_SWING__01_normal_walking_cadence,ARM_SWING,0,0,1.0,3.0,40,Enhanced RF,0,0.0022083333333333334,True
01_normal_walking_cadence,ARM_SWING__01_normal_walking_cadence,ARM_SWING,0,1,3.0,5.0,40,Enhanced RF,0,0.005729166666666666,True
01_normal_walking_cadence,ARM_SWING__01_normal_walking_cadence,ARM_SWING,0,2,5.0,7.0,40,Enhanced RF,0,0.000625,True
01_normal_walking_cadence,ARM_SWING__01_normal_walking_cadence,ARM_SWING,0,3,7.0,9.0,40,Enhanced RF,0,0.001875,True
01_normal_walking_cadence,ARM_SWING__01_normal_walking_cadence,ARM_SWING,0,4,9.0,11.0,40,Enhanced RF,0,0.007089285714285714,True
01_normal_walking_cadence,ARM_SWING__01_normal_walking_cadence,ARM_SWING,0,5,11.0,13.0,40,Enhanced RF,0,0.06953571428571428,True
01_normal_walking_cadence,ARM_SWING__01_normal_walking_cadence,ARM_SWING,0,6,13.0,15.0,40,Enhanced RF,0,0.004270833333333333,True
01_normal_walking_cadence,ARM_SWING__01_normal_walking_cadence,ARM_SWING,0,7,15.0,17.0,40,Enhanced RF,0,0.03817261904761906,True
01_normal_walking_cadence,ARM_SWING__01_normal_walking_cadence,ARM_SWING,0,8,17.0,19.0,40,Enhanced RF,0,0.0028541666666666663,True
01_normal_walking_cadence,ARM_SWING__01_normal_walking_cadence,ARM_SWING,0,9,19.0,21.0,40,Enhanced RF,0,0.0033839285714285716,True
01_normal_walking_cadence,ARM_SWING__01_normal_walking_cadence,ARM_SWING,0,10,21.0,23.0,40,Enhanced RF,0,0.0,True
01_normal_walking_cadence,ARM_SWING__01_normal_walking_cadence,ARM_SWING,0,11,23.0,25.0,40,Enhanced RF,0,0.0020833333333333333,True
01_normal_walking_cadence,ARM_SWING__01_normal_walking_cadence,ARM_SWING,0,12,25.0,27.0,40,Enhanced RF,0,0.006666666666666666,True
01_normal_walking_cadence,ARM_SWING__01_normal_walking_cadence,ARM_SWING,0,13,27.0,29.0,40,Enhanced RF,0,0.010833333333333335,True
02_slow_cadence,ARM_SWING__02_slow_cadence,ARM_SWING,0,0,1.0,3.0,40,Enhanced RF,0,0.07713392857142858,True
02_slow_cadence,ARM_SWING__02_slow_cadence,ARM_SWING,0,1,3.0,5.0,40,Enhanced RF,0,0.050220238095238096,True
02_slow_cadence,ARM_SWING__02_slow_cadence,ARM_SWING,0,2,5.0,7.0,40,Enhanced RF,0,0.045404761904761906,True
02_slow_cadence,ARM_SWING__02_slow_cadence,ARM_SWING,0,3,7.0,9.0,40,Enhanced RF,0,0.2753541666666666,True
02_slow_cadence,ARM_SWING__02_slow_cadence,ARM_SWING,0,4,9.0,11.0,40,Enhanced RF,0,0.0075,True
02_slow_cadence,ARM_SWING__02_slow_cadence,ARM_SWING,0,5,11.0,13.0,40,Enhanced RF,0,0.13093749999999998,True
02_slow_cadence,ARM_SWING__02_slow_cadence,ARM_SWING,0,6,13.0,15.0,40,Enhanced RF,0,0.04946428571428572,True
02_slow_cadence,ARM_SWING__02_slow_cadence,ARM_SWING,0,7,15.0,17.0,40,Enhanced RF,0,0.026375000000000003,True
02_slow_cadence,ARM_SWING__02_slow_cadence,ARM_SWING,0,8,17.0,19.0,40,Enhanced RF,1,0.5411398809523811,False
02_slow_cadence,ARM_SWING__02_slow_cadence,ARM_SWING,0,9,19.0,21.0,40,Enhanced RF,0,0.05895833333333335,True
02_slow_cadence,ARM_SWING__02_slow_cadence,ARM_SWING,0,10,21.0,23.0,40,Enhanced RF,0,0.1051190476190476,True
02_slow_cadence,ARM_SWING__02_slow_cadence,ARM_SWING,0,11,23.0,25.0,40,Enhanced RF,0,0.00125,True
02_slow_cadence,ARM_SWING__02_slow_cadence,ARM_SWING,0,12,25.0,27.0,40,Enhanced RF,0,0.04289583333333333,True
02_slow_cadence,ARM_SWING__02_slow_cadence,ARM_SWING,0,13,27.0,29.0,40,Enhanced RF,0,0.014083333333333331,True
03_fast_cadence,ARM_SWING__03_fast_cadence,ARM_SWING,0,0,1.0,3.0,40,Enhanced RF,1,0.6318541666666667,False
03_fast_cadence,ARM_SWING__03_fast_cadence,ARM_SWING,0,1,3.0,5.0,40,Enhanced RF,1,0.6904717261904765,False
03_fast_cadence,ARM_SWING__03_fast_cadence,ARM_SWING,0,2,5.0,7.0,40,Enhanced RF,0,0.2796815476190475,True
03_fast_cadence,ARM_SWING__03_fast_cadence,ARM_SWING,0,3,7.0,9.0,40,Enhanced RF,0,0.04350000000000001,True
03_fast_cadence,ARM_SWING__03_fast_cadence,ARM_SWING,0,4,9.0,11.0,40,Enhanced RF,0,0.4037083333333332,True
03_fast_cadence,ARM_SWING__03_fast_cadence,ARM_SWING,0,5,11.0,13.0,40,Enhanced RF,0,0.016,True
03_fast_cadence,ARM_SWING__03_fast_cadence,ARM_SWING,0,6,13.0,15.0,40,Enhanced RF,1,0.8483124999999998,False
03_fast_cadence,ARM_SWING__03_fast_cadence,ARM_SWING,0,7,15.0,17.0,40,Enhanced RF,0,0.021211309523809528,True
03_fast_cadence,ARM_SWING__03_fast_cadence,ARM_SWING,0,8,17.0,19.0,40,Enhanced RF,1,0.5218124999999999,False
03_fast_cadence,ARM_SWING__03_fast_cadence,ARM_SWING,0,9,19.0,21.0,40,Enhanced RF,0,0.49020982142857156,True
03_fast_cadence,ARM_SWING__03_fast_cadence,ARM_SWING,0,10,21.0,23.0,40,Enhanced RF,0,0.11220238095238098,True
03_fast_cadence,ARM_SWING__03_fast_cadence,ARM_SWING,0,11,23.0,25.0,40,Enhanced RF,0,0.058931547619047626,True
03_fast_cadence,ARM_SWING__03_fast_cadence,ARM_SWING,0,12,25.0,27.0,40,Enhanced RF,0,0.09816071428571427,True
03_fast_cadence,ARM_SWING__03_fast_cadence,ARM_SWING,0,13,27.0,29.0,40,Enhanced RF,0,0.044523809523809514,True
04_small_swing,ARM_SWING__04_small_swing,ARM_SWING,0,0,1.0,3.0,40,Enhanced RF,0,0.009375,True
04_small_swing,ARM_SWING__04_small_swing,ARM_SWING,0,1,3.0,5.0,40,Enhanced RF,0,0.009708333333333333,True
04_small_swing,ARM_SWING__04_small_swing,ARM_SWING,0,2,5.0,7.0,40,Enhanced RF,0,0.0014583333333333332,True
04_small_swing,ARM_SWING__04_small_swing,ARM_SWING,0,3,7.0,9.0,40,Enhanced RF,0,0.013660714285714286,True
04_small_swing,ARM_SWING__04_small_swing,ARM_SWING,0,4,9.0,11.0,40,Enhanced RF,0,0.005833333333333333,True
04_small_swing,ARM_SWING__04_small_swing,ARM_SWING,0,5,11.0,13.0,40,Enhanced RF,0,0.0029166666666666664,True
04_small_swing,ARM_SWING__04_small_swing,ARM_SWING,0,6,13.0,15.0,40,Enhanced RF,0,0.0008333333333333333,True
04_small_swing,ARM_SWING__04_small_swing,ARM_SWING,0,7,15.0,17.0,40,Enhanced RF,0,0.0029166666666666664,True
04_small_swing,ARM_SWING__04_small_swing,ARM_SWING,0,8,17.0,19.0,40,Enhanced RF,0,0.002976190476190476,True
04_small_swing,ARM_SWING__04_small_swing,ARM_SWING,0,9,19.0,21.0,40,Enhanced RF,0,0.0030208333333333333,True
04_small_swing,ARM_SWING__04_small_swing,ARM_SWING,0,10,21.0,23.0,40,Enhanced RF,0,0.0065625,True
04_small_swing,ARM_SWING__04_small_swing,ARM_SWING,0,11,23.0,25.0,40,Enhanced RF,0,0.0031249999999999993,True
04_small_swing,ARM_SWING__04_small_swing,ARM_SWING,0,12,25.0,27.0,40,Enhanced RF,0,0.0024999999999999996,True
04_small_swing,ARM_SWING__04_small_swing,ARM_SWING,0,13,27.0,29.0,40,Enhanced RF,0,0.0045833333333333325,True
05_large_swing,ARM_SWING__05_large_swing,ARM_SWING,0,0,1.0,3.0,40,Enhanced RF,0,0.1810863095238095,True
05_large_swing,ARM_SWING__05_large_swing,ARM_SWING,0,1,3.0,5.0,40,Enhanced RF,0,0.23602976190476188,True
05_large_swing,ARM_SWING__05_large_swing,ARM_SWING,0,2,5.0,7.0,40,Enhanced RF,0,0.37385714285714305,True
05_large_swing,ARM_SWING__05_large_swing,ARM_SWING,0,3,7.0,9.0,40,Enhanced RF,0,0.3379017857142857,True
05_large_swing,ARM_SWING__05_large_swing,ARM_SWING,0,4,9.0,11.0,40,Enhanced RF,1,0.660388888888889,False
05_large_swing,ARM_SWING__05_large_swing,ARM_SWING,0,5,11.0,13.0,40,Enhanced RF,1,0.5975833333333334,False
05_large_swing,ARM_SWING__05_large_swing,ARM_SWING,0,6,13.0,15.0,40,Enhanced RF,1,0.9627609126984127,False
05_large_swing,ARM_SWING__05_large_swing,ARM_SWING,0,7,15.0,17.0,40,Enhanced RF,1,0.8018928571428571,False
05_large_swing,ARM_SWING__05_large_swing,ARM_SWING,0,8,17.0,19.0,40,Enhanced RF,1,0.9343333333333333,False
05_large_swing,ARM_SWING__05_large_swing,ARM_SWING,0,9,19.0,21.0,40,Enhanced RF,1,0.5545208333333335,False
05_large_swing,ARM_SWING__05_large_swing,ARM_SWING,0,10,21.0,23.0,40,Enhanced RF,0,0.3514642857142857,True
05_large_swing,ARM_SWING__05_large_swing,ARM_SWING,0,11,23.0,25.0,40,Enhanced RF,0,0.10127083333333334,True
05_large_swing,ARM_SWING__05_large_swing,ARM_SWING,0,12,25.0,27.0,40,Enhanced RF,1,0.593797619047619,False
05_large_swing,ARM_SWING__05_large_swing,ARM_SWING,0,13,27.0,29.0,40,Enhanced RF,1,0.6090625000000002,False
06_relaxed_swing,ARM_SWING__06_relaxed_swing,ARM_SWING,0,0,1.0,3.0,40,Enhanced RF,0,0.005229166666666667,True
06_relaxed_swing,ARM_SWING__06_relaxed_swing,ARM_SWING,0,1,3.0,5.0,40,Enhanced RF,0,0.020520833333333332,True
06_relaxed_swing,ARM_SWING__06_relaxed_swing,ARM_SWING,0,2,5.0,7.0,40,Enhanced RF,0,0.007604166666666666,True
06_relaxed_swing,ARM_SWING__06_relaxed_swing,ARM_SWING,0,3,7.0,9.0,40,Enhanced RF,0,0.0,True
06_relaxed_swing,ARM_SWING__06_relaxed_swing,ARM_SWING,0,4,9.0,11.0,40,Enhanced RF,0,0.003125,True
06_relaxed_swing,ARM_SWING__06_relaxed_swing,ARM_SWING,0,5,11.0,13.0,40,Enhanced RF,0,0.00575,True
06_relaxed_swing,ARM_SWING__06_relaxed_swing,ARM_SWING,0,6,13.0,15.0,40,Enhanced RF,0,0.0,True
06_relaxed_swing,ARM_SWING__06_relaxed_swing,ARM_SWING,0,7,15.0,17.0,40,Enhanced RF,0,0.004999999999999999,True
06_relaxed_swing,ARM_SWING__06_relaxed_swing,ARM_SWING,0,8,17.0,19.0,40,Enhanced RF,0,0.0224375,True
06_relaxed_swing,ARM_SWING__06_relaxed_swing,ARM_SWING,0,9,19.0,21.0,40,Enhanced RF,0,0.0008333333333333333,True
06_relaxed_swing,ARM_SWING__06_relaxed_swing,ARM_SWING,0,10,21.0,23.0,40,Enhanced RF,0,0.017534722222222222,True
06_relaxed_swing,ARM_SWING__06_relaxed_swing,ARM_SWING,0,11,23.0,25.0,40,Enhanced RF,0,0.006666666666666666,True
06_relaxed_swing,ARM_SWING__06_relaxed_swing,ARM_SWING,0,12,25.0,27.0,40,Enhanced RF,0,0.0035416666666666665,True
06_relaxed_swing,ARM_SWING__06_relaxed_swing,ARM_SWING,0,13,27.0,29.0,40,Enhanced RF,0,0.0020833333333333333,True
07_irregular_swing,ARM_SWING__07_irregular_swing,ARM_SWING,0,0,1.0,3.0,40,Enhanced RF,0,0.051800595238095236,True
07_irregular_swing,ARM_SWING__07_irregular_swing,ARM_SWING,0,1,3.0,5.0,40,Enhanced RF,0,0.09872321428571429,True
07_irregular_swing,ARM_SWING__07_irregular_swing,ARM_SWING,0,2,5.0,7.0,40,Enhanced RF,0,0.04108333333333334,True
07_irregular_swing,ARM_SWING__07_irregular_swing,ARM_SWING,0,3,7.0,9.0,40,Enhanced RF,0,0.058375,True
07_irregular_swing,ARM_SWING__07_irregular_swing,ARM_SWING,0,4,9.0,11.0,40,Enhanced RF,0,0.011062500000000001,True
07_irregular_swing,ARM_SWING__07_irregular_swing,ARM_SWING,0,5,11.0,13.0,40,Enhanced RF,0,0.07651295045045044,True
07_irregular_swing,ARM_SWING__07_irregular_swing,ARM_SWING,0,6,13.0,15.0,40,Enhanced RF,0,0.054304617117117114,True
07_irregular_swing,ARM_SWING__07_irregular_swing,ARM_SWING,0,7,15.0,17.0,40,Enhanced RF,0,0.011354166666666667,True
07_irregular_swing,ARM_SWING__07_irregular_swing,ARM_SWING,0,8,17.0,19.0,40,Enhanced RF,0,0.008020833333333333,True
07_irregular_swing,ARM_SWING__07_irregular_swing,ARM_SWING,0,9,19.0,21.0,40,Enhanced RF,0,0.0008333333333333333,True
07_irregular_swing,ARM_SWING__07_irregular_swing,ARM_SWING,0,10,21.0,23.0,40,Enhanced RF,0,0.00125,True
07_irregular_swing,ARM_SWING__07_irregular_swing,ARM_SWING,0,11,23.0,25.0,40,Enhanced RF,0,0.00041666666666666664,True
07_irregular_swing,ARM_SWING__07_irregular_swing,ARM_SWING,0,12,25.0,27.0,40,Enhanced RF,0,0.12991517857142856,True
07_irregular_swing,ARM_SWING__07_irregular_swing,ARM_SWING,0,13,27.0,29.0,40,Enhanced RF,0,0.0013333333333333333,True
08_very_walking-like,ARM_SWING__08_very_walking-like,ARM_SWING,0,0,1.0,3.0,40,Enhanced RF,0,0.11948809523809523,True
08_very_walking-like,ARM_SWING__08_very_walking-like,ARM_SWING,0,1,3.0,5.0,40,Enhanced RF,0,0.05089583333333333,True
08_very_walking-like,ARM_SWING__08_very_walking-like,ARM_SWING,0,2,5.0,7.0,40,Enhanced RF,0,0.40508630952380964,True
08_very_walking-like,ARM_SWING__08_very_walking-like,ARM_SWING,0,3,7.0,9.0,40,Enhanced RF,0,0.0559375,True
08_very_walking-like,ARM_SWING__08_very_walking-like,ARM_SWING,0,4,9.0,11.0,40,Enhanced RF,0,0.047749999999999994,True
08_very_walking-like,ARM_SWING__08_very_walking-like,ARM_SWING,0,5,11.0,13.0,40,Enhanced RF,0,0.3131845238095238,True
08_very_walking-like,ARM_SWING__08_very_walking-like,ARM_SWING,0,6,13.0,15.0,40,Enhanced RF,0,0.24527678571428577,True
08_very_walking-like,ARM_SWING__08_very_walking-like,ARM_SWING,0,7,15.0,17.0,40,Enhanced RF,0,0.003125,True
08_very_walking-like,ARM_SWING__08_very_walking-like,ARM_SWING,0,8,17.0,19.0,40,Enhanced RF,0,0.27113392857142865,True
08_very_walking-like,ARM_SWING__08_very_walking-like,ARM_SWING,0,9,19.0,21.0,40,Enhanced RF,0,0.2957083333333334,True
08_very_walking-like,ARM_SWING__08_very_walking-like,ARM_SWING,0,10,21.0,23.0,40,Enhanced RF,0,0.026532738095238092,True
08_very_walking-like,ARM_SWING__08_very_walking-like,ARM_SWING,0,11,23.0,25.0,40,Enhanced RF,0,0.37613690476190476,True
08_very_walking-like,ARM_SWING__08_very_walking-like,ARM_SWING,0,12,25.0,27.0,40,Enhanced RF,0,0.0028125,True
08_very_walking-like,ARM_SWING__08_very_walking-like,ARM_SWING,0,13,27.0,29.0,40,Enhanced RF,0,0.006333333333333332,True
09_very_walking-like,ARM_SWING__09_very_walking-like,ARM_SWING,0,0,1.0,3.0,40,Enhanced RF,0,0.44605357142857144,True
09_very_walking-like,ARM_SWING__09_very_walking-like,ARM_SWING,0,1,3.0,5.0,40,Enhanced RF,0,0.013229166666666665,True
09_very_walking-like,ARM_SWING__09_very_walking-like,ARM_SWING,0,2,5.0,7.0,40,Enhanced RF,0,0.0165625,True
09_very_walking-like,ARM_SWING__09_very_walking-like,ARM_SWING,0,3,7.0,9.0,40,Enhanced RF,0,0.0,True
09_very_walking-like,ARM_SWING__09_very_walking-like,ARM_SWING,0,4,9.0,11.0,40,Enhanced RF,0,0.003208333333333333,True
09_very_walking-like,ARM_SWING__09_very_walking-like,ARM_SWING,0,5,11.0,13.0,40,Enhanced RF,0,0.0029166666666666664,True
09_very_walking-like,ARM_SWING__09_very_walking-like,ARM_SWING,0,6,13.0,15.0,40,Enhanced RF,0,0.0010416666666666667,True
09_very_walking-like,ARM_SWING__09_very_walking-like,ARM_SWING,0,7,15.0,17.0,40,Enhanced RF,0,0.0027916666666666667,True
09_very_walking-like,ARM_SWING__09_very_walking-like,ARM_SWING,0,8,17.0,19.0,40,Enhanced RF,0,0.0020833333333333333,True
09_very_walking-like,ARM_SWING__09_very_walking-like,ARM_SWING,0,9,19.0,21.0,40,Enhanced RF,0,0.001958333333333333,True
09_very_walking-like,ARM_SWING__09_very_walking-like,ARM_SWING,0,10,21.0,23.0,40,Enhanced RF,0,0.0009375,True
09_very_walking-like,ARM_SWING__09_very_walking-like,ARM_SWING,0,11,23.0,25.0,40,Enhanced RF,0,0.0020833333333333333,True
09_very_walking-like,ARM_SWING__09_very_walking-like,ARM_SWING,0,12,25.0,27.0,40,Enhanced RF,0,0.05572916666666666,True
09_very_walking-like,ARM_SWING__09_very_walking-like,ARM_SWING,0,13,27.0,29.0,40,Enhanced RF,0,0.03335416666666667,True
10_very_walking-like,ARM_SWING__10_very_walking-like,ARM_SWING,0,0,1.0,3.0,40,Enhanced RF,0,0.05140178571428572,True
10_very_walking-like,ARM_SWING__10_very_walking-like,ARM_SWING,0,1,3.0,5.0,40,Enhanced RF,0,0.0288125,True
10_very_walking-like,ARM_SWING__10_very_walking-like,ARM_SWING,0,2,5.0,7.0,40,Enhanced RF,0,0.0008333333333333333,True
10_very_walking-like,ARM_SWING__10_very_walking-like,ARM_SWING,0,3,7.0,9.0,40,Enhanced RF,0,0.006145833333333333,True
10_very_walking-like,ARM_SWING__10_very_walking-like,ARM_SWING,0,4,9.0,11.0,40,Enhanced RF,0,0.0069791666666666665,True
10_very_walking-like,ARM_SWING__10_very_walking-like,ARM_SWING,0,5,11.0,13.0,40,Enhanced RF,0,0.015916666666666666,True
10_very_walking-like,ARM_SWING__10_very_walking-like,ARM_SWING,0,6,13.0,15.0,40,Enhanced RF,0,0.0,True
10_very_walking-like,ARM_SWING__10_very_walking-like,ARM_SWING,0,7,15.0,17.0,40,Enhanced RF,0,0.00025,True
10_very_walking-like,ARM_SWING__10_very_walking-like,ARM_SWING,0,8,17.0,19.0,40,Enhanced RF,0,0.014604166666666666,True
10_very_walking-like,ARM_SWING__10_very_walking-like,ARM_SWING,0,9,19.0,21.0,40,Enhanced RF,0,0.0,True
10_very_walking-like,ARM_SWING__10_very_walking-like,ARM_SWING,0,10,21.0,23.0,40,Enhanced RF,0,0.0,True
10_very_walking-like,ARM_SWING__10_very_walking-like,ARM_SWING,0,11,23.0,25.0,40,Enhanced RF,0,0.00025,True
10_very_walking-like,ARM_SWING__10_very_walking-like,ARM_SWING,0,12,25.0,27.0,40,Enhanced RF,0,0.0049375,True
10_very_walking-like,ARM_SWING__10_very_walking-like,ARM_SWING,0,13,27.0,29.0,40,Enhanced RF,0,0.00025,True
11_walking_like_torso_bounce,ARM_SWING__11_walking_like_torso_bounce,ARM_SWING,0,0,1.0,3.0,40,Enhanced RF,0,0.14937499999999998,True
11_walking_like_torso_bounce,ARM_SWING__11_walking_like_torso_bounce,ARM_SWING,0,1,3.0,5.0,40,Enhanced RF,0,0.04353125,True
11_walking_like_torso_bounce,ARM_SWING__11_walking_like_torso_bounce,ARM_SWING,0,2,5.0,7.0,40,Enhanced RF,0,0.02097916666666667,True
11_walking_like_torso_bounce,ARM_SWING__11_walking_like_torso_bounce,ARM_SWING,0,3,7.0,9.0,40,Enhanced RF,0,0.10895833333333335,True
11_walking_like_torso_bounce,ARM_SWING__11_walking_like_torso_bounce,ARM_SWING,0,4,9.0,11.0,40,Enhanced RF,0,0.012333333333333332,True
11_walking_like_torso_bounce,ARM_SWING__11_walking_like_torso_bounce,ARM_SWING,0,5,11.0,13.0,40,Enhanced RF,0,0.0824404761904762,True
11_walking_like_torso_bounce,ARM_SWING__11_walking_like_torso_bounce,ARM_SWING,0,6,13.0,15.0,40,Enhanced RF,0,0.012291666666666668,True
11_walking_like_torso_bounce,ARM_SWING__11_walking_like_torso_bounce,ARM_SWING,0,7,15.0,17.0,40,Enhanced RF,0,0.07322916666666666,True
11_walking_like_torso_bounce,ARM_SWING__11_walking_like_torso_bounce,ARM_SWING,0,8,17.0,19.0,40,Enhanced RF,0,0.2289107142857143,True
11_walking_like_torso_bounce,ARM_SWING__11_walking_like_torso_bounce,ARM_SWING,0,9,19.0,21.0,40,Enhanced RF,0,0.03802083333333333,True
11_walking_like_torso_bounce,ARM_SWING__11_walking_like_torso_bounce,ARM_SWING,0,10,21.0,23.0,40,Enhanced RF,0,0.005,True
11_walking_like_torso_bounce,ARM_SWING__11_walking_like_torso_bounce,ARM_SWING,0,11,23.0,25.0,40,Enhanced RF,0,0.01477083333333333,True
11_walking_like_torso_bounce,ARM_SWING__11_walking_like_torso_bounce,ARM_SWING,0,12,25.0,27.0,40,Enhanced RF,0,0.053389880952380946,True
11_walking_like_torso_bounce,ARM_SWING__11_walking_like_torso_bounce,ARM_SWING,0,13,27.0,29.0,40,Enhanced RF,0,0.009229166666666669,True
12_walking_like_knee_bend,ARM_SWING__12_walking_like_knee_bend,ARM_SWING,0,0,1.0,3.0,40,Enhanced RF,0,0.2011041666666667,True
12_walking_like_knee_bend,ARM_SWING__12_walking_like_knee_bend,ARM_SWING,0,1,3.0,5.0,40,Enhanced RF,0,0.11025,True
12_walking_like_knee_bend,ARM_SWING__12_walking_like_knee_bend,ARM_SWING,0,2,5.0,7.0,40,Enhanced RF,0,0.033312499999999995,True
12_walking_like_knee_bend,ARM_SWING__12_walking_like_knee_bend,ARM_SWING,0,3,7.0,9.0,40,Enhanced RF,0,0.14489583333333333,True
12_walking_like_knee_bend,ARM_SWING__12_walking_like_knee_bend,ARM_SWING,0,4,9.0,11.0,40,Enhanced RF,0,0.0196875,True
12_walking_like_knee_bend,ARM_SWING__12_walking_like_knee_bend,ARM_SWING,0,5,11.0,13.0,40,Enhanced RF,1,0.7015729166666667,False
12_walking_like_knee_bend,ARM_SWING__12_walking_like_knee_bend,ARM_SWING,0,6,13.0,15.0,40,Enhanced RF,0,0.15183333333333338,True
12_walking_like_knee_bend,ARM_SWING__12_walking_like_knee_bend,ARM_SWING,0,7,15.0,17.0,40,Enhanced RF,0,0.12868749999999998,True
12_walking_like_knee_bend,ARM_SWING__12_walking_like_knee_bend,ARM_SWING,0,8,17.0,19.0,40,Enhanced RF,0,0.13045833333333332,True
12_walking_like_knee_bend,ARM_SWING__12_walking_like_knee_bend,ARM_SWING,0,9,19.0,21.0,40,Enhanced RF,0,0.06339583333333333,True
12_walking_like_knee_bend,ARM_SWING__12_walking_like_knee_bend,ARM_SWING,0,10,21.0,23.0,40,Enhanced RF,0,0.0128125,True
12_walking_like_knee_bend,ARM_SWING__12_walking_like_knee_bend,ARM_SWING,0,11,23.0,25.0,40,Enhanced RF,0,0.03270833333333333,True
12_walking_like_knee_bend,ARM_SWING__12_walking_like_knee_bend,ARM_SWING,0,12,25.0,27.0,40,Enhanced RF,1,0.8047559523809522,False
12_walking_like_knee_bend,ARM_SWING__12_walking_like_knee_bend,ARM_SWING,0,13,27.0,29.0,40,Enhanced RF,0,0.20697916666666671,True
13_walking_like_weight_shift,ARM_SWING__13_walking_like_weight_shift,ARM_SWING,0,0,1.0,3.0,40,Enhanced RF,0,0.08737351190476189,True
13_walking_like_weight_shift,ARM_SWING__13_walking_like_weight_shift,ARM_SWING,0,1,3.0,5.0,40,Enhanced RF,0,0.038989583333333334,True
13_walking_like_weight_shift,ARM_SWING__13_walking_like_weight_shift,ARM_SWING,0,2,5.0,7.0,40,Enhanced RF,0,0.006500000000000001,True
13_walking_like_weight_shift,ARM_SWING__13_walking_like_weight_shift,ARM_SWING,0,3,7.0,9.0,40,Enhanced RF,0,0.006416666666666666,True
13_walking_like_weight_shift,ARM_SWING__13_walking_like_weight_shift,ARM_SWING,0,4,9.0,11.0,40,Enhanced RF,0,0.05255059523809525,True
13_walking_like_weight_shift,ARM_SWING__13_walking_like_weight_shift,ARM_SWING,0,5,11.0,13.0,40,Enhanced RF,0,0.0017083333333333334,True
13_walking_like_weight_shift,ARM_SWING__13_walking_like_weight_shift,ARM_SWING,0,6,13.0,15.0,40,Enhanced RF,0,0.013791666666666667,True
13_walking_like_weight_shift,ARM_SWING__13_walking_like_weight_shift,ARM_SWING,0,7,15.0,17.0,40,Enhanced RF,0,0.0030833333333333333,True
13_walking_like_weight_shift,ARM_SWING__13_walking_like_weight_shift,ARM_SWING,0,8,17.0,19.0,40,Enhanced RF,0,0.00041666666666666664,True
13_walking_like_weight_shift,ARM_SWING__13_walking_like_weight_shift,ARM_SWING,0,9,19.0,21.0,40,Enhanced RF,0,0.011145833333333334,True
13_walking_like_weight_shift,ARM_SWING__13_walking_like_weight_shift,ARM_SWING,0,10,21.0,23.0,40,Enhanced RF,0,0.005208333333333332,True
13_walking_like_weight_shift,ARM_SWING__13_walking_like_weight_shift,ARM_SWING,0,11,23.0,25.0,40,Enhanced RF,0,0.0495297619047619,True
13_walking_like_weight_shift,ARM_SWING__13_walking_like_weight_shift,ARM_SWING,0,12,25.0,27.0,40,Enhanced RF,0,0.0017083333333333334,True
13_walking_like_weight_shift,ARM_SWING__13_walking_like_weight_shift,ARM_SWING,0,13,27.0,29.0,40,Enhanced RF,0,0.0495297619047619,True
14_small_natural_swing,ARM_SWING__14_small_natural_swing,ARM_SWING,0,0,1.0,3.0,40,Enhanced RF,0,0.020241987179487175,True
14_small_natural_swing,ARM_SWING__14_small_natural_swing,ARM_SWING,0,1,3.0,5.0,40,Enhanced RF,0,0.044125,True
14_small_natural_swing,ARM_SWING__14_small_natural_swing,ARM_SWING,0,2,5.0,7.0,40,Enhanced RF,0,0.02404166666666667,True
14_small_natural_swing,ARM_SWING__14_small_natural_swing,ARM_SWING,0,3,7.0,9.0,40,Enhanced RF,0,0.028196428571428567,True
14_small_natural_swing,ARM_SWING__14_small_natural_swing,ARM_SWING,0,4,9.0,11.0,40,Enhanced RF,0,0.08319642857142856,True
14_small_natural_swing,ARM_SWING__14_small_natural_swing,ARM_SWING,0,5,11.0,13.0,40,Enhanced RF,0,0.014875000000000001,True
14_small_natural_swing,ARM_SWING__14_small_natural_swing,ARM_SWING,0,6,13.0,15.0,40,Enhanced RF,0,0.09292857142857143,True
14_small_natural_swing,ARM_SWING__14_small_natural_swing,ARM_SWING,0,7,15.0,17.0,40,Enhanced RF,0,0.01569940476190476,True
14_small_natural_swing,ARM_SWING__14_small_natural_swing,ARM_SWING,0,8,17.0,19.0,40,Enhanced RF,0,0.006395833333333333,True
14_small_natural_swing,ARM_SWING__14_small_natural_swing,ARM_SWING,0,9,19.0,21.0,40,Enhanced RF,0,0.06935714285714284,True
14_small_natural_swing,ARM_SWING__14_small_natural_swing,ARM_SWING,0,10,21.0,23.0,40,Enhanced RF,0,0.06463095238095237,True
14_small_natural_swing,ARM_SWING__14_small_natural_swing,ARM_SWING,0,11,23.0,25.0,40,Enhanced RF,0,0.09073809523809524,True
14_small_natural_swing,ARM_SWING__14_small_natural_swing,ARM_SWING,0,12,25.0,27.0,40,Enhanced RF,0,0.050038118131868134,True
14_small_natural_swing,ARM_SWING__14_small_natural_swing,ARM_SWING,0,13,27.0,29.0,40,Enhanced RF,0,0.02010416666666667,True
15_slow_cadence_02,ARM_SWING__15_slow_cadence_02,ARM_SWING,0,0,1.0,3.0,40,Enhanced RF,0,0.0050416666666666665,True
15_slow_cadence_02,ARM_SWING__15_slow_cadence_02,ARM_SWING,0,1,3.0,5.0,40,Enhanced RF,0,0.0069940476190476185,True
15_slow_cadence_02,ARM_SWING__15_slow_cadence_02,ARM_SWING,0,2,5.0,7.0,40,Enhanced RF,0,0.0032500000000000003,True
15_slow_cadence_02,ARM_SWING__15_slow_cadence_02,ARM_SWING,0,3,7.0,9.0,40,Enhanced RF,0,0.0029464285714285708,True
15_slow_cadence_02,ARM_SWING__15_slow_cadence_02,ARM_SWING,0,4,9.0,11.0,40,Enhanced RF,0,0.0,True
15_slow_cadence_02,ARM_SWING__15_slow_cadence_02,ARM_SWING,0,5,11.0,13.0,40,Enhanced RF,0,0.013208333333333332,True
15_slow_cadence_02,ARM_SWING__15_slow_cadence_02,ARM_SWING,0,6,13.0,15.0,40,Enhanced RF,0,0.0008333333333333333,True
15_slow_cadence_02,ARM_SWING__15_slow_cadence_02,ARM_SWING,0,7,15.0,17.0,40,Enhanced RF,0,0.030187500000000006,True
15_slow_cadence_02,ARM_SWING__15_slow_cadence_02,ARM_SWING,0,8,17.0,19.0,40,Enhanced RF,0,0.0022500000000000003,True
15_slow_cadence_02,ARM_SWING__15_slow_cadence_02,ARM_SWING,0,9,19.0,21.0,40,Enhanced RF,0,0.0031101190476190478,True
15_slow_cadence_02,ARM_SWING__15_slow_cadence_02,ARM_SWING,0,10,21.0,23.0,40,Enhanced RF,0,0.000625,True
15_slow_cadence_02,ARM_SWING__15_slow_cadence_02,ARM_SWING,0,11,23.0,25.0,40,Enhanced RF,0,0.0020833333333333333,True
15_slow_cadence_02,ARM_SWING__15_slow_cadence_02,ARM_SWING,0,12,25.0,27.0,40,Enhanced RF,0,0.08572916666666666,True
15_slow_cadence_02,ARM_SWING__15_slow_cadence_02,ARM_SWING,0,13,27.0,29.0,40,Enhanced RF,0,0.003416666666666667,True
16_slow_cadence_03,ARM_SWING__16_slow_cadence_03,ARM_SWING,0,0,1.0,3.0,40,Enhanced RF,0,0.0025,True
16_slow_cadence_03,ARM_SWING__16_slow_cadence_03,ARM_SWING,0,1,3.0,5.0,40,Enhanced RF,0,0.00875,True
16_slow_cadence_03,ARM_SWING__16_slow_cadence_03,ARM_SWING,0,2,5.0,7.0,40,Enhanced RF,0,0.009291666666666667,True
16_slow_cadence_03,ARM_SWING__16_slow_cadence_03,ARM_SWING,0,3,7.0,9.0,40,Enhanced RF,0,0.0,True
16_slow_cadence_03,ARM_SWING__16_slow_cadence_03,ARM_SWING,0,4,9.0,11.0,40,Enhanced RF,0,0.00041666666666666664,True
16_slow_cadence_03,ARM_SWING__16_slow_cadence_03,ARM_SWING,0,5,11.0,13.0,40,Enhanced RF,0,0.006666666666666667,True
16_slow_cadence_03,ARM_SWING__16_slow_cadence_03,ARM_SWING,0,6,13.0,15.0,40,Enhanced RF,0,0.0029166666666666664,True
16_slow_cadence_03,ARM_SWING__16_slow_cadence_03,ARM_SWING,0,7,15.0,17.0,40,Enhanced RF,0,0.015812500000000004,True
16_slow_cadence_03,ARM_SWING__16_slow_cadence_03,ARM_SWING,0,8,17.0,19.0,40,Enhanced RF,0,0.01591666666666667,True
16_slow_cadence_03,ARM_SWING__16_slow_cadence_03,ARM_SWING,0,9,19.0,21.0,40,Enhanced RF,0,0.013994047619047618,True
16_slow_cadence_03,ARM_SWING__16_slow_cadence_03,ARM_SWING,0,10,21.0,23.0,40,Enhanced RF,0,0.006294642857142857,True
16_slow_cadence_03,ARM_SWING__16_slow_cadence_03,ARM_SWING,0,11,23.0,25.0,40,Enhanced RF,0,0.02423214285714286,True
16_slow_cadence_03,ARM_SWING__16_slow_cadence_03,ARM_SWING,0,12,25.0,27.0,40,Enhanced RF,0,0.0,True
16_slow_cadence_03,ARM_SWING__16_slow_cadence_03,ARM_SWING,0,13,27.0,29.0,40,Enhanced RF,0,0.002708333333333333,True
17_fast_cadence_02,ARM_SWING__17_fast_cadence_02,ARM_SWING,0,0,1.0,3.0,40,Enhanced RF,0,0.18899999999999995,True
17_fast_cadence_02,ARM_SWING__17_fast_cadence_02,ARM_SWING,0,1,3.0,5.0,40,Enhanced RF,0,0.008270833333333333,True
17_fast_cadence_02,ARM_SWING__17_fast_cadence_02,ARM_SWING,0,2,5.0,7.0,40,Enhanced RF,0,0.02555654761904762,True
17_fast_cadence_02,ARM_SWING__17_fast_cadence_02,ARM_SWING,0,3,7.0,9.0,40,Enhanced RF,0,0.0165625,True
17_fast_cadence_02,ARM_SWING__17_fast_cadence_02,ARM_SWING,0,4,9.0,11.0,40,Enhanced RF,0,0.07381845238095239,True
17_fast_cadence_02,ARM_SWING__17_fast_cadence_02,ARM_SWING,0,5,11.0,13.0,40,Enhanced RF,0,0.05293750000000001,True
17_fast_cadence_02,ARM_SWING__17_fast_cadence_02,ARM_SWING,0,6,13.0,15.0,40,Enhanced RF,0,0.042757936507936495,True
17_fast_cadence_02,ARM_SWING__17_fast_cadence_02,ARM_SWING,0,7,15.0,17.0,40,Enhanced RF,0,0.014424603174603177,True
17_fast_cadence_02,ARM_SWING__17_fast_cadence_02,ARM_SWING,0,8,17.0,19.0,40,Enhanced RF,0,0.06345833333333335,True
17_fast_cadence_02,ARM_SWING__17_fast_cadence_02,ARM_SWING,0,9,19.0,21.0,40,Enhanced RF,0,0.020056547619047613,True
17_fast_cadence_02,ARM_SWING__17_fast_cadence_02,ARM_SWING,0,10,21.0,23.0,40,Enhanced RF,0,0.03845734126984127,True
17_fast_cadence_02,ARM_SWING__17_fast_cadence_02,ARM_SWING,0,11,23.0,25.0,40,Enhanced RF,0,0.1853998015873016,True
17_fast_cadence_02,ARM_SWING__17_fast_cadence_02,ARM_SWING,0,12,25.0,27.0,40,Enhanced RF,0,0.24090617537575498,True
17_fast_cadence_02,ARM_SWING__17_fast_cadence_02,ARM_SWING,0,13,27.0,29.0,40,Enhanced RF,0,0.014999999999999998,True
18_fast_cadence_03,ARM_SWING__18_fast_cadence_03,ARM_SWING,0,0,1.0,3.0,40,Enhanced RF,0,0.07441666666666669,True
18_fast_cadence_03,ARM_SWING__18_fast_cadence_03,ARM_SWING,0,1,3.0,5.0,40,Enhanced RF,0,0.07525000000000003,True
18_fast_cadence_03,ARM_SWING__18_fast_cadence_03,ARM_SWING,0,2,5.0,7.0,40,Enhanced RF,0,0.12897916666666667,True
18_fast_cadence_03,ARM_SWING__18_fast_cadence_03,ARM_SWING,0,3,7.0,9.0,40,Enhanced RF,0,0.14554166666666665,True
18_fast_cadence_03,ARM_SWING__18_fast_cadence_03,ARM_SWING,0,4,9.0,11.0,40,Enhanced RF,0,0.14592559523809523,True
18_fast_cadence_03,ARM_SWING__18_fast_cadence_03,ARM_SWING,0,5,11.0,13.0,40,Enhanced RF,0,0.0878065476190476,True
18_fast_cadence_03,ARM_SWING__18_fast_cadence_03,ARM_SWING,0,6,13.0,15.0,40,Enhanced RF,0,0.16112499999999996,True
18_fast_cadence_03,ARM_SWING__18_fast_cadence_03,ARM_SWING,0,7,15.0,17.0,40,Enhanced RF,0,0.08933333333333333,True
18_fast_cadence_03,ARM_SWING__18_fast_cadence_03,ARM_SWING,0,8,17.0,19.0,40,Enhanced RF,0,0.16018750000000004,True
18_fast_cadence_03,ARM_SWING__18_fast_cadence_03,ARM_SWING,0,9,19.0,21.0,40,Enhanced RF,0,0.385077380952381,True
18_fast_cadence_03,ARM_SWING__18_fast_cadence_03,ARM_SWING,0,10,21.0,23.0,40,Enhanced RF,0,0.09799107142857146,True
18_fast_cadence_03,ARM_SWING__18_fast_cadence_03,ARM_SWING,0,11,23.0,25.0,40,Enhanced RF,0,0.11705952380952381,True
18_fast_cadence_03,ARM_SWING__18_fast_cadence_03,ARM_SWING,0,12,25.0,27.0,40,Enhanced RF,0,0.12985119047619048,True
18_fast_cadence_03,ARM_SWING__18_fast_cadence_03,ARM_SWING,0,13,27.0,29.0,40,Enhanced RF,0,0.05677083333333334,True
19_large_swing_02,ARM_SWING__19_large_swing_02,ARM_SWING,0,0,1.0,3.0,40,Enhanced RF,1,0.6596423413488901,False
19_large_swing_02,ARM_SWING__19_large_swing_02,ARM_SWING,0,1,3.0,5.0,40,Enhanced RF,0,0.25277478182508056,True
19_large_swing_02,ARM_SWING__19_large_swing_02,ARM_SWING,0,2,5.0,7.0,40,Enhanced RF,1,0.5919105468787738,False
19_large_swing_02,ARM_SWING__19_large_swing_02,ARM_SWING,0,3,7.0,9.0,40,Enhanced RF,0,0.16237500000000002,True
19_large_swing_02,ARM_SWING__19_large_swing_02,ARM_SWING,0,4,9.0,11.0,40,Enhanced RF,0,0.26424030398322856,True
19_large_swing_02,ARM_SWING__19_large_swing_02,ARM_SWING,0,5,11.0,13.0,40,Enhanced RF,1,0.6211459862789623,False
19_large_swing_02,ARM_SWING__19_large_swing_02,ARM_SWING,0,6,13.0,15.0,40,Enhanced RF,1,0.5464686059907833,False
19_large_swing_02,ARM_SWING__19_large_swing_02,ARM_SWING,0,7,15.0,17.0,40,Enhanced RF,0,0.020791666666666667,True
19_large_swing_02,ARM_SWING__19_large_swing_02,ARM_SWING,0,8,17.0,19.0,40,Enhanced RF,0,0.23779166666666668,True
19_large_swing_02,ARM_SWING__19_large_swing_02,ARM_SWING,0,9,19.0,21.0,40,Enhanced RF,0,0.45075793650793633,True
19_large_swing_02,ARM_SWING__19_large_swing_02,ARM_SWING,0,10,21.0,23.0,40,Enhanced RF,0,0.1882440476190476,True
19_large_swing_02,ARM_SWING__19_large_swing_02,ARM_SWING,0,11,23.0,25.0,40,Enhanced RF,1,0.58298206754912,False
19_large_swing_02,ARM_SWING__19_large_swing_02,ARM_SWING,0,12,25.0,27.0,40,Enhanced RF,0,0.07237103174603175,True
19_large_swing_02,ARM_SWING__19_large_swing_02,ARM_SWING,0,13,27.0,29.0,40,Enhanced RF,1,0.7529301401327418,False
20_large_swing_03,ARM_SWING__20_large_swing_03,ARM_SWING,0,0,1.0,3.0,40,Enhanced RF,0,0.4432901785714287,True
20_large_swing_03,ARM_SWING__20_large_swing_03,ARM_SWING,0,1,3.0,5.0,40,Enhanced RF,0,0.03363541666666667,True
20_large_swing_03,ARM_SWING__20_large_swing_03,ARM_SWING,0,2,5.0,7.0,40,Enhanced RF,0,0.11984523809523807,True
20_large_swing_03,ARM_SWING__20_large_swing_03,ARM_SWING,0,3,7.0,9.0,40,Enhanced RF,0,0.1780684523809524,True
20_large_swing_03,ARM_SWING__20_large_swing_03,ARM_SWING,0,4,9.0,11.0,40,Enhanced RF,0,0.15888194444444442,True
20_large_swing_03,ARM_SWING__20_large_swing_03,ARM_SWING,0,5,11.0,13.0,40,Enhanced RF,0,0.2406815476190476,True
20_large_swing_03,ARM_SWING__20_large_swing_03,ARM_SWING,0,6,13.0,15.0,40,Enhanced RF,0,0.14387797619047618,True
20_large_swing_03,ARM_SWING__20_large_swing_03,ARM_SWING,0,7,15.0,17.0,40,Enhanced RF,0,0.17150297619047616,True
20_large_swing_03,ARM_SWING__20_large_swing_03,ARM_SWING,0,8,17.0,19.0,40,Enhanced RF,1,0.5942440476190476,False
20_large_swing_03,ARM_SWING__20_large_swing_03,ARM_SWING,0,9,19.0,21.0,40,Enhanced RF,0,0.2687708333333333,True
20_large_swing_03,ARM_SWING__20_large_swing_03,ARM_SWING,0,10,21.0,23.0,40,Enhanced RF,0,0.3185833333333333,True
20_large_swing_03,ARM_SWING__20_large_swing_03,ARM_SWING,0,11,23.0,25.0,40,Enhanced RF,1,0.5151636904761905,False
20_large_swing_03,ARM_SWING__20_large_swing_03,ARM_SWING,0,12,25.0,27.0,40,Enhanced RF,0,0.46976587301587314,True
20_large_swing_03,ARM_SWING__20_large_swing_03,ARM_SWING,0,13,27.0,29.0,40,Enhanced RF,0,0.16472916666666668,True
01_normal,WALKING__01_normal,WALKING,1,0,1.0,3.0,40,Enhanced ExtraTrees,1,0.8846306303964159,True
01_normal,WALKING__01_normal,WALKING,1,1,3.0,5.0,40,Enhanced ExtraTrees,1,0.9232699638949946,True
01_normal,WALKING__01_normal,WALKING,1,2,5.0,7.0,40,Enhanced ExtraTrees,1,0.7691268003877393,True
01_normal,WALKING__01_normal,WALKING,1,3,7.0,9.0,40,Enhanced ExtraTrees,1,0.9308351785327653,True
01_normal,WALKING__01_normal,WALKING,1,4,9.0,11.0,40,Enhanced ExtraTrees,1,0.8693539288067427,True
01_normal,WALKING__01_normal,WALKING,1,5,11.0,13.0,40,Enhanced ExtraTrees,1,0.9314104322789302,True
01_normal,WALKING__01_normal,WALKING,1,6,13.0,15.0,40,Enhanced ExtraTrees,1,0.9842155414945833,True
01_normal,WALKING__01_normal,WALKING,1,7,15.0,17.0,40,Enhanced ExtraTrees,1,0.9945265908834022,True
01_normal,WALKING__01_normal,WALKING,1,8,17.0,19.0,40,Enhanced ExtraTrees,1,0.9805768660675733,True
01_normal,WALKING__01_normal,WALKING,1,9,19.0,21.0,40,Enhanced ExtraTrees,1,0.9261146255738537,True
01_normal,WALKING__01_normal,WALKING,1,10,21.0,23.0,40,Enhanced ExtraTrees,1,0.925677876132118,True
01_normal,WALKING__01_normal,WALKING,1,11,23.0,25.0,40,Enhanced ExtraTrees,1,0.9703892617458214,True
01_normal,WALKING__01_normal,WALKING,1,12,25.0,27.0,40,Enhanced ExtraTrees,1,0.9859268474517099,True
01_normal,WALKING__01_normal,WALKING,1,13,27.0,29.0,40,Enhanced ExtraTrees,1,0.9713083537700173,True
02_normal,WALKING__02_normal,WALKING,1,0,1.0,3.0,40,Enhanced ExtraTrees,1,0.9433412028526124,True
02_normal,WALKING__02_normal,WALKING,1,1,3.0,5.0,40,Enhanced ExtraTrees,1,0.9195420747491267,True
02_normal,WALKING__02_normal,WALKING,1,2,5.0,7.0,40,Enhanced ExtraTrees,1,0.9701353037008836,True
02_normal,WALKING__02_normal,WALKING,1,3,7.0,9.0,40,Enhanced ExtraTrees,1,0.9104950609238547,True
02_normal,WALKING__02_normal,WALKING,1,4,9.0,11.0,40,Enhanced ExtraTrees,1,0.9649894120821021,True
02_normal,WALKING__02_normal,WALKING,1,5,11.0,13.0,40,Enhanced ExtraTrees,1,0.9288153315894411,True
02_normal,WALKING__02_normal,WALKING,1,6,13.0,15.0,40,Enhanced ExtraTrees,1,0.9741516614667067,True
02_normal,WALKING__02_normal,WALKING,1,7,15.0,17.0,40,Enhanced ExtraTrees,1,0.8757861454665449,True
02_normal,WALKING__02_normal,WALKING,1,8,17.0,19.0,40,Enhanced ExtraTrees,1,0.9770844235178412,True
02_normal,WALKING__02_normal,WALKING,1,9,19.0,21.0,40,Enhanced ExtraTrees,1,0.9854933388965079,True
02_normal,WALKING__02_normal,WALKING,1,10,21.0,23.0,40,Enhanced ExtraTrees,1,0.9283584091897049,True
02_normal,WALKING__02_normal,WALKING,1,11,23.0,25.0,40,Enhanced ExtraTrees,1,0.9683488074655212,True
02_normal,WALKING__02_normal,WALKING,1,12,25.0,27.0,40,Enhanced ExtraTrees,1,0.9866797369064385,True
02_normal,WALKING__02_normal,WALKING,1,13,27.0,29.0,40,Enhanced ExtraTrees,1,0.9031961748888457,True
03_slow,WALKING__03_slow,WALKING,1,0,1.0,3.0,40,Enhanced ExtraTrees,0,0.10936591991513075,False
03_slow,WALKING__03_slow,WALKING,1,1,3.0,5.0,40,Enhanced ExtraTrees,1,0.5027430944976268,True
03_slow,WALKING__03_slow,WALKING,1,2,5.0,7.0,40,Enhanced ExtraTrees,1,0.6783177713579138,True
03_slow,WALKING__03_slow,WALKING,1,3,7.0,9.0,40,Enhanced ExtraTrees,1,0.670639123126523,True
03_slow,WALKING__03_slow,WALKING,1,4,9.0,11.0,40,Enhanced ExtraTrees,1,0.5591324268235502,True
03_slow,WALKING__03_slow,WALKING,1,5,11.0,13.0,40,Enhanced ExtraTrees,1,0.5905554565232807,True
03_slow,WALKING__03_slow,WALKING,1,6,13.0,15.0,40,Enhanced ExtraTrees,1,0.8677876488787889,True
03_slow,WALKING__03_slow,WALKING,1,7,15.0,17.0,40,Enhanced ExtraTrees,1,0.5021443752914629,True
03_slow,WALKING__03_slow,WALKING,1,8,17.0,19.0,40,Enhanced ExtraTrees,0,0.03863716553772251,False
03_slow,WALKING__03_slow,WALKING,1,9,19.0,21.0,40,Enhanced ExtraTrees,1,0.7129879635738273,True
03_slow,WALKING__03_slow,WALKING,1,10,21.0,23.0,40,Enhanced ExtraTrees,1,0.6258096502811725,True
03_slow,WALKING__03_slow,WALKING,1,11,23.0,25.0,40,Enhanced ExtraTrees,1,0.9160972703318516,True
03_slow,WALKING__03_slow,WALKING,1,12,25.0,27.0,40,Enhanced ExtraTrees,1,0.821958787736318,True
03_slow,WALKING__03_slow,WALKING,1,13,27.0,29.0,40,Enhanced ExtraTrees,1,0.7602681750187482,True
04_fast,WALKING__04_fast,WALKING,1,0,1.0,3.0,40,Enhanced ExtraTrees,1,0.8490744495751477,True
04_fast,WALKING__04_fast,WALKING,1,1,3.0,5.0,40,Enhanced ExtraTrees,1,0.9017798258029743,True
04_fast,WALKING__04_fast,WALKING,1,2,5.0,7.0,40,Enhanced ExtraTrees,1,0.9321689912355084,True
04_fast,WALKING__04_fast,WALKING,1,3,7.0,9.0,40,Enhanced ExtraTrees,1,0.8849564696254886,True
04_fast,WALKING__04_fast,WALKING,1,4,9.0,11.0,40,Enhanced ExtraTrees,1,0.9375854358267022,True
04_fast,WALKING__04_fast,WALKING,1,5,11.0,13.0,40,Enhanced ExtraTrees,1,0.9408436753018108,True
04_fast,WALKING__04_fast,WALKING,1,6,13.0,15.0,40,Enhanced ExtraTrees,1,0.9102233323115648,True
04_fast,WALKING__04_fast,WALKING,1,7,15.0,17.0,40,Enhanced ExtraTrees,1,0.8145968311530163,True
04_fast,WALKING__04_fast,WALKING,1,8,17.0,19.0,40,Enhanced ExtraTrees,1,0.896306003153573,True
04_fast,WALKING__04_fast,WALKING,1,9,19.0,21.0,40,Enhanced ExtraTrees,1,0.8853261206213442,True
04_fast,WALKING__04_fast,WALKING,1,10,21.0,23.0,40,Enhanced ExtraTrees,1,0.9050419023405499,True
04_fast,WALKING__04_fast,WALKING,1,11,23.0,25.0,40,Enhanced ExtraTrees,1,0.9181747767019149,True
04_fast,WALKING__04_fast,WALKING,1,12,25.0,27.0,40,Enhanced ExtraTrees,1,0.837376038034557,True
04_fast,WALKING__04_fast,WALKING,1,13,27.0,29.0,40,Enhanced ExtraTrees,1,0.9156878886779739,True
05_short_arm_swings,WALKING__05_short_arm_swings,WALKING,1,0,1.0,3.0,40,Enhanced ExtraTrees,1,0.996319177969377,True
05_short_arm_swings,WALKING__05_short_arm_swings,WALKING,1,1,3.0,5.0,40,Enhanced ExtraTrees,1,0.9926563113625145,True
05_short_arm_swings,WALKING__05_short_arm_swings,WALKING,1,2,5.0,7.0,40,Enhanced ExtraTrees,1,0.9970158466952087,True
05_short_arm_swings,WALKING__05_short_arm_swings,WALKING,1,3,7.0,9.0,40,Enhanced ExtraTrees,1,0.9834006618608434,True
05_short_arm_swings,WALKING__05_short_arm_swings,WALKING,1,4,9.0,11.0,40,Enhanced ExtraTrees,1,0.9898439498210115,True
05_short_arm_swings,WALKING__05_short_arm_swings,WALKING,1,5,11.0,13.0,40,Enhanced ExtraTrees,1,0.9702372553886799,True
05_short_arm_swings,WALKING__05_short_arm_swings,WALKING,1,6,13.0,15.0,40,Enhanced ExtraTrees,1,0.989746158850905,True
05_short_arm_swings,WALKING__05_short_arm_swings,WALKING,1,7,15.0,17.0,40,Enhanced ExtraTrees,1,0.9923428881144357,True
05_short_arm_swings,WALKING__05_short_arm_swings,WALKING,1,8,17.0,19.0,40,Enhanced ExtraTrees,1,0.9686243412852916,True
05_short_arm_swings,WALKING__05_short_arm_swings,WALKING,1,9,19.0,21.0,40,Enhanced ExtraTrees,1,0.9950306570565196,True
05_short_arm_swings,WALKING__05_short_arm_swings,WALKING,1,10,21.0,23.0,40,Enhanced ExtraTrees,1,0.995957345658757,True
05_short_arm_swings,WALKING__05_short_arm_swings,WALKING,1,11,23.0,25.0,40,Enhanced ExtraTrees,1,0.9991406252845063,True
05_short_arm_swings,WALKING__05_short_arm_swings,WALKING,1,12,25.0,27.0,40,Enhanced ExtraTrees,1,0.9940016001269063,True
05_short_arm_swings,WALKING__05_short_arm_swings,WALKING,1,13,27.0,29.0,40,Enhanced ExtraTrees,1,0.9979332654243516,True
06_large_arm_swings,WALKING__06_large_arm_swings,WALKING,1,0,1.0,3.0,40,Enhanced ExtraTrees,1,0.6929296073607865,True
06_large_arm_swings,WALKING__06_large_arm_swings,WALKING,1,1,3.0,5.0,40,Enhanced ExtraTrees,0,0.48770301857653514,False
06_large_arm_swings,WALKING__06_large_arm_swings,WALKING,1,2,5.0,7.0,40,Enhanced ExtraTrees,0,0.40452578759686586,False
06_large_arm_swings,WALKING__06_large_arm_swings,WALKING,1,3,7.0,9.0,40,Enhanced ExtraTrees,1,0.538610014332257,True
06_large_arm_swings,WALKING__06_large_arm_swings,WALKING,1,4,9.0,11.0,40,Enhanced ExtraTrees,0,0.3611523340061734,False
06_large_arm_swings,WALKING__06_large_arm_swings,WALKING,1,5,11.0,13.0,40,Enhanced ExtraTrees,0,0.2613595878045934,False
06_large_arm_swings,WALKING__06_large_arm_swings,WALKING,1,6,13.0,15.0,40,Enhanced ExtraTrees,0,0.33015876625234336,False
06_large_arm_swings,WALKING__06_large_arm_swings,WALKING,1,7,15.0,17.0,40,Enhanced ExtraTrees,0,0.35239645229856076,False
06_large_arm_swings,WALKING__06_large_arm_swings,WALKING,1,8,17.0,19.0,40,Enhanced ExtraTrees,0,0.28926225606006284,False
06_large_arm_swings,WALKING__06_large_arm_swings,WALKING,1,9,19.0,21.0,40,Enhanced ExtraTrees,0,0.4620895027327535,False
06_large_arm_swings,WALKING__06_large_arm_swings,WALKING,1,10,21.0,23.0,40,Enhanced ExtraTrees,0,0.24833232764869595,False
06_large_arm_swings,WALKING__06_large_arm_swings,WALKING,1,11,23.0,25.0,40,Enhanced ExtraTrees,0,0.35803056068825617,False
06_large_arm_swings,WALKING__06_large_arm_swings,WALKING,1,12,25.0,27.0,40,Enhanced ExtraTrees,0,0.3042546085063177,False
06_large_arm_swings,WALKING__06_large_arm_swings,WALKING,1,13,27.0,29.0,40,Enhanced ExtraTrees,0,0.3686450400976667,False
07_relaxed_arms,WALKING__07_relaxed_arms,WALKING,1,0,1.0,3.0,40,Enhanced ExtraTrees,1,0.9897759324308201,True
07_relaxed_arms,WALKING__07_relaxed_arms,WALKING,1,1,3.0,5.0,40,Enhanced ExtraTrees,1,0.9952577295422089,True
07_relaxed_arms,WALKING__07_relaxed_arms,WALKING,1,2,5.0,7.0,40,Enhanced ExtraTrees,1,0.9918498005842881,True
07_relaxed_arms,WALKING__07_relaxed_arms,WALKING,1,3,7.0,9.0,40,Enhanced ExtraTrees,1,0.9963126786892861,True
07_relaxed_arms,WALKING__07_relaxed_arms,WALKING,1,4,9.0,11.0,40,Enhanced ExtraTrees,1,0.9960399459531495,True
07_relaxed_arms,WALKING__07_relaxed_arms,WALKING,1,5,11.0,13.0,40,Enhanced ExtraTrees,1,0.9906511237653729,True
07_relaxed_arms,WALKING__07_relaxed_arms,WALKING,1,6,13.0,15.0,40,Enhanced ExtraTrees,1,0.9918462584305245,True
07_relaxed_arms,WALKING__07_relaxed_arms,WALKING,1,7,15.0,17.0,40,Enhanced ExtraTrees,1,0.9894102362788483,True
07_relaxed_arms,WALKING__07_relaxed_arms,WALKING,1,8,17.0,19.0,40,Enhanced ExtraTrees,1,0.9973155921427634,True
07_relaxed_arms,WALKING__07_relaxed_arms,WALKING,1,9,19.0,21.0,40,Enhanced ExtraTrees,1,0.9914333683479224,True
07_relaxed_arms,WALKING__07_relaxed_arms,WALKING,1,10,21.0,23.0,40,Enhanced ExtraTrees,1,0.991964962492436,True
07_relaxed_arms,WALKING__07_relaxed_arms,WALKING,1,11,23.0,25.0,40,Enhanced ExtraTrees,1,0.9970294725114286,True
07_relaxed_arms,WALKING__07_relaxed_arms,WALKING,1,12,25.0,27.0,40,Enhanced ExtraTrees,1,0.9924306225214045,True
07_relaxed_arms,WALKING__07_relaxed_arms,WALKING,1,13,27.0,29.0,40,Enhanced ExtraTrees,1,0.9940428557813088,True
08_slightly_irregular_pace,WALKING__08_slightly_irregular_pace,WALKING,1,0,1.0,3.0,40,Enhanced ExtraTrees,1,0.9226103144893684,True
08_slightly_irregular_pace,WALKING__08_slightly_irregular_pace,WALKING,1,1,3.0,5.0,40,Enhanced ExtraTrees,1,0.6324075776549141,True
08_slightly_irregular_pace,WALKING__08_slightly_irregular_pace,WALKING,1,2,5.0,7.0,40,Enhanced ExtraTrees,1,0.9659452244917539,True
08_slightly_irregular_pace,WALKING__08_slightly_irregular_pace,WALKING,1,3,7.0,9.0,40,Enhanced ExtraTrees,1,0.678695225509734,True
08_slightly_irregular_pace,WALKING__08_slightly_irregular_pace,WALKING,1,4,9.0,11.0,40,Enhanced ExtraTrees,1,0.9849732645325991,True
08_slightly_irregular_pace,WALKING__08_slightly_irregular_pace,WALKING,1,5,11.0,13.0,40,Enhanced ExtraTrees,1,0.8360487754345195,True
08_slightly_irregular_pace,WALKING__08_slightly_irregular_pace,WALKING,1,6,13.0,15.0,40,Enhanced ExtraTrees,1,0.9757865905126387,True
08_slightly_irregular_pace,WALKING__08_slightly_irregular_pace,WALKING,1,7,15.0,17.0,40,Enhanced ExtraTrees,1,0.9635329033900543,True
08_slightly_irregular_pace,WALKING__08_slightly_irregular_pace,WALKING,1,8,17.0,19.0,40,Enhanced ExtraTrees,1,0.9869398635860641,True
08_slightly_irregular_pace,WALKING__08_slightly_irregular_pace,WALKING,1,9,19.0,21.0,40,Enhanced ExtraTrees,1,0.9043029117811108,True
08_slightly_irregular_pace,WALKING__08_slightly_irregular_pace,WALKING,1,10,21.0,23.0,40,Enhanced ExtraTrees,1,0.9400619791290674,True
08_slightly_irregular_pace,WALKING__08_slightly_irregular_pace,WALKING,1,11,23.0,25.0,40,Enhanced ExtraTrees,1,0.9433293251474515,True
08_slightly_irregular_pace,WALKING__08_slightly_irregular_pace,WALKING,1,12,25.0,27.0,40,Enhanced ExtraTrees,1,0.9469553296724179,True
08_slightly_irregular_pace,WALKING__08_slightly_irregular_pace,WALKING,1,13,27.0,29.0,40,Enhanced ExtraTrees,1,0.9895000717677288,True
09_normal,WALKING__09_normal,WALKING,1,0,1.0,3.0,40,Enhanced ExtraTrees,1,0.9684566235377278,True
09_normal,WALKING__09_normal,WALKING,1,1,3.0,5.0,40,Enhanced ExtraTrees,1,0.9896751662514904,True
09_normal,WALKING__09_normal,WALKING,1,2,5.0,7.0,40,Enhanced ExtraTrees,1,0.9833693273069916,True
09_normal,WALKING__09_normal,WALKING,1,3,7.0,9.0,40,Enhanced ExtraTrees,1,0.9841702336474702,True
09_normal,WALKING__09_normal,WALKING,1,4,9.0,11.0,40,Enhanced ExtraTrees,1,0.9836080376035038,True
09_normal,WALKING__09_normal,WALKING,1,5,11.0,13.0,40,Enhanced ExtraTrees,1,0.905847052646684,True
09_normal,WALKING__09_normal,WALKING,1,6,13.0,15.0,40,Enhanced ExtraTrees,1,0.9809846536121845,True
09_normal,WALKING__09_normal,WALKING,1,7,15.0,17.0,40,Enhanced ExtraTrees,1,0.9941202317570896,True
09_normal,WALKING__09_normal,WALKING,1,8,17.0,19.0,40,Enhanced ExtraTrees,1,0.9937762581665709,True
09_normal,WALKING__09_normal,WALKING,1,9,19.0,21.0,40,Enhanced ExtraTrees,1,0.9820407561217386,True
09_normal,WALKING__09_normal,WALKING,1,10,21.0,23.0,40,Enhanced ExtraTrees,1,0.9926203307025458,True
09_normal,WALKING__09_normal,WALKING,1,11,23.0,25.0,40,Enhanced ExtraTrees,1,0.989396693259725,True
09_normal,WALKING__09_normal,WALKING,1,12,25.0,27.0,40,Enhanced ExtraTrees,1,0.9953170480036291,True
09_normal,WALKING__09_normal,WALKING,1,13,27.0,29.0,40,Enhanced ExtraTrees,1,0.9544818486863835,True
10_normal,WALKING__10_normal,WALKING,1,0,1.0,3.0,40,Enhanced ExtraTrees,1,0.9818878536517994,True
10_normal,WALKING__10_normal,WALKING,1,1,3.0,5.0,40,Enhanced ExtraTrees,1,0.9869365758791683,True
10_normal,WALKING__10_normal,WALKING,1,2,5.0,7.0,40,Enhanced ExtraTrees,1,0.8425016412639325,True
10_normal,WALKING__10_normal,WALKING,1,3,7.0,9.0,40,Enhanced ExtraTrees,1,0.8982815679787435,True
10_normal,WALKING__10_normal,WALKING,1,4,9.0,11.0,40,Enhanced ExtraTrees,1,0.834985062731767,True
10_normal,WALKING__10_normal,WALKING,1,5,11.0,13.0,40,Enhanced ExtraTrees,1,0.9838642213216791,True
10_normal,WALKING__10_normal,WALKING,1,6,13.0,15.0,40,Enhanced ExtraTrees,1,0.9525764023716478,True
10_normal,WALKING__10_normal,WALKING,1,7,15.0,17.0,40,Enhanced ExtraTrees,1,0.8423129373316226,True
10_normal,WALKING__10_normal,WALKING,1,8,17.0,19.0,40,Enhanced ExtraTrees,1,0.9625009342914318,True
10_normal,WALKING__10_normal,WALKING,1,9,19.0,21.0,40,Enhanced ExtraTrees,1,0.9711167979046493,True
10_normal,WALKING__10_normal,WALKING,1,10,21.0,23.0,40,Enhanced ExtraTrees,1,0.9919154275279743,True
10_normal,WALKING__10_normal,WALKING,1,11,23.0,25.0,40,Enhanced ExtraTrees,1,0.8836864512515765,True
10_normal,WALKING__10_normal,WALKING,1,12,25.0,27.0,40,Enhanced ExtraTrees,1,0.9502735512191708,True
10_normal,WALKING__10_normal,WALKING,1,13,27.0,29.0,40,Enhanced ExtraTrees,1,0.965099615652459,True
11_arm_held_still,WALKING__11_arm_held_still,WALKING,1,0,1.0,3.0,40,Enhanced ExtraTrees,1,0.9755522007031975,True
11_arm_held_still,WALKING__11_arm_held_still,WALKING,1,1,3.0,5.0,40,Enhanced ExtraTrees,1,0.9979825037540735,True
11_arm_held_still,WALKING__11_arm_held_still,WALKING,1,2,5.0,7.0,40,Enhanced ExtraTrees,1,0.998992012553107,True
11_arm_held_still,WALKING__11_arm_held_still,WALKING,1,3,7.0,9.0,40,Enhanced ExtraTrees,1,0.9965987991098818,True
11_arm_held_still,WALKING__11_arm_held_still,WALKING,1,4,9.0,11.0,40,Enhanced ExtraTrees,1,0.9902228269134622,True
11_arm_held_still,WALKING__11_arm_held_still,WALKING,1,5,11.0,13.0,40,Enhanced ExtraTrees,1,0.9971077244994879,True
11_arm_held_still,WALKING__11_arm_held_still,WALKING,1,6,13.0,15.0,40,Enhanced ExtraTrees,1,0.9961345641100651,True
11_arm_held_still,WALKING__11_arm_held_still,WALKING,1,7,15.0,17.0,40,Enhanced ExtraTrees,1,0.9981777338623641,True
11_arm_held_still,WALKING__11_arm_held_still,WALKING,1,8,17.0,19.0,40,Enhanced ExtraTrees,1,0.9986534582313478,True
11_arm_held_still,WALKING__11_arm_held_still,WALKING,1,9,19.0,21.0,40,Enhanced ExtraTrees,1,0.9975588093040331,True
11_arm_held_still,WALKING__11_arm_held_still,WALKING,1,10,21.0,23.0,40,Enhanced ExtraTrees,1,0.9993734153234002,True
11_arm_held_still,WALKING__11_arm_held_still,WALKING,1,11,23.0,25.0,40,Enhanced ExtraTrees,1,0.9981201586561335,True
11_arm_held_still,WALKING__11_arm_held_still,WALKING,1,12,25.0,27.0,40,Enhanced ExtraTrees,1,0.9993684049989049,True
11_arm_held_still,WALKING__11_arm_held_still,WALKING,1,13,27.0,29.0,40,Enhanced ExtraTrees,1,0.998377071852221,True
12_looking_at_phone,WALKING__12_looking_at_phone,WALKING,1,0,1.0,3.0,40,Enhanced ExtraTrees,1,0.8157185616897273,True
12_looking_at_phone,WALKING__12_looking_at_phone,WALKING,1,1,3.0,5.0,40,Enhanced ExtraTrees,1,0.9953168826485946,True
12_looking_at_phone,WALKING__12_looking_at_phone,WALKING,1,2,5.0,7.0,40,Enhanced ExtraTrees,1,0.9989781491284382,True
12_looking_at_phone,WALKING__12_looking_at_phone,WALKING,1,3,7.0,9.0,40,Enhanced ExtraTrees,1,0.970860146860167,True
12_looking_at_phone,WALKING__12_looking_at_phone,WALKING,1,4,9.0,11.0,40,Enhanced ExtraTrees,1,0.9935081089208541,True
12_looking_at_phone,WALKING__12_looking_at_phone,WALKING,1,5,11.0,13.0,40,Enhanced ExtraTrees,1,0.9746747126088064,True
12_looking_at_phone,WALKING__12_looking_at_phone,WALKING,1,6,13.0,15.0,40,Enhanced ExtraTrees,1,0.9953102717924698,True
12_looking_at_phone,WALKING__12_looking_at_phone,WALKING,1,7,15.0,17.0,40,Enhanced ExtraTrees,1,0.9859745444434381,True
12_looking_at_phone,WALKING__12_looking_at_phone,WALKING,1,8,17.0,19.0,40,Enhanced ExtraTrees,1,0.985416182880418,True
12_looking_at_phone,WALKING__12_looking_at_phone,WALKING,1,9,19.0,21.0,40,Enhanced ExtraTrees,1,0.9963235359916284,True
12_looking_at_phone,WALKING__12_looking_at_phone,WALKING,1,10,21.0,23.0,40,Enhanced ExtraTrees,1,0.9791062867969974,True
12_looking_at_phone,WALKING__12_looking_at_phone,WALKING,1,11,23.0,25.0,40,Enhanced ExtraTrees,1,0.9649750236997474,True
12_looking_at_phone,WALKING__12_looking_at_phone,WALKING,1,12,25.0,27.0,40,Enhanced ExtraTrees,1,0.994985129151442,True
12_looking_at_phone,WALKING__12_looking_at_phone,WALKING,1,13,27.0,29.0,40,Enhanced ExtraTrees,1,0.9623016256076575,True
13_sensor_hand_in_pocket,WALKING__13_sensor_hand_in_pocket,WALKING,1,0,1.0,3.0,40,Enhanced ExtraTrees,1,0.9960212901508974,True
13_sensor_hand_in_pocket,WALKING__13_sensor_hand_in_pocket,WALKING,1,1,3.0,5.0,40,Enhanced ExtraTrees,1,0.9958339133104586,True
13_sensor_hand_in_pocket,WALKING__13_sensor_hand_in_pocket,WALKING,1,2,5.0,7.0,40,Enhanced ExtraTrees,1,0.9925903105502486,True
13_sensor_hand_in_pocket,WALKING__13_sensor_hand_in_pocket,WALKING,1,3,7.0,9.0,40,Enhanced ExtraTrees,1,0.9896931719888663,True
13_sensor_hand_in_pocket,WALKING__13_sensor_hand_in_pocket,WALKING,1,4,9.0,11.0,40,Enhanced ExtraTrees,1,0.9950800308936156,True
13_sensor_hand_in_pocket,WALKING__13_sensor_hand_in_pocket,WALKING,1,5,11.0,13.0,40,Enhanced ExtraTrees,1,0.9947168249971685,True
13_sensor_hand_in_pocket,WALKING__13_sensor_hand_in_pocket,WALKING,1,6,13.0,15.0,40,Enhanced ExtraTrees,1,0.9885733950026037,True
13_sensor_hand_in_pocket,WALKING__13_sensor_hand_in_pocket,WALKING,1,7,15.0,17.0,40,Enhanced ExtraTrees,1,0.9936564890725315,True
13_sensor_hand_in_pocket,WALKING__13_sensor_hand_in_pocket,WALKING,1,8,17.0,19.0,40,Enhanced ExtraTrees,1,0.9874426355664133,True
13_sensor_hand_in_pocket,WALKING__13_sensor_hand_in_pocket,WALKING,1,9,19.0,21.0,40,Enhanced ExtraTrees,1,0.9960619862057619,True
13_sensor_hand_in_pocket,WALKING__13_sensor_hand_in_pocket,WALKING,1,10,21.0,23.0,40,Enhanced ExtraTrees,1,0.9951775226708928,True
13_sensor_hand_in_pocket,WALKING__13_sensor_hand_in_pocket,WALKING,1,11,23.0,25.0,40,Enhanced ExtraTrees,1,0.992617300818744,True
13_sensor_hand_in_pocket,WALKING__13_sensor_hand_in_pocket,WALKING,1,12,25.0,27.0,40,Enhanced ExtraTrees,1,0.990497107221355,True
13_sensor_hand_in_pocket,WALKING__13_sensor_hand_in_pocket,WALKING,1,13,27.0,29.0,40,Enhanced ExtraTrees,1,0.9990521749165893,True
14_carrying_a_light_object,WALKING__14_carrying_a_light_object,WALKING,1,0,1.0,3.0,40,Enhanced ExtraTrees,1,0.9784258650815972,True
14_carrying_a_light_object,WALKING__14_carrying_a_light_object,WALKING,1,1,3.0,5.0,40,Enhanced ExtraTrees,1,0.9981862521758319,True
14_carrying_a_light_object,WALKING__14_carrying_a_light_object,WALKING,1,2,5.0,7.0,40,Enhanced ExtraTrees,1,0.9992043484510162,True
14_carrying_a_light_object,WALKING__14_carrying_a_light_object,WALKING,1,3,7.0,9.0,40,Enhanced ExtraTrees,1,0.9958422271100896,True
14_carrying_a_light_object,WALKING__14_carrying_a_light_object,WALKING,1,4,9.0,11.0,40,Enhanced ExtraTrees,1,0.9923379005312835,True
14_carrying_a_light_object,WALKING__14_carrying_a_light_object,WALKING,1,5,11.0,13.0,40,Enhanced ExtraTrees,1,0.9645252215391984,True
14_carrying_a_light_object,WALKING__14_carrying_a_light_object,WALKING,1,6,13.0,15.0,40,Enhanced ExtraTrees,1,0.9864710484723602,True
14_carrying_a_light_object,WALKING__14_carrying_a_light_object,WALKING,1,7,15.0,17.0,40,Enhanced ExtraTrees,1,0.9988307045638197,True
14_carrying_a_light_object,WALKING__14_carrying_a_light_object,WALKING,1,8,17.0,19.0,40,Enhanced ExtraTrees,1,0.9983073928465585,True
14_carrying_a_light_object,WALKING__14_carrying_a_light_object,WALKING,1,9,19.0,21.0,40,Enhanced ExtraTrees,1,0.997540028264931,True
14_carrying_a_light_object,WALKING__14_carrying_a_light_object,WALKING,1,10,21.0,23.0,40,Enhanced ExtraTrees,1,0.9930741253024479,True
14_carrying_a_light_object,WALKING__14_carrying_a_light_object,WALKING,1,11,23.0,25.0,40,Enhanced ExtraTrees,1,0.9903603037254152,True
14_carrying_a_light_object,WALKING__14_carrying_a_light_object,WALKING,1,12,25.0,27.0,40,Enhanced ExtraTrees,1,0.9977886244131706,True
14_carrying_a_light_object,WALKING__14_carrying_a_light_object,WALKING,1,13,27.0,29.0,40,Enhanced ExtraTrees,1,0.9936839830669143,True
15_frequent_gentle_turns,WALKING__15_frequent_gentle_turns,WALKING,1,0,1.0,3.0,40,Enhanced ExtraTrees,1,0.989941934146661,True
15_frequent_gentle_turns,WALKING__15_frequent_gentle_turns,WALKING,1,1,3.0,5.0,40,Enhanced ExtraTrees,1,0.9131312155801216,True
15_frequent_gentle_turns,WALKING__15_frequent_gentle_turns,WALKING,1,2,5.0,7.0,40,Enhanced ExtraTrees,1,0.9572399079846882,True
15_frequent_gentle_turns,WALKING__15_frequent_gentle_turns,WALKING,1,3,7.0,9.0,40,Enhanced ExtraTrees,1,0.9957434646351228,True
15_frequent_gentle_turns,WALKING__15_frequent_gentle_turns,WALKING,1,4,9.0,11.0,40,Enhanced ExtraTrees,1,0.9901670736482789,True
15_frequent_gentle_turns,WALKING__15_frequent_gentle_turns,WALKING,1,5,11.0,13.0,40,Enhanced ExtraTrees,1,0.9392037636552127,True
15_frequent_gentle_turns,WALKING__15_frequent_gentle_turns,WALKING,1,6,13.0,15.0,40,Enhanced ExtraTrees,1,0.9948684508621308,True
15_frequent_gentle_turns,WALKING__15_frequent_gentle_turns,WALKING,1,7,15.0,17.0,40,Enhanced ExtraTrees,1,0.9960514063515119,True
15_frequent_gentle_turns,WALKING__15_frequent_gentle_turns,WALKING,1,8,17.0,19.0,40,Enhanced ExtraTrees,1,0.9878196704299017,True
15_frequent_gentle_turns,WALKING__15_frequent_gentle_turns,WALKING,1,9,19.0,21.0,40,Enhanced ExtraTrees,1,0.9947031788615271,True
15_frequent_gentle_turns,WALKING__15_frequent_gentle_turns,WALKING,1,10,21.0,23.0,40,Enhanced ExtraTrees,1,0.9478447427923872,True
15_frequent_gentle_turns,WALKING__15_frequent_gentle_turns,WALKING,1,11,23.0,25.0,40,Enhanced ExtraTrees,1,0.9523026671750928,True
15_frequent_gentle_turns,WALKING__15_frequent_gentle_turns,WALKING,1,12,25.0,27.0,40,Enhanced ExtraTrees,1,0.6292658801039964,True
15_frequent_gentle_turns,WALKING__15_frequent_gentle_turns,WALKING,1,13,27.0,29.0,40,Enhanced ExtraTrees,1,0.9930210825199789,True
16_slow_02,WALKING__16_slow_02,WALKING,1,0,1.0,3.0,40,Enhanced ExtraTrees,1,0.7197864321711083,True
16_slow_02,WALKING__16_slow_02,WALKING,1,1,3.0,5.0,40,Enhanced ExtraTrees,1,0.8606902844144682,True
16_slow_02,WALKING__16_slow_02,WALKING,1,2,5.0,7.0,40,Enhanced ExtraTrees,1,0.5726983739681232,True
16_slow_02,WALKING__16_slow_02,WALKING,1,3,7.0,9.0,40,Enhanced ExtraTrees,1,0.9294675224645869,True
16_slow_02,WALKING__16_slow_02,WALKING,1,4,9.0,11.0,40,Enhanced ExtraTrees,1,0.7700279192277044,True
16_slow_02,WALKING__16_slow_02,WALKING,1,5,11.0,13.0,40,Enhanced ExtraTrees,1,0.9486749077217185,True
16_slow_02,WALKING__16_slow_02,WALKING,1,6,13.0,15.0,40,Enhanced ExtraTrees,1,0.8161824465262262,True
16_slow_02,WALKING__16_slow_02,WALKING,1,7,15.0,17.0,40,Enhanced ExtraTrees,1,0.7149350908434928,True
16_slow_02,WALKING__16_slow_02,WALKING,1,8,17.0,19.0,40,Enhanced ExtraTrees,1,0.7664728792849601,True
16_slow_02,WALKING__16_slow_02,WALKING,1,9,19.0,21.0,40,Enhanced ExtraTrees,1,0.929522282798197,True
16_slow_02,WALKING__16_slow_02,WALKING,1,10,21.0,23.0,40,Enhanced ExtraTrees,1,0.8390229434160935,True
16_slow_02,WALKING__16_slow_02,WALKING,1,11,23.0,25.0,40,Enhanced ExtraTrees,1,0.7946822785059582,True
16_slow_02,WALKING__16_slow_02,WALKING,1,12,25.0,27.0,40,Enhanced ExtraTrees,1,0.9736338363278354,True
16_slow_02,WALKING__16_slow_02,WALKING,1,13,27.0,29.0,40,Enhanced ExtraTrees,1,0.9187074424620195,True
17_slow_03,WALKING__17_slow_03,WALKING,1,0,1.0,3.0,40,Enhanced ExtraTrees,1,0.6970027714092119,True
17_slow_03,WALKING__17_slow_03,WALKING,1,1,3.0,5.0,40,Enhanced ExtraTrees,0,0.31476246391772816,False
17_slow_03,WALKING__17_slow_03,WALKING,1,2,5.0,7.0,40,Enhanced ExtraTrees,0,0.3125285175810432,False
17_slow_03,WALKING__17_slow_03,WALKING,1,3,7.0,9.0,40,Enhanced ExtraTrees,1,0.7726555879041803,True
17_slow_03,WALKING__17_slow_03,WALKING,1,4,9.0,11.0,40,Enhanced ExtraTrees,1,0.9168053510278327,True
17_slow_03,WALKING__17_slow_03,WALKING,1,5,11.0,13.0,40,Enhanced ExtraTrees,1,0.8633480482097022,True
17_slow_03,WALKING__17_slow_03,WALKING,1,6,13.0,15.0,40,Enhanced ExtraTrees,1,0.9291092724511465,True
17_slow_03,WALKING__17_slow_03,WALKING,1,7,15.0,17.0,40,Enhanced ExtraTrees,1,0.9283041197909618,True
17_slow_03,WALKING__17_slow_03,WALKING,1,8,17.0,19.0,40,Enhanced ExtraTrees,1,0.8843199149122327,True
17_slow_03,WALKING__17_slow_03,WALKING,1,9,19.0,21.0,40,Enhanced ExtraTrees,1,0.9031216910001794,True
17_slow_03,WALKING__17_slow_03,WALKING,1,10,21.0,23.0,40,Enhanced ExtraTrees,1,0.8471411052105121,True
17_slow_03,WALKING__17_slow_03,WALKING,1,11,23.0,25.0,40,Enhanced ExtraTrees,1,0.7007495433170088,True
17_slow_03,WALKING__17_slow_03,WALKING,1,12,25.0,27.0,40,Enhanced ExtraTrees,1,0.5453171450168535,True
17_slow_03,WALKING__17_slow_03,WALKING,1,13,27.0,29.0,40,Enhanced ExtraTrees,1,0.8813639409105667,True
18_fast_02,WALKING__18_fast_02,WALKING,1,0,1.0,3.0,40,Enhanced ExtraTrees,1,0.9848797059997996,True
18_fast_02,WALKING__18_fast_02,WALKING,1,1,3.0,5.0,40,Enhanced ExtraTrees,1,0.9868433396968976,True
18_fast_02,WALKING__18_fast_02,WALKING,1,2,5.0,7.0,40,Enhanced ExtraTrees,1,0.9808659370624406,True
18_fast_02,WALKING__18_fast_02,WALKING,1,3,7.0,9.0,40,Enhanced ExtraTrees,1,0.9611449578897016,True
18_fast_02,WALKING__18_fast_02,WALKING,1,4,9.0,11.0,40,Enhanced ExtraTrees,1,0.9339806114266619,True
18_fast_02,WALKING__18_fast_02,WALKING,1,5,11.0,13.0,40,Enhanced ExtraTrees,1,0.9591420408918455,True
18_fast_02,WALKING__18_fast_02,WALKING,1,6,13.0,15.0,40,Enhanced ExtraTrees,1,0.9498447837487874,True
18_fast_02,WALKING__18_fast_02,WALKING,1,7,15.0,17.0,40,Enhanced ExtraTrees,1,0.968069959087662,True
18_fast_02,WALKING__18_fast_02,WALKING,1,8,17.0,19.0,40,Enhanced ExtraTrees,1,0.9751715521277977,True
18_fast_02,WALKING__18_fast_02,WALKING,1,9,19.0,21.0,40,Enhanced ExtraTrees,1,0.9775107111620934,True
18_fast_02,WALKING__18_fast_02,WALKING,1,10,21.0,23.0,40,Enhanced ExtraTrees,1,0.9838967985265796,True
18_fast_02,WALKING__18_fast_02,WALKING,1,11,23.0,25.0,40,Enhanced ExtraTrees,1,0.9335704716979926,True
18_fast_02,WALKING__18_fast_02,WALKING,1,12,25.0,27.0,40,Enhanced ExtraTrees,1,0.9724724072747634,True
18_fast_02,WALKING__18_fast_02,WALKING,1,13,27.0,29.0,40,Enhanced ExtraTrees,1,0.9742066548669119,True
19_fast_03,WALKING__19_fast_03,WALKING,1,0,1.0,3.0,40,Enhanced ExtraTrees,1,0.9075353260965359,True
19_fast_03,WALKING__19_fast_03,WALKING,1,1,3.0,5.0,40,Enhanced ExtraTrees,1,0.9400141449951259,True
19_fast_03,WALKING__19_fast_03,WALKING,1,2,5.0,7.0,40,Enhanced ExtraTrees,1,0.9781171302073072,True
19_fast_03,WALKING__19_fast_03,WALKING,1,3,7.0,9.0,40,Enhanced ExtraTrees,1,0.8665475032168511,True
19_fast_03,WALKING__19_fast_03,WALKING,1,4,9.0,11.0,40,Enhanced ExtraTrees,1,0.9605762667070887,True
19_fast_03,WALKING__19_fast_03,WALKING,1,5,11.0,13.0,40,Enhanced ExtraTrees,1,0.8879283803072888,True
19_fast_03,WALKING__19_fast_03,WALKING,1,6,13.0,15.0,40,Enhanced ExtraTrees,1,0.9686007793725584,True
19_fast_03,WALKING__19_fast_03,WALKING,1,7,15.0,17.0,40,Enhanced ExtraTrees,1,0.9473395977251982,True
19_fast_03,WALKING__19_fast_03,WALKING,1,8,17.0,19.0,40,Enhanced ExtraTrees,1,0.8215060538411961,True
19_fast_03,WALKING__19_fast_03,WALKING,1,9,19.0,21.0,40,Enhanced ExtraTrees,1,0.9542711743730499,True
19_fast_03,WALKING__19_fast_03,WALKING,1,10,21.0,23.0,40,Enhanced ExtraTrees,1,0.9349770547662039,True
19_fast_03,WALKING__19_fast_03,WALKING,1,11,23.0,25.0,40,Enhanced ExtraTrees,1,0.9701266812778789,True
19_fast_03,WALKING__19_fast_03,WALKING,1,12,25.0,27.0,40,Enhanced ExtraTrees,1,0.9522885399001175,True
19_fast_03,WALKING__19_fast_03,WALKING,1,13,27.0,29.0,40,Enhanced ExtraTrees,1,0.9680157317819724,True
20_large_arm_swings_02,WALKING__20_large_arm_swings_02,WALKING,1,0,1.0,3.0,40,Enhanced ExtraTrees,1,0.8281097057672642,True
20_large_arm_swings_02,WALKING__20_large_arm_swings_02,WALKING,1,1,3.0,5.0,40,Enhanced ExtraTrees,0,0.45755684964163845,False
20_large_arm_swings_02,WALKING__20_large_arm_swings_02,WALKING,1,2,5.0,7.0,40,Enhanced ExtraTrees,1,0.9237076388082086,True
20_large_arm_swings_02,WALKING__20_large_arm_swings_02,WALKING,1,3,7.0,9.0,40,Enhanced ExtraTrees,1,0.7942976035490347,True
20_large_arm_swings_02,WALKING__20_large_arm_swings_02,WALKING,1,4,9.0,11.0,40,Enhanced ExtraTrees,1,0.8738499495328419,True
20_large_arm_swings_02,WALKING__20_large_arm_swings_02,WALKING,1,5,11.0,13.0,40,Enhanced ExtraTrees,1,0.7392361280085378,True
20_large_arm_swings_02,WALKING__20_large_arm_swings_02,WALKING,1,6,13.0,15.0,40,Enhanced ExtraTrees,1,0.8236593802541159,True
20_large_arm_swings_02,WALKING__20_large_arm_swings_02,WALKING,1,7,15.0,17.0,40,Enhanced ExtraTrees,1,0.8653460042696913,True
20_large_arm_swings_02,WALKING__20_large_arm_swings_02,WALKING,1,8,17.0,19.0,40,Enhanced ExtraTrees,0,0.44839049740629716,False
20_large_arm_swings_02,WALKING__20_large_arm_swings_02,WALKING,1,9,19.0,21.0,40,Enhanced ExtraTrees,1,0.6830698802020126,True
20_large_arm_swings_02,WALKING__20_large_arm_swings_02,WALKING,1,10,21.0,23.0,40,Enhanced ExtraTrees,1,0.7595876131911363,True
20_large_arm_swings_02,WALKING__20_large_arm_swings_02,WALKING,1,11,23.0,25.0,40,Enhanced ExtraTrees,1,0.795914157807196,True
20_large_arm_swings_02,WALKING__20_large_arm_swings_02,WALKING,1,12,25.0,27.0,40,Enhanced ExtraTrees,1,0.7425510658702048,True
20_large_arm_swings_02,WALKING__20_large_arm_swings_02,WALKING,1,13,27.0,29.0,40,Enhanced ExtraTrees,1,0.8274456381900593,True
21_large_arm_swings_03,WALKING__21_large_arm_swings_03,WALKING,1,0,1.0,3.0,40,Enhanced ExtraTrees,1,0.8690953867784994,True
21_large_arm_swings_03,WALKING__21_large_arm_swings_03,WALKING,1,1,3.0,5.0,40,Enhanced ExtraTrees,1,0.7718796655966371,True
21_large_arm_swings_03,WALKING__21_large_arm_swings_03,WALKING,1,2,5.0,7.0,40,Enhanced ExtraTrees,1,0.8551824334449403,True
21_large_arm_swings_03,WALKING__21_large_arm_swings_03,WALKING,1,3,7.0,9.0,40,Enhanced ExtraTrees,0,0.4894590313940704,False
21_large_arm_swings_03,WALKING__21_large_arm_swings_03,WALKING,1,4,9.0,11.0,40,Enhanced ExtraTrees,1,0.6035565573661613,True
21_large_arm_swings_03,WALKING__21_large_arm_swings_03,WALKING,1,5,11.0,13.0,40,Enhanced ExtraTrees,1,0.7395503585935137,True
21_large_arm_swings_03,WALKING__21_large_arm_swings_03,WALKING,1,6,13.0,15.0,40,Enhanced ExtraTrees,1,0.5394935343263025,True
21_large_arm_swings_03,WALKING__21_large_arm_swings_03,WALKING,1,7,15.0,17.0,40,Enhanced ExtraTrees,1,0.8051157714499539,True
21_large_arm_swings_03,WALKING__21_large_arm_swings_03,WALKING,1,8,17.0,19.0,40,Enhanced ExtraTrees,0,0.41496018619526664,False
21_large_arm_swings_03,WALKING__21_large_arm_swings_03,WALKING,1,9,19.0,21.0,40,Enhanced ExtraTrees,1,0.7556445537750693,True
21_large_arm_swings_03,WALKING__21_large_arm_swings_03,WALKING,1,10,21.0,23.0,40,Enhanced ExtraTrees,1,0.8019895983835634,True
21_large_arm_swings_03,WALKING__21_large_arm_swings_03,WALKING,1,11,23.0,25.0,40,Enhanced ExtraTrees,0,0.284773157403056,False
21_large_arm_swings_03,WALKING__21_large_arm_swings_03,WALKING,1,12,25.0,27.0,40,Enhanced ExtraTrees,1,0.8988830385192739,True
21_large_arm_swings_03,WALKING__21_large_arm_swings_03,WALKING,1,13,27.0,29.0,40,Enhanced ExtraTrees,1,0.8479071889510508,True
01_normal_walking_cadence,ARM_SWING__01_normal_walking_cadence,ARM_SWING,0,0,1.0,3.0,40,Enhanced ExtraTrees,0,0.016560171526999807,True
01_normal_walking_cadence,ARM_SWING__01_normal_walking_cadence,ARM_SWING,0,1,3.0,5.0,40,Enhanced ExtraTrees,0,0.02305154976718919,True
01_normal_walking_cadence,ARM_SWING__01_normal_walking_cadence,ARM_SWING,0,2,5.0,7.0,40,Enhanced ExtraTrees,0,0.006473028777948285,True
01_normal_walking_cadence,ARM_SWING__01_normal_walking_cadence,ARM_SWING,0,3,7.0,9.0,40,Enhanced ExtraTrees,0,0.00796431052096775,True
01_normal_walking_cadence,ARM_SWING__01_normal_walking_cadence,ARM_SWING,0,4,9.0,11.0,40,Enhanced ExtraTrees,0,0.007256235503134124,True
01_normal_walking_cadence,ARM_SWING__01_normal_walking_cadence,ARM_SWING,0,5,11.0,13.0,40,Enhanced ExtraTrees,0,0.10889817387238257,True
01_normal_walking_cadence,ARM_SWING__01_normal_walking_cadence,ARM_SWING,0,6,13.0,15.0,40,Enhanced ExtraTrees,0,0.019276752684618283,True
01_normal_walking_cadence,ARM_SWING__01_normal_walking_cadence,ARM_SWING,0,7,15.0,17.0,40,Enhanced ExtraTrees,0,0.03984906234221986,True
01_normal_walking_cadence,ARM_SWING__01_normal_walking_cadence,ARM_SWING,0,8,17.0,19.0,40,Enhanced ExtraTrees,0,0.005800634867733928,True
01_normal_walking_cadence,ARM_SWING__01_normal_walking_cadence,ARM_SWING,0,9,19.0,21.0,40,Enhanced ExtraTrees,0,0.004636656206429996,True
01_normal_walking_cadence,ARM_SWING__01_normal_walking_cadence,ARM_SWING,0,10,21.0,23.0,40,Enhanced ExtraTrees,0,0.0013227716850598762,True
01_normal_walking_cadence,ARM_SWING__01_normal_walking_cadence,ARM_SWING,0,11,23.0,25.0,40,Enhanced ExtraTrees,0,0.0017529882786997328,True
01_normal_walking_cadence,ARM_SWING__01_normal_walking_cadence,ARM_SWING,0,12,25.0,27.0,40,Enhanced ExtraTrees,0,0.012579936673445787,True
01_normal_walking_cadence,ARM_SWING__01_normal_walking_cadence,ARM_SWING,0,13,27.0,29.0,40,Enhanced ExtraTrees,0,0.03257055732677136,True
02_slow_cadence,ARM_SWING__02_slow_cadence,ARM_SWING,0,0,1.0,3.0,40,Enhanced ExtraTrees,0,0.12232814929752235,True
02_slow_cadence,ARM_SWING__02_slow_cadence,ARM_SWING,0,1,3.0,5.0,40,Enhanced ExtraTrees,0,0.12919152061630487,True
02_slow_cadence,ARM_SWING__02_slow_cadence,ARM_SWING,0,2,5.0,7.0,40,Enhanced ExtraTrees,0,0.06250652249402895,True
02_slow_cadence,ARM_SWING__02_slow_cadence,ARM_SWING,0,3,7.0,9.0,40,Enhanced ExtraTrees,0,0.3110749675037443,True
02_slow_cadence,ARM_SWING__02_slow_cadence,ARM_SWING,0,4,9.0,11.0,40,Enhanced ExtraTrees,0,0.04075916765962818,True
02_slow_cadence,ARM_SWING__02_slow_cadence,ARM_SWING,0,5,11.0,13.0,40,Enhanced ExtraTrees,0,0.16483101098065436,True
02_slow_cadence,ARM_SWING__02_slow_cadence,ARM_SWING,0,6,13.0,15.0,40,Enhanced ExtraTrees,0,0.08893341356812362,True
02_slow_cadence,ARM_SWING__02_slow_cadence,ARM_SWING,0,7,15.0,17.0,40,Enhanced ExtraTrees,0,0.05310983767881955,True
02_slow_cadence,ARM_SWING__02_slow_cadence,ARM_SWING,0,8,17.0,19.0,40,Enhanced ExtraTrees,1,0.5333246917638585,False
02_slow_cadence,ARM_SWING__02_slow_cadence,ARM_SWING,0,9,19.0,21.0,40,Enhanced ExtraTrees,0,0.09117114653312756,True
02_slow_cadence,ARM_SWING__02_slow_cadence,ARM_SWING,0,10,21.0,23.0,40,Enhanced ExtraTrees,0,0.10958665074857439,True
02_slow_cadence,ARM_SWING__02_slow_cadence,ARM_SWING,0,11,23.0,25.0,40,Enhanced ExtraTrees,0,0.002201068020710454,True
02_slow_cadence,ARM_SWING__02_slow_cadence,ARM_SWING,0,12,25.0,27.0,40,Enhanced ExtraTrees,0,0.0462881051049543,True
02_slow_cadence,ARM_SWING__02_slow_cadence,ARM_SWING,0,13,27.0,29.0,40,Enhanced ExtraTrees,0,0.0194057641047475,True
03_fast_cadence,ARM_SWING__03_fast_cadence,ARM_SWING,0,0,1.0,3.0,40,Enhanced ExtraTrees,1,0.64505752818947,False
03_fast_cadence,ARM_SWING__03_fast_cadence,ARM_SWING,0,1,3.0,5.0,40,Enhanced ExtraTrees,1,0.7330551756792333,False
03_fast_cadence,ARM_SWING__03_fast_cadence,ARM_SWING,0,2,5.0,7.0,40,Enhanced ExtraTrees,0,0.3198815725949008,True
03_fast_cadence,ARM_SWING__03_fast_cadence,ARM_SWING,0,3,7.0,9.0,40,Enhanced ExtraTrees,0,0.13085004075313442,True
03_fast_cadence,ARM_SWING__03_fast_cadence,ARM_SWING,0,4,9.0,11.0,40,Enhanced ExtraTrees,0,0.45403041789834586,True
03_fast_cadence,ARM_SWING__03_fast_cadence,ARM_SWING,0,5,11.0,13.0,40,Enhanced ExtraTrees,0,0.06827931166812468,True
03_fast_cadence,ARM_SWING__03_fast_cadence,ARM_SWING,0,6,13.0,15.0,40,Enhanced ExtraTrees,1,0.868324766649421,False
03_fast_cadence,ARM_SWING__03_fast_cadence,ARM_SWING,0,7,15.0,17.0,40,Enhanced ExtraTrees,0,0.0825530550633013,True
03_fast_cadence,ARM_SWING__03_fast_cadence,ARM_SWING,0,8,17.0,19.0,40,Enhanced ExtraTrees,0,0.41968236247413154,True
03_fast_cadence,ARM_SWING__03_fast_cadence,ARM_SWING,0,9,19.0,21.0,40,Enhanced ExtraTrees,1,0.5738681941929741,False
03_fast_cadence,ARM_SWING__03_fast_cadence,ARM_SWING,0,10,21.0,23.0,40,Enhanced ExtraTrees,0,0.20924114998284785,True
03_fast_cadence,ARM_SWING__03_fast_cadence,ARM_SWING,0,11,23.0,25.0,40,Enhanced ExtraTrees,0,0.08751093136896738,True
03_fast_cadence,ARM_SWING__03_fast_cadence,ARM_SWING,0,12,25.0,27.0,40,Enhanced ExtraTrees,0,0.17811364522259704,True
03_fast_cadence,ARM_SWING__03_fast_cadence,ARM_SWING,0,13,27.0,29.0,40,Enhanced ExtraTrees,0,0.10259330389545117,True
04_small_swing,ARM_SWING__04_small_swing,ARM_SWING,0,0,1.0,3.0,40,Enhanced ExtraTrees,0,0.002979623940857571,True
04_small_swing,ARM_SWING__04_small_swing,ARM_SWING,0,1,3.0,5.0,40,Enhanced ExtraTrees,0,0.02358923451764447,True
04_small_swing,ARM_SWING__04_small_swing,ARM_SWING,0,2,5.0,7.0,40,Enhanced ExtraTrees,0,0.0004042665171048885,True
04_small_swing,ARM_SWING__04_small_swing,ARM_SWING,0,3,7.0,9.0,40,Enhanced ExtraTrees,0,0.01761933404880717,True
04_small_swing,ARM_SWING__04_small_swing,ARM_SWING,0,4,9.0,11.0,40,Enhanced ExtraTrees,0,0.005192112387659086,True
04_small_swing,ARM_SWING__04_small_swing,ARM_SWING,0,5,11.0,13.0,40,Enhanced ExtraTrees,0,0.0012508543861125376,True
04_small_swing,ARM_SWING__04_small_swing,ARM_SWING,0,6,13.0,15.0,40,Enhanced ExtraTrees,0,0.0037292719456058976,True
04_small_swing,ARM_SWING__04_small_swing,ARM_SWING,0,7,15.0,17.0,40,Enhanced ExtraTrees,0,0.006047550421014493,True
04_small_swing,ARM_SWING__04_small_swing,ARM_SWING,0,8,17.0,19.0,40,Enhanced ExtraTrees,0,0.006342677054098043,True
04_small_swing,ARM_SWING__04_small_swing,ARM_SWING,0,9,19.0,21.0,40,Enhanced ExtraTrees,0,0.0006391062719852327,True
04_small_swing,ARM_SWING__04_small_swing,ARM_SWING,0,10,21.0,23.0,40,Enhanced ExtraTrees,0,0.004487438995433255,True
04_small_swing,ARM_SWING__04_small_swing,ARM_SWING,0,11,23.0,25.0,40,Enhanced ExtraTrees,0,0.0008471769916508895,True
04_small_swing,ARM_SWING__04_small_swing,ARM_SWING,0,12,25.0,27.0,40,Enhanced ExtraTrees,0,0.0023331210486303242,True
04_small_swing,ARM_SWING__04_small_swing,ARM_SWING,0,13,27.0,29.0,40,Enhanced ExtraTrees,0,0.0013658773343552802,True
05_large_swing,ARM_SWING__05_large_swing,ARM_SWING,0,0,1.0,3.0,40,Enhanced ExtraTrees,0,0.24724813646839663,True
05_large_swing,ARM_SWING__05_large_swing,ARM_SWING,0,1,3.0,5.0,40,Enhanced ExtraTrees,0,0.32626636869229864,True
05_large_swing,ARM_SWING__05_large_swing,ARM_SWING,0,2,5.0,7.0,40,Enhanced ExtraTrees,0,0.4386011783397833,True
05_large_swing,ARM_SWING__05_large_swing,ARM_SWING,0,3,7.0,9.0,40,Enhanced ExtraTrees,0,0.41367651453372595,True
05_large_swing,ARM_SWING__05_large_swing,ARM_SWING,0,4,9.0,11.0,40,Enhanced ExtraTrees,1,0.7147702190396076,False
05_large_swing,ARM_SWING__05_large_swing,ARM_SWING,0,5,11.0,13.0,40,Enhanced ExtraTrees,1,0.6007483164459623,False
05_large_swing,ARM_SWING__05_large_swing,ARM_SWING,0,6,13.0,15.0,40,Enhanced ExtraTrees,1,0.946041013929901,False
05_large_swing,ARM_SWING__05_large_swing,ARM_SWING,0,7,15.0,17.0,40,Enhanced ExtraTrees,1,0.7504608438671048,False
05_large_swing,ARM_SWING__05_large_swing,ARM_SWING,0,8,17.0,19.0,40,Enhanced ExtraTrees,1,0.9235363248369427,False
05_large_swing,ARM_SWING__05_large_swing,ARM_SWING,0,9,19.0,21.0,40,Enhanced ExtraTrees,1,0.6290497481894961,False
05_large_swing,ARM_SWING__05_large_swing,ARM_SWING,0,10,21.0,23.0,40,Enhanced ExtraTrees,0,0.4200848370169657,True
05_large_swing,ARM_SWING__05_large_swing,ARM_SWING,0,11,23.0,25.0,40,Enhanced ExtraTrees,0,0.1598417107644047,True
05_large_swing,ARM_SWING__05_large_swing,ARM_SWING,0,12,25.0,27.0,40,Enhanced ExtraTrees,1,0.7272458010832246,False
05_large_swing,ARM_SWING__05_large_swing,ARM_SWING,0,13,27.0,29.0,40,Enhanced ExtraTrees,1,0.7116931888408752,False
06_relaxed_swing,ARM_SWING__06_relaxed_swing,ARM_SWING,0,0,1.0,3.0,40,Enhanced ExtraTrees,0,0.0014364567062537248,True
06_relaxed_swing,ARM_SWING__06_relaxed_swing,ARM_SWING,0,1,3.0,5.0,40,Enhanced ExtraTrees,0,0.0036516690956611858,True
06_relaxed_swing,ARM_SWING__06_relaxed_swing,ARM_SWING,0,2,5.0,7.0,40,Enhanced ExtraTrees,0,0.004355973815841145,True
06_relaxed_swing,ARM_SWING__06_relaxed_swing,ARM_SWING,0,3,7.0,9.0,40,Enhanced ExtraTrees,0,0.00032263471360357844,True
06_relaxed_swing,ARM_SWING__06_relaxed_swing,ARM_SWING,0,4,9.0,11.0,40,Enhanced ExtraTrees,0,0.00966249087224101,True
06_relaxed_swing,ARM_SWING__06_relaxed_swing,ARM_SWING,0,5,11.0,13.0,40,Enhanced ExtraTrees,0,0.0016131627691907985,True
06_relaxed_swing,ARM_SWING__06_relaxed_swing,ARM_SWING,0,6,13.0,15.0,40,Enhanced ExtraTrees,0,0.00029848681712302564,True
06_relaxed_swing,ARM_SWING__06_relaxed_swing,ARM_SWING,0,7,15.0,17.0,40,Enhanced ExtraTrees,0,0.0016915155241213162,True
06_relaxed_swing,ARM_SWING__06_relaxed_swing,ARM_SWING,0,8,17.0,19.0,40,Enhanced ExtraTrees,0,0.010215796135799425,True
06_relaxed_swing,ARM_SWING__06_relaxed_swing,ARM_SWING,0,9,19.0,21.0,40,Enhanced ExtraTrees,0,0.0006595309270794461,True
06_relaxed_swing,ARM_SWING__06_relaxed_swing,ARM_SWING,0,10,21.0,23.0,40,Enhanced ExtraTrees,0,0.0067783067508352945,True
06_relaxed_swing,ARM_SWING__06_relaxed_swing,ARM_SWING,0,11,23.0,25.0,40,Enhanced ExtraTrees,0,0.002704911660427634,True
06_relaxed_swing,ARM_SWING__06_relaxed_swing,ARM_SWING,0,12,25.0,27.0,40,Enhanced ExtraTrees,0,0.0013667298014158457,True
06_relaxed_swing,ARM_SWING__06_relaxed_swing,ARM_SWING,0,13,27.0,29.0,40,Enhanced ExtraTrees,0,0.0035315284559406896,True
07_irregular_swing,ARM_SWING__07_irregular_swing,ARM_SWING,0,0,1.0,3.0,40,Enhanced ExtraTrees,0,0.07735210500134271,True
07_irregular_swing,ARM_SWING__07_irregular_swing,ARM_SWING,0,1,3.0,5.0,40,Enhanced ExtraTrees,0,0.14079315531405473,True
07_irregular_swing,ARM_SWING__07_irregular_swing,ARM_SWING,0,2,5.0,7.0,40,Enhanced ExtraTrees,0,0.09222749193802189,True
07_irregular_swing,ARM_SWING__07_irregular_swing,ARM_SWING,0,3,7.0,9.0,40,Enhanced ExtraTrees,0,0.0903375499368262,True
07_irregular_swing,ARM_SWING__07_irregular_swing,ARM_SWING,0,4,9.0,11.0,40,Enhanced ExtraTrees,0,0.021958837471047522,True
07_irregular_swing,ARM_SWING__07_irregular_swing,ARM_SWING,0,5,11.0,13.0,40,Enhanced ExtraTrees,0,0.11579565512063564,True
07_irregular_swing,ARM_SWING__07_irregular_swing,ARM_SWING,0,6,13.0,15.0,40,Enhanced ExtraTrees,0,0.11466855893537609,True
07_irregular_swing,ARM_SWING__07_irregular_swing,ARM_SWING,0,7,15.0,17.0,40,Enhanced ExtraTrees,0,0.03791100524157449,True
07_irregular_swing,ARM_SWING__07_irregular_swing,ARM_SWING,0,8,17.0,19.0,40,Enhanced ExtraTrees,0,0.013125004601008159,True
07_irregular_swing,ARM_SWING__07_irregular_swing,ARM_SWING,0,9,19.0,21.0,40,Enhanced ExtraTrees,0,0.003593321262561401,True
07_irregular_swing,ARM_SWING__07_irregular_swing,ARM_SWING,0,10,21.0,23.0,40,Enhanced ExtraTrees,0,0.002621871617858264,True
07_irregular_swing,ARM_SWING__07_irregular_swing,ARM_SWING,0,11,23.0,25.0,40,Enhanced ExtraTrees,0,0.004057260701362659,True
07_irregular_swing,ARM_SWING__07_irregular_swing,ARM_SWING,0,12,25.0,27.0,40,Enhanced ExtraTrees,0,0.10938294356802582,True
07_irregular_swing,ARM_SWING__07_irregular_swing,ARM_SWING,0,13,27.0,29.0,40,Enhanced ExtraTrees,0,0.01173695753166346,True
08_very_walking-like,ARM_SWING__08_very_walking-like,ARM_SWING,0,0,1.0,3.0,40,Enhanced ExtraTrees,0,0.152308467597331,True
08_very_walking-like,ARM_SWING__08_very_walking-like,ARM_SWING,0,1,3.0,5.0,40,Enhanced ExtraTrees,0,0.10808774960887631,True
08_very_walking-like,ARM_SWING__08_very_walking-like,ARM_SWING,0,2,5.0,7.0,40,Enhanced ExtraTrees,0,0.4315191993886212,True
08_very_walking-like,ARM_SWING__08_very_walking-like,ARM_SWING,0,3,7.0,9.0,40,Enhanced ExtraTrees,0,0.11064487176157245,True
08_very_walking-like,ARM_SWING__08_very_walking-like,ARM_SWING,0,4,9.0,11.0,40,Enhanced ExtraTrees,0,0.09177232157686877,True
08_very_walking-like,ARM_SWING__08_very_walking-like,ARM_SWING,0,5,11.0,13.0,40,Enhanced ExtraTrees,0,0.33774701861557577,True
08_very_walking-like,ARM_SWING__08_very_walking-like,ARM_SWING,0,6,13.0,15.0,40,Enhanced ExtraTrees,0,0.28770441684847425,True
08_very_walking-like,ARM_SWING__08_very_walking-like,ARM_SWING,0,7,15.0,17.0,40,Enhanced ExtraTrees,0,0.014085868801353683,True
08_very_walking-like,ARM_SWING__08_very_walking-like,ARM_SWING,0,8,17.0,19.0,40,Enhanced ExtraTrees,0,0.3255522629356251,True
08_very_walking-like,ARM_SWING__08_very_walking-like,ARM_SWING,0,9,19.0,21.0,40,Enhanced ExtraTrees,0,0.40489305994477914,True
08_very_walking-like,ARM_SWING__08_very_walking-like,ARM_SWING,0,10,21.0,23.0,40,Enhanced ExtraTrees,0,0.06165884792115367,True
08_very_walking-like,ARM_SWING__08_very_walking-like,ARM_SWING,0,11,23.0,25.0,40,Enhanced ExtraTrees,0,0.4749156229685503,True
08_very_walking-like,ARM_SWING__08_very_walking-like,ARM_SWING,0,12,25.0,27.0,40,Enhanced ExtraTrees,0,0.019814147508343503,True
08_very_walking-like,ARM_SWING__08_very_walking-like,ARM_SWING,0,13,27.0,29.0,40,Enhanced ExtraTrees,0,0.02487128796329031,True
09_very_walking-like,ARM_SWING__09_very_walking-like,ARM_SWING,0,0,1.0,3.0,40,Enhanced ExtraTrees,1,0.5041139488070322,False
09_very_walking-like,ARM_SWING__09_very_walking-like,ARM_SWING,0,1,3.0,5.0,40,Enhanced ExtraTrees,0,0.031645892950838195,True
09_very_walking-like,ARM_SWING__09_very_walking-like,ARM_SWING,0,2,5.0,7.0,40,Enhanced ExtraTrees,0,0.06365714028663173,True
09_very_walking-like,ARM_SWING__09_very_walking-like,ARM_SWING,0,3,7.0,9.0,40,Enhanced ExtraTrees,0,0.007071315191996983,True
09_very_walking-like,ARM_SWING__09_very_walking-like,ARM_SWING,0,4,9.0,11.0,40,Enhanced ExtraTrees,0,0.008099608369562382,True
09_very_walking-like,ARM_SWING__09_very_walking-like,ARM_SWING,0,5,11.0,13.0,40,Enhanced ExtraTrees,0,0.004648802225999099,True
09_very_walking-like,ARM_SWING__09_very_walking-like,ARM_SWING,0,6,13.0,15.0,40,Enhanced ExtraTrees,0,0.004898586718758446,True
09_very_walking-like,ARM_SWING__09_very_walking-like,ARM_SWING,0,7,15.0,17.0,40,Enhanced ExtraTrees,0,0.019655817253403568,True
09_very_walking-like,ARM_SWING__09_very_walking-like,ARM_SWING,0,8,17.0,19.0,40,Enhanced ExtraTrees,0,0.01735078733662642,True
09_very_walking-like,ARM_SWING__09_very_walking-like,ARM_SWING,0,9,19.0,21.0,40,Enhanced ExtraTrees,0,0.006993012560168137,True
09_very_walking-like,ARM_SWING__09_very_walking-like,ARM_SWING,0,10,21.0,23.0,40,Enhanced ExtraTrees,0,0.01734461775045492,True
09_very_walking-like,ARM_SWING__09_very_walking-like,ARM_SWING,0,11,23.0,25.0,40,Enhanced ExtraTrees,0,0.0044232219503338634,True
09_very_walking-like,ARM_SWING__09_very_walking-like,ARM_SWING,0,12,25.0,27.0,40,Enhanced ExtraTrees,0,0.09703506102331139,True
09_very_walking-like,ARM_SWING__09_very_walking-like,ARM_SWING,0,13,27.0,29.0,40,Enhanced ExtraTrees,0,0.06323518806021973,True
10_very_walking-like,ARM_SWING__10_very_walking-like,ARM_SWING,0,0,1.0,3.0,40,Enhanced ExtraTrees,0,0.06558416016353737,True
10_very_walking-like,ARM_SWING__10_very_walking-like,ARM_SWING,0,1,3.0,5.0,40,Enhanced ExtraTrees,0,0.03482700089328306,True
10_very_walking-like,ARM_SWING__10_very_walking-like,ARM_SWING,0,2,5.0,7.0,40,Enhanced ExtraTrees,0,0.0035670279060567352,True
10_very_walking-like,ARM_SWING__10_very_walking-like,ARM_SWING,0,3,7.0,9.0,40,Enhanced ExtraTrees,0,0.0015947354529849413,True
10_very_walking-like,ARM_SWING__10_very_walking-like,ARM_SWING,0,4,9.0,11.0,40,Enhanced ExtraTrees,0,0.002279416875758716,True
10_very_walking-like,ARM_SWING__10_very_walking-like,ARM_SWING,0,5,11.0,13.0,40,Enhanced ExtraTrees,0,0.014687549028555957,True
10_very_walking-like,ARM_SWING__10_very_walking-like,ARM_SWING,0,6,13.0,15.0,40,Enhanced ExtraTrees,0,0.0016008764962481268,True
10_very_walking-like,ARM_SWING__10_very_walking-like,ARM_SWING,0,7,15.0,17.0,40,Enhanced ExtraTrees,0,0.004437619513881801,True
10_very_walking-like,ARM_SWING__10_very_walking-like,ARM_SWING,0,8,17.0,19.0,40,Enhanced ExtraTrees,0,0.0023148183142446305,True
10_very_walking-like,ARM_SWING__10_very_walking-like,ARM_SWING,0,9,19.0,21.0,40,Enhanced ExtraTrees,0,0.0054274007973781555,True
10_very_walking-like,ARM_SWING__10_very_walking-like,ARM_SWING,0,10,21.0,23.0,40,Enhanced ExtraTrees,0,0.0007973804743899141,True
10_very_walking-like,ARM_SWING__10_very_walking-like,ARM_SWING,0,11,23.0,25.0,40,Enhanced ExtraTrees,0,0.001824625398101328,True
10_very_walking-like,ARM_SWING__10_very_walking-like,ARM_SWING,0,12,25.0,27.0,40,Enhanced ExtraTrees,0,0.002268481408645373,True
10_very_walking-like,ARM_SWING__10_very_walking-like,ARM_SWING,0,13,27.0,29.0,40,Enhanced ExtraTrees,0,0.0020182935509471477,True
11_walking_like_torso_bounce,ARM_SWING__11_walking_like_torso_bounce,ARM_SWING,0,0,1.0,3.0,40,Enhanced ExtraTrees,0,0.16354113111140872,True
11_walking_like_torso_bounce,ARM_SWING__11_walking_like_torso_bounce,ARM_SWING,0,1,3.0,5.0,40,Enhanced ExtraTrees,0,0.043719494890243765,True
11_walking_like_torso_bounce,ARM_SWING__11_walking_like_torso_bounce,ARM_SWING,0,2,5.0,7.0,40,Enhanced ExtraTrees,0,0.017933665452012346,True
11_walking_like_torso_bounce,ARM_SWING__11_walking_like_torso_bounce,ARM_SWING,0,3,7.0,9.0,40,Enhanced ExtraTrees,0,0.11722607551192621,True
11_walking_like_torso_bounce,ARM_SWING__11_walking_like_torso_bounce,ARM_SWING,0,4,9.0,11.0,40,Enhanced ExtraTrees,0,0.005536340410410908,True
11_walking_like_torso_bounce,ARM_SWING__11_walking_like_torso_bounce,ARM_SWING,0,5,11.0,13.0,40,Enhanced ExtraTrees,0,0.14672174960868364,True
11_walking_like_torso_bounce,ARM_SWING__11_walking_like_torso_bounce,ARM_SWING,0,6,13.0,15.0,40,Enhanced ExtraTrees,0,0.01952737466495613,True
11_walking_like_torso_bounce,ARM_SWING__11_walking_like_torso_bounce,ARM_SWING,0,7,15.0,17.0,40,Enhanced ExtraTrees,0,0.17305296482531576,True
11_walking_like_torso_bounce,ARM_SWING__11_walking_like_torso_bounce,ARM_SWING,0,8,17.0,19.0,40,Enhanced ExtraTrees,0,0.2499836652980968,True
11_walking_like_torso_bounce,ARM_SWING__11_walking_like_torso_bounce,ARM_SWING,0,9,19.0,21.0,40,Enhanced ExtraTrees,0,0.10382498682793079,True
11_walking_like_torso_bounce,ARM_SWING__11_walking_like_torso_bounce,ARM_SWING,0,10,21.0,23.0,40,Enhanced ExtraTrees,0,0.007921046267212404,True
11_walking_like_torso_bounce,ARM_SWING__11_walking_like_torso_bounce,ARM_SWING,0,11,23.0,25.0,40,Enhanced ExtraTrees,0,0.03371335020235954,True
11_walking_like_torso_bounce,ARM_SWING__11_walking_like_torso_bounce,ARM_SWING,0,12,25.0,27.0,40,Enhanced ExtraTrees,0,0.07008882129075647,True
11_walking_like_torso_bounce,ARM_SWING__11_walking_like_torso_bounce,ARM_SWING,0,13,27.0,29.0,40,Enhanced ExtraTrees,0,0.020011888486153838,True
12_walking_like_knee_bend,ARM_SWING__12_walking_like_knee_bend,ARM_SWING,0,0,1.0,3.0,40,Enhanced ExtraTrees,0,0.3345054692650385,True
12_walking_like_knee_bend,ARM_SWING__12_walking_like_knee_bend,ARM_SWING,0,1,3.0,5.0,40,Enhanced ExtraTrees,0,0.16992677243503893,True
12_walking_like_knee_bend,ARM_SWING__12_walking_like_knee_bend,ARM_SWING,0,2,5.0,7.0,40,Enhanced ExtraTrees,0,0.09263390675407349,True
12_walking_like_knee_bend,ARM_SWING__12_walking_like_knee_bend,ARM_SWING,0,3,7.0,9.0,40,Enhanced ExtraTrees,0,0.233769829807073,True
12_walking_like_knee_bend,ARM_SWING__12_walking_like_knee_bend,ARM_SWING,0,4,9.0,11.0,40,Enhanced ExtraTrees,0,0.03836372528716053,True
12_walking_like_knee_bend,ARM_SWING__12_walking_like_knee_bend,ARM_SWING,0,5,11.0,13.0,40,Enhanced ExtraTrees,1,0.6871022046675764,False
12_walking_like_knee_bend,ARM_SWING__12_walking_like_knee_bend,ARM_SWING,0,6,13.0,15.0,40,Enhanced ExtraTrees,0,0.1719956325922204,True
12_walking_like_knee_bend,ARM_SWING__12_walking_like_knee_bend,ARM_SWING,0,7,15.0,17.0,40,Enhanced ExtraTrees,0,0.2190200729861448,True
12_walking_like_knee_bend,ARM_SWING__12_walking_like_knee_bend,ARM_SWING,0,8,17.0,19.0,40,Enhanced ExtraTrees,0,0.16749241752649044,True
12_walking_like_knee_bend,ARM_SWING__12_walking_like_knee_bend,ARM_SWING,0,9,19.0,21.0,40,Enhanced ExtraTrees,0,0.12203282192507484,True
12_walking_like_knee_bend,ARM_SWING__12_walking_like_knee_bend,ARM_SWING,0,10,21.0,23.0,40,Enhanced ExtraTrees,0,0.0613583919790212,True
12_walking_like_knee_bend,ARM_SWING__12_walking_like_knee_bend,ARM_SWING,0,11,23.0,25.0,40,Enhanced ExtraTrees,0,0.08211370949973487,True
12_walking_like_knee_bend,ARM_SWING__12_walking_like_knee_bend,ARM_SWING,0,12,25.0,27.0,40,Enhanced ExtraTrees,1,0.827076328682353,False
12_walking_like_knee_bend,ARM_SWING__12_walking_like_knee_bend,ARM_SWING,0,13,27.0,29.0,40,Enhanced ExtraTrees,0,0.22359912138993526,True
13_walking_like_weight_shift,ARM_SWING__13_walking_like_weight_shift,ARM_SWING,0,0,1.0,3.0,40,Enhanced ExtraTrees,0,0.08545492684237756,True
13_walking_like_weight_shift,ARM_SWING__13_walking_like_weight_shift,ARM_SWING,0,1,3.0,5.0,40,Enhanced ExtraTrees,0,0.049633494971700734,True
13_walking_like_weight_shift,ARM_SWING__13_walking_like_weight_shift,ARM_SWING,0,2,5.0,7.0,40,Enhanced ExtraTrees,0,0.024549828311737326,True
13_walking_like_weight_shift,ARM_SWING__13_walking_like_weight_shift,ARM_SWING,0,3,7.0,9.0,40,Enhanced ExtraTrees,0,0.004955481658419331,True
13_walking_like_weight_shift,ARM_SWING__13_walking_like_weight_shift,ARM_SWING,0,4,9.0,11.0,40,Enhanced ExtraTrees,0,0.020968806887691295,True
13_walking_like_weight_shift,ARM_SWING__13_walking_like_weight_shift,ARM_SWING,0,5,11.0,13.0,40,Enhanced ExtraTrees,0,0.004805602382021285,True
13_walking_like_weight_shift,ARM_SWING__13_walking_like_weight_shift,ARM_SWING,0,6,13.0,15.0,40,Enhanced ExtraTrees,0,0.015156121368902686,True
13_walking_like_weight_shift,ARM_SWING__13_walking_like_weight_shift,ARM_SWING,0,7,15.0,17.0,40,Enhanced ExtraTrees,0,0.0024938971608848065,True
13_walking_like_weight_shift,ARM_SWING__13_walking_like_weight_shift,ARM_SWING,0,8,17.0,19.0,40,Enhanced ExtraTrees,0,0.005162574331174087,True
13_walking_like_weight_shift,ARM_SWING__13_walking_like_weight_shift,ARM_SWING,0,9,19.0,21.0,40,Enhanced ExtraTrees,0,0.02918777340920031,True
13_walking_like_weight_shift,ARM_SWING__13_walking_like_weight_shift,ARM_SWING,0,10,21.0,23.0,40,Enhanced ExtraTrees,0,0.007616090735667015,True
13_walking_like_weight_shift,ARM_SWING__13_walking_like_weight_shift,ARM_SWING,0,11,23.0,25.0,40,Enhanced ExtraTrees,0,0.003471217293050006,True
13_walking_like_weight_shift,ARM_SWING__13_walking_like_weight_shift,ARM_SWING,0,12,25.0,27.0,40,Enhanced ExtraTrees,0,0.003854263391727708,True
13_walking_like_weight_shift,ARM_SWING__13_walking_like_weight_shift,ARM_SWING,0,13,27.0,29.0,40,Enhanced ExtraTrees,0,0.009836623890906743,True
14_small_natural_swing,ARM_SWING__14_small_natural_swing,ARM_SWING,0,0,1.0,3.0,40,Enhanced ExtraTrees,0,0.0037719193664798424,True
14_small_natural_swing,ARM_SWING__14_small_natural_swing,ARM_SWING,0,1,3.0,5.0,40,Enhanced ExtraTrees,0,0.008184229218108924,True
14_small_natural_swing,ARM_SWING__14_small_natural_swing,ARM_SWING,0,2,5.0,7.0,40,Enhanced ExtraTrees,0,0.007527506411453483,True
14_small_natural_swing,ARM_SWING__14_small_natural_swing,ARM_SWING,0,3,7.0,9.0,40,Enhanced ExtraTrees,0,0.004745921938526054,True
14_small_natural_swing,ARM_SWING__14_small_natural_swing,ARM_SWING,0,4,9.0,11.0,40,Enhanced ExtraTrees,0,0.03577985586229558,True
14_small_natural_swing,ARM_SWING__14_small_natural_swing,ARM_SWING,0,5,11.0,13.0,40,Enhanced ExtraTrees,0,0.004006987491745486,True
14_small_natural_swing,ARM_SWING__14_small_natural_swing,ARM_SWING,0,6,13.0,15.0,40,Enhanced ExtraTrees,0,0.03518390106784484,True
14_small_natural_swing,ARM_SWING__14_small_natural_swing,ARM_SWING,0,7,15.0,17.0,40,Enhanced ExtraTrees,0,0.00536476695082412,True
14_small_natural_swing,ARM_SWING__14_small_natural_swing,ARM_SWING,0,8,17.0,19.0,40,Enhanced ExtraTrees,0,0.00138712121368461,True
14_small_natural_swing,ARM_SWING__14_small_natural_swing,ARM_SWING,0,9,19.0,21.0,40,Enhanced ExtraTrees,0,0.030971937623721555,True
14_small_natural_swing,ARM_SWING__14_small_natural_swing,ARM_SWING,0,10,21.0,23.0,40,Enhanced ExtraTrees,0,0.014780370906317144,True
14_small_natural_swing,ARM_SWING__14_small_natural_swing,ARM_SWING,0,11,23.0,25.0,40,Enhanced ExtraTrees,0,0.05296226210512327,True
14_small_natural_swing,ARM_SWING__14_small_natural_swing,ARM_SWING,0,12,25.0,27.0,40,Enhanced ExtraTrees,0,0.01435836968865012,True
14_small_natural_swing,ARM_SWING__14_small_natural_swing,ARM_SWING,0,13,27.0,29.0,40,Enhanced ExtraTrees,0,0.0067343804592191825,True
15_slow_cadence_02,ARM_SWING__15_slow_cadence_02,ARM_SWING,0,0,1.0,3.0,40,Enhanced ExtraTrees,0,0.0235413458450802,True
15_slow_cadence_02,ARM_SWING__15_slow_cadence_02,ARM_SWING,0,1,3.0,5.0,40,Enhanced ExtraTrees,0,0.017853253910969077,True
15_slow_cadence_02,ARM_SWING__15_slow_cadence_02,ARM_SWING,0,2,5.0,7.0,40,Enhanced ExtraTrees,0,0.013486763870378185,True
15_slow_cadence_02,ARM_SWING__15_slow_cadence_02,ARM_SWING,0,3,7.0,9.0,40,Enhanced ExtraTrees,0,0.0038333554950581044,True
15_slow_cadence_02,ARM_SWING__15_slow_cadence_02,ARM_SWING,0,4,9.0,11.0,40,Enhanced ExtraTrees,0,0.0015816963140497372,True
15_slow_cadence_02,ARM_SWING__15_slow_cadence_02,ARM_SWING,0,5,11.0,13.0,40,Enhanced ExtraTrees,0,0.0093277371553553,True
15_slow_cadence_02,ARM_SWING__15_slow_cadence_02,ARM_SWING,0,6,13.0,15.0,40,Enhanced ExtraTrees,0,0.0017355893335588729,True
15_slow_cadence_02,ARM_SWING__15_slow_cadence_02,ARM_SWING,0,7,15.0,17.0,40,Enhanced ExtraTrees,0,0.02088749129291437,True
15_slow_cadence_02,ARM_SWING__15_slow_cadence_02,ARM_SWING,0,8,17.0,19.0,40,Enhanced ExtraTrees,0,0.0024564478676363816,True
15_slow_cadence_02,ARM_SWING__15_slow_cadence_02,ARM_SWING,0,9,19.0,21.0,40,Enhanced ExtraTrees,0,0.010995463688733576,True
15_slow_cadence_02,ARM_SWING__15_slow_cadence_02,ARM_SWING,0,10,21.0,23.0,40,Enhanced ExtraTrees,0,0.01006999706441653,True
15_slow_cadence_02,ARM_SWING__15_slow_cadence_02,ARM_SWING,0,11,23.0,25.0,40,Enhanced ExtraTrees,0,0.0038211209664762713,True
15_slow_cadence_02,ARM_SWING__15_slow_cadence_02,ARM_SWING,0,12,25.0,27.0,40,Enhanced ExtraTrees,0,0.07825916767378736,True
15_slow_cadence_02,ARM_SWING__15_slow_cadence_02,ARM_SWING,0,13,27.0,29.0,40,Enhanced ExtraTrees,0,0.003790572203822311,True
16_slow_cadence_03,ARM_SWING__16_slow_cadence_03,ARM_SWING,0,0,1.0,3.0,40,Enhanced ExtraTrees,0,0.004648304743104057,True
16_slow_cadence_03,ARM_SWING__16_slow_cadence_03,ARM_SWING,0,1,3.0,5.0,40,Enhanced ExtraTrees,0,0.012605071267011771,True
16_slow_cadence_03,ARM_SWING__16_slow_cadence_03,ARM_SWING,0,2,5.0,7.0,40,Enhanced ExtraTrees,0,0.0023019412784085484,True
16_slow_cadence_03,ARM_SWING__16_slow_cadence_03,ARM_SWING,0,3,7.0,9.0,40,Enhanced ExtraTrees,0,0.0022631010134165253,True
16_slow_cadence_03,ARM_SWING__16_slow_cadence_03,ARM_SWING,0,4,9.0,11.0,40,Enhanced ExtraTrees,0,0.0008251476816523176,True
16_slow_cadence_03,ARM_SWING__16_slow_cadence_03,ARM_SWING,0,5,11.0,13.0,40,Enhanced ExtraTrees,0,0.004220740732054295,True
16_slow_cadence_03,ARM_SWING__16_slow_cadence_03,ARM_SWING,0,6,13.0,15.0,40,Enhanced ExtraTrees,0,0.0013320424628605687,True
16_slow_cadence_03,ARM_SWING__16_slow_cadence_03,ARM_SWING,0,7,15.0,17.0,40,Enhanced ExtraTrees,0,0.004646516464701052,True
16_slow_cadence_03,ARM_SWING__16_slow_cadence_03,ARM_SWING,0,8,17.0,19.0,40,Enhanced ExtraTrees,0,0.015411105289618143,True
16_slow_cadence_03,ARM_SWING__16_slow_cadence_03,ARM_SWING,0,9,19.0,21.0,40,Enhanced ExtraTrees,0,0.006326287826352124,True
16_slow_cadence_03,ARM_SWING__16_slow_cadence_03,ARM_SWING,0,10,21.0,23.0,40,Enhanced ExtraTrees,0,0.003203629673989249,True
16_slow_cadence_03,ARM_SWING__16_slow_cadence_03,ARM_SWING,0,11,23.0,25.0,40,Enhanced ExtraTrees,0,0.00927398804934393,True
16_slow_cadence_03,ARM_SWING__16_slow_cadence_03,ARM_SWING,0,12,25.0,27.0,40,Enhanced ExtraTrees,0,0.0003996389553809705,True
16_slow_cadence_03,ARM_SWING__16_slow_cadence_03,ARM_SWING,0,13,27.0,29.0,40,Enhanced ExtraTrees,0,0.0026123701524924884,True
17_fast_cadence_02,ARM_SWING__17_fast_cadence_02,ARM_SWING,0,0,1.0,3.0,40,Enhanced ExtraTrees,0,0.2557117447560377,True
17_fast_cadence_02,ARM_SWING__17_fast_cadence_02,ARM_SWING,0,1,3.0,5.0,40,Enhanced ExtraTrees,0,0.03845769107411329,True
17_fast_cadence_02,ARM_SWING__17_fast_cadence_02,ARM_SWING,0,2,5.0,7.0,40,Enhanced ExtraTrees,0,0.056032198622454114,True
17_fast_cadence_02,ARM_SWING__17_fast_cadence_02,ARM_SWING,0,3,7.0,9.0,40,Enhanced ExtraTrees,0,0.03494351677470486,True
17_fast_cadence_02,ARM_SWING__17_fast_cadence_02,ARM_SWING,0,4,9.0,11.0,40,Enhanced ExtraTrees,0,0.09462455586294402,True
17_fast_cadence_02,ARM_SWING__17_fast_cadence_02,ARM_SWING,0,5,11.0,13.0,40,Enhanced ExtraTrees,0,0.04584713375325965,True
17_fast_cadence_02,ARM_SWING__17_fast_cadence_02,ARM_SWING,0,6,13.0,15.0,40,Enhanced ExtraTrees,0,0.05846847792709454,True
17_fast_cadence_02,ARM_SWING__17_fast_cadence_02,ARM_SWING,0,7,15.0,17.0,40,Enhanced ExtraTrees,0,0.026334103536169357,True
17_fast_cadence_02,ARM_SWING__17_fast_cadence_02,ARM_SWING,0,8,17.0,19.0,40,Enhanced ExtraTrees,0,0.09247551900202682,True
17_fast_cadence_02,ARM_SWING__17_fast_cadence_02,ARM_SWING,0,9,19.0,21.0,40,Enhanced ExtraTrees,0,0.025106769294818122,True
17_fast_cadence_02,ARM_SWING__17_fast_cadence_02,ARM_SWING,0,10,21.0,23.0,40,Enhanced ExtraTrees,0,0.05340386872311439,True
17_fast_cadence_02,ARM_SWING__17_fast_cadence_02,ARM_SWING,0,11,23.0,25.0,40,Enhanced ExtraTrees,0,0.21865851558849564,True
17_fast_cadence_02,ARM_SWING__17_fast_cadence_02,ARM_SWING,0,12,25.0,27.0,40,Enhanced ExtraTrees,0,0.30747186914266583,True
17_fast_cadence_02,ARM_SWING__17_fast_cadence_02,ARM_SWING,0,13,27.0,29.0,40,Enhanced ExtraTrees,0,0.021311137621540372,True
18_fast_cadence_03,ARM_SWING__18_fast_cadence_03,ARM_SWING,0,0,1.0,3.0,40,Enhanced ExtraTrees,0,0.1298477437194289,True
18_fast_cadence_03,ARM_SWING__18_fast_cadence_03,ARM_SWING,0,1,3.0,5.0,40,Enhanced ExtraTrees,0,0.08265089709082334,True
18_fast_cadence_03,ARM_SWING__18_fast_cadence_03,ARM_SWING,0,2,5.0,7.0,40,Enhanced ExtraTrees,0,0.09795548037508114,True
18_fast_cadence_03,ARM_SWING__18_fast_cadence_03,ARM_SWING,0,3,7.0,9.0,40,Enhanced ExtraTrees,0,0.15921408426462075,True
18_fast_cadence_03,ARM_SWING__18_fast_cadence_03,ARM_SWING,0,4,9.0,11.0,40,Enhanced ExtraTrees,0,0.14998458293624511,True
18_fast_cadence_03,ARM_SWING__18_fast_cadence_03,ARM_SWING,0,5,11.0,13.0,40,Enhanced ExtraTrees,0,0.10842197103271596,True
18_fast_cadence_03,ARM_SWING__18_fast_cadence_03,ARM_SWING,0,6,13.0,15.0,40,Enhanced ExtraTrees,0,0.14145446549084412,True
18_fast_cadence_03,ARM_SWING__18_fast_cadence_03,ARM_SWING,0,7,15.0,17.0,40,Enhanced ExtraTrees,0,0.08695838743848956,True
18_fast_cadence_03,ARM_SWING__18_fast_cadence_03,ARM_SWING,0,8,17.0,19.0,40,Enhanced ExtraTrees,0,0.16390656979326898,True
18_fast_cadence_03,ARM_SWING__18_fast_cadence_03,ARM_SWING,0,9,19.0,21.0,40,Enhanced ExtraTrees,0,0.28289906147150257,True
18_fast_cadence_03,ARM_SWING__18_fast_cadence_03,ARM_SWING,0,10,21.0,23.0,40,Enhanced ExtraTrees,0,0.12159171823436311,True
18_fast_cadence_03,ARM_SWING__18_fast_cadence_03,ARM_SWING,0,11,23.0,25.0,40,Enhanced ExtraTrees,0,0.13617861916979573,True
18_fast_cadence_03,ARM_SWING__18_fast_cadence_03,ARM_SWING,0,12,25.0,27.0,40,Enhanced ExtraTrees,0,0.23061011691219577,True
18_fast_cadence_03,ARM_SWING__18_fast_cadence_03,ARM_SWING,0,13,27.0,29.0,40,Enhanced ExtraTrees,0,0.06107465476928585,True
19_large_swing_02,ARM_SWING__19_large_swing_02,ARM_SWING,0,0,1.0,3.0,40,Enhanced ExtraTrees,1,0.6125420618686586,False
19_large_swing_02,ARM_SWING__19_large_swing_02,ARM_SWING,0,1,3.0,5.0,40,Enhanced ExtraTrees,0,0.30317645726359566,True
19_large_swing_02,ARM_SWING__19_large_swing_02,ARM_SWING,0,2,5.0,7.0,40,Enhanced ExtraTrees,1,0.6872955910616918,False
19_large_swing_02,ARM_SWING__19_large_swing_02,ARM_SWING,0,3,7.0,9.0,40,Enhanced ExtraTrees,0,0.2251910532745016,True
19_large_swing_02,ARM_SWING__19_large_swing_02,ARM_SWING,0,4,9.0,11.0,40,Enhanced ExtraTrees,0,0.38825069082486047,True
19_large_swing_02,ARM_SWING__19_large_swing_02,ARM_SWING,0,5,11.0,13.0,40,Enhanced ExtraTrees,1,0.6424488874858056,False
19_large_swing_02,ARM_SWING__19_large_swing_02,ARM_SWING,0,6,13.0,15.0,40,Enhanced ExtraTrees,1,0.5757187096235171,False
19_large_swing_02,ARM_SWING__19_large_swing_02,ARM_SWING,0,7,15.0,17.0,40,Enhanced ExtraTrees,0,0.06849922865294508,True
19_large_swing_02,ARM_SWING__19_large_swing_02,ARM_SWING,0,8,17.0,19.0,40,Enhanced ExtraTrees,0,0.2698880650356011,True
19_large_swing_02,ARM_SWING__19_large_swing_02,ARM_SWING,0,9,19.0,21.0,40,Enhanced ExtraTrees,1,0.5159346165680222,False
19_large_swing_02,ARM_SWING__19_large_swing_02,ARM_SWING,0,10,21.0,23.0,40,Enhanced ExtraTrees,0,0.29561940190915026,True
19_large_swing_02,ARM_SWING__19_large_swing_02,ARM_SWING,0,11,23.0,25.0,40,Enhanced ExtraTrees,1,0.5699129942954135,False
19_large_swing_02,ARM_SWING__19_large_swing_02,ARM_SWING,0,12,25.0,27.0,40,Enhanced ExtraTrees,0,0.14296339065213484,True
19_large_swing_02,ARM_SWING__19_large_swing_02,ARM_SWING,0,13,27.0,29.0,40,Enhanced ExtraTrees,1,0.678008239138427,False
20_large_swing_03,ARM_SWING__20_large_swing_03,ARM_SWING,0,0,1.0,3.0,40,Enhanced ExtraTrees,0,0.35183991725344765,True
20_large_swing_03,ARM_SWING__20_large_swing_03,ARM_SWING,0,1,3.0,5.0,40,Enhanced ExtraTrees,0,0.0707033385462745,True
20_large_swing_03,ARM_SWING__20_large_swing_03,ARM_SWING,0,2,5.0,7.0,40,Enhanced ExtraTrees,0,0.12738134119449745,True
20_large_swing_03,ARM_SWING__20_large_swing_03,ARM_SWING,0,3,7.0,9.0,40,Enhanced ExtraTrees,0,0.12933782859497714,True
20_large_swing_03,ARM_SWING__20_large_swing_03,ARM_SWING,0,4,9.0,11.0,40,Enhanced ExtraTrees,0,0.1385217090557079,True
20_large_swing_03,ARM_SWING__20_large_swing_03,ARM_SWING,0,5,11.0,13.0,40,Enhanced ExtraTrees,0,0.1921432223956848,True
20_large_swing_03,ARM_SWING__20_large_swing_03,ARM_SWING,0,6,13.0,15.0,40,Enhanced ExtraTrees,0,0.13616692649400924,True
20_large_swing_03,ARM_SWING__20_large_swing_03,ARM_SWING,0,7,15.0,17.0,40,Enhanced ExtraTrees,0,0.15407232023613657,True
20_large_swing_03,ARM_SWING__20_large_swing_03,ARM_SWING,0,8,17.0,19.0,40,Enhanced ExtraTrees,1,0.576756925761946,False
20_large_swing_03,ARM_SWING__20_large_swing_03,ARM_SWING,0,9,19.0,21.0,40,Enhanced ExtraTrees,0,0.2277038720980565,True
20_large_swing_03,ARM_SWING__20_large_swing_03,ARM_SWING,0,10,21.0,23.0,40,Enhanced ExtraTrees,0,0.42529750554228657,True
20_large_swing_03,ARM_SWING__20_large_swing_03,ARM_SWING,0,11,23.0,25.0,40,Enhanced ExtraTrees,1,0.5600338409603345,False
20_large_swing_03,ARM_SWING__20_large_swing_03,ARM_SWING,0,12,25.0,27.0,40,Enhanced ExtraTrees,0,0.3104515194993307,True
20_large_swing_03,ARM_SWING__20_large_swing_03,ARM_SWING,0,13,27.0,29.0,40,Enhanced ExtraTrees,0,0.22907605533422512,True
