recording,recordingGroup,activityLabel,target,windowNumber,windowStartSeconds,windowEndSeconds,sampleCount,accelMagnitudeStd,gyroMagnitudeStd,accelMagnitudeRange,gyroMagnitudeRange,meanAccelJerk,maxAccelJerk,dominantAccelFrequency,dominantFrequencyPowerRatio,motionBandPower,accelRegularity,accelMagnitudeMean,accelMagnitudeMedian,accelMagnitudeIQR,accelMagnitudeP90,accelMagnitudeP95,dynamicAccelMean,dynamicAccelP90,dynamicAccelP95,dynamicAccelRMS,scalarJerkStd,scalarJerkP90,scalarJerkP95,scalarJerkAbove3Rate,scalarJerkAbove5Rate,vectorJerkMean,vectorJerkStd,vectorJerkP90,vectorJerkP95,vectorJerkMax,vectorJerkAbove5Rate,angularAccelerationMean,angularAccelerationP90,gyroMagnitudeMean,gyroMagnitudeP90,gyroMagnitudeP95,accelGyroCorrelation,gyroAccelStdRatio,jerkRegularity,gyroRegularity,jerkDominantFrequency,jerkDominantPowerRatio,jerkMotionBandPower,accelSpectralEntropy,accelLowBandPowerRatio,accelStepBandPowerRatio,accelUpperBandPowerRatio,accelHighFrequencyPowerRatio,accelSecondHarmonicRatio,impactPeakCount,impactPeakRate,impactIntervalMean,impactIntervalStd,impactIntervalCV,impactPeakMean,accelDirectionChangeMean,accelDirectionChangeStd,accelDirectionChangeP90
01_normal,WALKING__01_normal,WALKING,1,0,1.0,3.0,40,0.13139195375981177,27.924258289624113,0.596,117.74000000000001,1.4851282051282046,5.479999999999971,1.5,0.4806681921923767,11.570553808181703,0.30254708326081947,1.017525,1.012,0.12675000000000003,1.2331,1.2354,0.099275,0.23580000000000012,0.2562999999999999,0.13091743581356916,1.2450974846528273,3.1480000000000143,3.9500000000000135,0.10256410256410256,0.02564102564102564,2.535594882713927,1.671929117732619,4.569156790225094,5.841437304900911,8.061439077484891,0.10256410256410256,696.259880796728,1029.3043527614686,71.343,105.908,121.77399999999996,0.5688170465695132,212.52639519061,0.10773371258459526,0.3587063476320132,0.5128205128205128,0.287768780779906,1301.1934796962219,0.623633021582604,0.05070648940509501,0.5986176905085613,0.21800555447500017,0.1326702656113436,0.004067680487795686,5.0,2.631578947368421,0.3375,0.15478479684172244,0.45862162027177017,4.730133809429063,4.854418217102402,3.9930739695285804,8.648420546833842
01_normal,WALKING__01_normal,WALKING,1,1,3.0,5.0,40,0.17951415735898854,44.485166642578164,0.635,173.07,2.106153846153846,5.399999999999972,1.5,0.5777551377342264,22.350223589918404,0.43385523520783187,1.0472750000000002,1.0459999999999998,0.29499999999999993,1.2785,1.3280999999999998,0.15637500000000001,0.2866,0.3280999999999999,0.18345196919084844,1.4008655508284806,4.296000000000018,4.754000000000015,0.20512820512820512,0.02564102564102564,3.248593053668447,1.667840422874569,5.494972191200248,5.609539144312751,8.227393268830685,0.1794871794871795,781.9819008987117,1420.4066200053453,82.43525,139.161,154.87549999999993,0.43021963804483565,247.8086814825289,0.3258540098650987,0.2708990305480958,1.5384615384615383,0.5332924829975075,1449.8589575545661,0.5504694040869981,0.1670085084843882,0.6265335575824423,0.12016474770493052,0.08629318622823878,0.0015582168407210014,3.0,1.5789473684210524,0.6249999999999998,0.10606601717798207,0.1697056274847714,6.212594546868819,5.562861817081944,3.8623701073041126,10.449841614834499
01_normal,WALKING__01_normal,WALKING,1,2,5.0,7.0,40,0.2261184112305672,52.55845793934159,0.8790000000000001,215.89,2.283076923076924,8.780000000000033,1.5,0.4550259051141521,36.2115767381697,0.3437552415260606,1.05145,1.0470000000000002,0.3387500000000001,1.3450000000000002,1.4273500000000001,0.19075000000000003,0.3450000000000002,0.42735,0.22912529323494601,2.087121101883443,4.708000000000018,7.218000000000026,0.2564102564102564,0.07692307692307693,3.1420697946173,2.0368816389687985,5.5005789490527395,7.469768837353407,9.499663151922842,0.15384615384615385,842.7562648011177,1505.9587736133956,105.43375,162.887,188.7464999999999,0.3381365937695268,232.43776414893108,0.3228651414399625,0.20448412460580218,1.5384615384615383,0.6067158712392842,1787.208985557549,0.590703462005851,0.2997598590651907,0.5395853110104438,0.07826436573948042,0.08239046418488497,0.16429407149639735,3.0,1.5789473684210524,0.3250000000000002,0.1767766952966369,0.5439282932204209,7.52907780772573,4.581281394431384,2.478007570894442,7.507337354834652
01_normal,WALKING__01_normal,WALKING,1,3,7.0,9.0,40,0.16827445339880523,55.551896627480296,0.6960000000000001,203.17000000000002,2.2517948717948717,8.060000000000173,2.000000000000001,0.5093952929615917,17.520109917436162,0.5230061593607828,1.079375,1.0995,0.261,1.2871,1.32175,0.153225,0.2870999999999999,0.32175,0.1841433544823163,1.7575684036922217,4.4079999999999995,4.981999999999931,0.2564102564102564,0.05128205128205128,3.4094004139509195,2.060058531850497,6.833812142806542,7.306211899198461,8.353035376436699,0.1794871794871795,840.1478242899539,1606.8513135141004,91.44375,160.22000000000003,189.2645,0.31160626324383195,330.12673941554294,0.20095051271838166,0.4205708661034084,2.051282051282052,0.4022756894665881,1562.368023246873,0.6555250399756404,0.10285880676574126,0.6855621600160223,0.06637659765156159,0.14520243556667503,0.030127470406468536,4.0,2.1052631578947376,0.5333333333333332,0.07637626158259764,0.1432054904673706,6.446492027425364,5.575800145862971,4.036311923907706,10.67408195937955
01_normal,WALKING__01_normal,WALKING,1,4,9.0,11.0,40,0.11204051465017877,43.959593094842255,0.42499999999999993,152.07,1.5605128205128194,6.48000000000014,1.0000000000000004,0.26106085274704127,7.242092030804891,0.20900177706967316,1.027,1.039,0.16199999999999992,1.1678000000000002,1.2073,0.09474999999999997,0.1678000000000001,0.20729999999999993,0.11387822443294415,1.4297845783966154,3.392000000000045,4.153999999999941,0.1282051282051282,0.05128205128205128,2.5749895555225706,1.6759201931840513,4.66752859805825,5.675652687892685,7.321038177745167,0.07692307692307693,758.2424382874979,1205.778281011418,86.09175,136.707,146.39849999999998,0.21460649280058525,392.35443742914043,0.3614401319486711,0.3554592482317975,1.025641025641026,0.388290830241235,1509.9943813607385,0.7636046690754446,0.41321257232975894,0.3667990667240624,0.05881382427797368,0.16117453666820483,0.9076630016829602,4.0,2.1052631578947385,0.4166666666666667,0.2466441431158118,0.5919459434779483,5.068586125391168,5.074609778691318,3.289274818386435,9.616511154255507
01_normal,WALKING__01_normal,WALKING,1,5,11.0,13.0,40,0.1455170247331201,44.32929847843008,0.529,161.9,1.773333333333332,5.119999999999927,1.5000000000000007,0.5093933717653851,13.988322780541361,0.40948011990560196,1.037975,1.0255,0.22599999999999987,1.2483,1.25515,0.12042499999999998,0.2483,0.25514999999999993,0.14862006930424976,1.3895045185308104,3.9840000000000555,4.408000000000078,0.15384615384615385,0.02564102564102564,2.7141880250599355,1.7757026127573812,5.238592472958965,6.137422106898063,7.347952095652128,0.1282051282051282,746.7903306714398,1311.506292106037,88.553,137.79200000000003,149.80949999999996,0.19075005519184557,304.633073413441,0.25485628388671316,0.31615040581159753,1.538461538461539,0.4950048341534244,1279.5114326784117,0.5933778082849103,0.2949188300323148,0.5264374283777321,0.06509966823171653,0.11354407335823649,0.020490356569077633,3.0,1.5789473684210538,0.5750000000000002,0.10606601717798238,0.18446263857040407,5.829154072473159,4.718198518206707,3.9596174703263283,10.71792956734626
01_normal,WALKING__01_normal,WALKING,1,6,13.0,15.0,40,0.21446065923374935,51.56569750054728,0.985,215.36999999999998,2.6789743589743584,11.759999999999835,2.000000000000001,0.46290238555017577,25.040690525202955,0.31523809783973344,1.0678999999999998,1.0545,0.22950000000000015,1.3423,1.3662500000000002,0.17205,0.3633,0.37115,0.222382440853589,2.4029497167919422,4.759999999999934,6.085999999999954,0.358974358974359,0.07692307692307693,3.774687070775227,2.698809499678918,6.7033769446069,7.433148061751423,12.949254804814334,0.23076923076923078,868.4631646138898,1454.4231073512892,93.5495,150.701,195.90499999999992,0.29296913093546784,240.44362115078525,0.25115576210220525,0.17945150169637047,1.538461538461539,0.5672277927068281,3210.101299364885,0.6864222954391211,0.1580619406897897,0.5822156151697567,0.11915861292120093,0.14056383121925264,0.016471124496908938,3.0,1.5789473684210538,0.6499999999999995,0.0707106781186545,0.10878565864408393,8.53545457131804,5.9901830019323885,3.9340841181412443,11.586944738779986
01_normal,WALKING__01_normal,WALKING,1,7,15.0,17.0,40,0.16070564746829877,48.93565506723062,0.708,186.29000000000002,2.163589743589739,7.459999999999894,1.5000000000000007,0.42038379253995245,13.714203844603528,0.44463369140924597,1.04245,1.0194999999999999,0.20299999999999996,1.2309,1.2935999999999996,0.12314999999999998,0.25160000000000005,0.29359999999999964,0.16426396439876884,2.077376238861599,5.2559999999999265,6.384000000000314,0.23076923076923078,0.1282051282051282,3.327878142943024,2.590073437097244,6.947583427789977,7.428573037301604,12.43926042817641,0.23076923076923078,763.3353865438498,1306.054582058741,85.06625,157.61600000000004,171.612,0.319562350355751,304.5048872777405,0.23187755479002306,0.3723802722306141,1.538461538461539,0.6786616212825843,2861.4442616786614,0.696019496900685,0.1103134385854413,0.6506805890231968,0.022397977081744767,0.2166079953096171,0.02228434070172345,4.0,2.1052631578947385,0.4166666666666667,0.2565800719723434,0.6157921727336241,8.12961082600562,5.7672689138251885,4.754380035782373,12.046135104639484
01_normal,WALKING__01_normal,WALKING,1,8,17.0,19.0,40,0.16544070128304472,41.15078078129571,0.698,146.02,2.1748717948717875,6.439999999999905,1.5000000000000007,0.5106717469862062,17.34171158755343,0.3901968365112365,1.0356999999999998,1.0295,0.237,1.2593999999999999,1.26575,0.13540000000000002,0.2651,0.2992499999999999,0.16721498138623822,1.5798182303751167,4.211999999999941,6.075999999999913,0.20512820512820512,0.07692307692307693,3.436208203547618,1.866660782287919,6.062591573499436,6.635639145507365,9.131527802071108,0.1794871794871795,836.3669202226017,1330.893264682179,87.17475,138.912,144.69449999999995,0.3703494544287997,248.734322703896,0.3359982890503224,0.2541285197533928,1.538461538461539,0.5449950476130262,1139.7396655520042,0.6602104619699386,0.12296395060093619,0.5638015683256608,0.17362046180839097,0.13961401926501213,0.04034680895735262,4.0,2.1052631578947385,0.5166666666666669,0.1258305739211774,0.24354304629905293,6.559152931345048,6.102163253933385,4.097064548314043,12.79194543134346
01_normal,WALKING__01_normal,WALKING,1,9,19.0,21.0,40,0.16461606458043126,43.653740062844086,0.634,155.39,1.962051282051284,6.640000000000379,1.5000000000000007,0.366618948410112,17.760777544471136,0.359009161277564,1.03675,1.0430000000000001,0.20500000000000007,1.2433,1.2598999999999998,0.135,0.27640000000000003,0.2845999999999999,0.16664798228601507,1.427126630104578,3.47599999999995,3.7359999999999487,0.23076923076923078,0.02564102564102564,3.1811468667509573,1.7753952849277876,5.308856864975005,6.443505505832779,7.108670761823096,0.1794871794871795,736.2944429961574,1358.7178258416852,80.30125000000001,142.048,146.09899999999993,0.4259500195609552,265.18517602827825,0.3791138339535652,0.3349552482922533,1.538461538461539,0.6599227725163082,1261.1188200951908,0.6600221300290549,0.28086281485037795,0.5221575284537553,0.1268982814889424,0.0700813752069244,0.17476462847619934,4.0,2.1052631578947385,0.43333333333333357,0.16072751268321617,0.37090964465357557,5.57006937469354,5.7765438478290205,4.0007041165878805,11.857401855386534
01_normal,WALKING__01_normal,WALKING,1,10,21.0,23.0,40,0.202708163029944,56.76516774825191,1.035,202.26,2.307179487179498,9.060000000000512,1.5000000000000007,0.7400942494336589,27.28613318037125,0.4688797433001982,1.0706250000000002,1.0615,0.22625000000000017,1.2925,1.3472499999999996,0.157175,0.3429,0.40804999999999986,0.21225273849823467,2.180422398380123,4.823999999999932,5.655999999999924,0.3076923076923077,0.10256410256410256,3.5017919754574405,2.297521922833718,5.513944222572404,8.510155680883534,10.031909090497752,0.20512820512820512,828.1355264220034,1622.3861426388662,100.0135,177.105,201.0385,0.44407481998843806,280.0339507781272,0.27127630317267853,0.26791981867649534,1.538461538461539,0.6670979548778203,2132.4401105893617,0.49102242475218577,0.0533052635487715,0.7638744353101309,0.07018819823545976,0.11263210290563791,0.005816520705194047,4.0,2.1052631578947385,0.5,0.2783882181414993,0.5567764362829986,6.4987177477056655,5.725028051761823,3.982392078956615,10.33957266603671
01_normal,WALKING__01_normal,WALKING,1,11,23.0,25.0,40,0.16901973030024994,55.027787338971535,0.623,208.78,2.1287179487179397,6.559999999999904,1.5000000000000007,0.580990428159883,18.54245831600945,0.5084011771959175,1.04385,1.0605,0.2769999999999999,1.2551999999999999,1.2665999999999997,0.15175,0.26569999999999994,0.28085,0.1725581061555788,1.5808378516123471,4.719999999999932,5.4279999999999236,0.15384615384615385,0.07692307692307693,3.860584457674745,2.5181113336097036,7.403903338160291,8.219548183249634,11.98454004123629,0.2564102564102564,1003.8661641312108,1955.426482650132,100.37474999999999,170.998,196.51299999999992,0.5230470945640412,325.57019965195246,0.2664809578631779,0.23612134119428485,1.538461538461539,0.38317421379913724,2656.801162992086,0.6002847338403932,0.08114196398546111,0.7208925445120864,0.06175185635131144,0.1362136351511411,0.02315816429123102,4.0,2.1052631578947385,0.4166666666666667,0.20816659994661224,0.49959983987186934,7.26474049117167,7.223900430329786,6.5721955344834875,16.943159842119933
01_normal,WALKING__01_normal,WALKING,1,12,25.0,27.0,40,0.21064206485690243,50.20229069244979,0.8759999999999999,228.29000000000002,2.4815384615384515,10.199999999999855,1.5000000000000007,0.6392183338806379,27.851958140099434,0.4014085144349125,1.05685,1.0505,0.23725000000000018,1.3204,1.35555,0.17295,0.32410000000000005,0.35555,0.2156217753382065,2.211674215160985,5.099999999999931,6.957999999999899,0.3076923076923077,0.10256410256410256,3.69992730540251,2.508720472014248,7.484986904060612,8.572150935569518,11.395771145473056,0.23076923076923078,914.2798141368463,1480.9714640037398,96.31199999999998,154.498,183.67549999999994,0.3233893360375997,238.3298451169011,0.3117892462416701,0.20870615408355417,1.538461538461539,0.7196965857516456,2248.2898456670373,0.6026200003672744,0.1814949577255429,0.5967049044614411,0.06895571254677405,0.15284442526624195,0.018412151514080644,4.0,2.1052631578947385,0.45000000000000046,0.18027756377320006,0.4006168083848886,7.812482917055886,6.244931227181384,4.129532041159199,11.564966163775962
01_normal,WALKING__01_normal,WALKING,1,13,27.0,29.0,40,0.20715592418049966,62.72500143125771,0.986,212.92000000000002,3.018461538461543,9.900000000000565,1.5000000000000007,0.6547781452581877,22.688571114927296,0.4982741102496102,1.07125,1.042,0.21599999999999997,1.3266,1.4649999999999999,0.16445,0.341,0.4649999999999999,0.21660401658325731,2.4039983563151934,5.86000000000025,7.195999999999902,0.41025641025641024,0.20512820512820512,4.47503010945891,3.1445345871762878,8.680286583851894,10.56048044605102,14.341715378573907,0.38461538461538464,1059.5086103605774,1498.8136702178801,102.71424999999999,196.656,210.05599999999998,0.35477809266003413,302.7912509835055,0.35748432371706707,0.442236267429242,1.538461538461539,0.8188785753525278,4301.933464955611,0.7147367953994663,0.059393704376140964,0.5916431456744214,0.08366123641292543,0.2653019135365121,0.06891850633014938,3.0,1.5789473684210538,0.6000000000000014,0.07071067811865576,0.11785113019775934,11.64344862265343,7.545127444896166,5.524472520842153,16.41473242237865
02_normal,WALKING__02_normal,WALKING,1,0,1.0,3.0,40,0.1084806966167785,28.32973737851972,0.491,101.11,1.486666666666667,3.840000000000017,1.5,0.48433572514012185,6.8509192256078775,0.36756531803595305,1.0153,1.0034999999999998,0.15225,1.155,1.18115,0.08595,0.17310000000000003,0.18114999999999987,0.10820328091144002,1.0208802531286774,2.912000000000006,3.084,0.10256410256410256,0.0,2.4013126476406486,1.1246029142834244,3.775670404100822,4.556040166231161,5.340000000000017,0.02564102564102564,570.0469378278154,862.8157385959169,54.24175,87.991,95.9885,0.29072922288446434,261.15003186786333,0.3010538035655052,0.1726536988357508,1.5384615384615383,0.4634169373489164,533.8015219647916,0.7167518418726702,0.06517798634638092,0.544531375407338,0.15746217529586728,0.2328284629504138,0.21515599090797194,3.0,1.5789473684210524,0.6749999999999999,0.17677669529663673,0.26189140043946185,4.070187666941937,4.709691755252286,2.675618481507021,8.406991363508029
02_normal,WALKING__02_normal,WALKING,1,1,3.0,5.0,40,0.14630316040191935,41.077596419802916,0.586,144.31,1.7282051282051276,4.380000000000013,1.5,0.46803895023154063,14.329105472093426,0.3834335336386094,1.022525,0.994,0.2177499999999999,1.2111,1.2503,0.121475,0.22820000000000001,0.2503,0.1462083273962191,1.199023444296652,3.891999999999985,4.205999999999985,0.15384615384615385,0.0,2.726557031932906,1.791932089534055,5.095552999660337,5.861762791513143,7.810249675906681,0.1282051282051282,672.31073753654,1173.5353851428108,67.05425,117.46799999999999,120.41449999999998,0.09534058907840698,280.7703969412271,0.2924832730754379,0.3695541181708449,1.5384615384615383,0.6132013703733349,1829.79890325685,0.6172006080906083,0.26326116415698625,0.5492437187247133,0.06062986669296422,0.1268652504253362,0.04422551596343242,4.0,2.1052631578947363,0.4166666666666667,0.1755942292142121,0.42142615011410905,4.8402766762365514,4.80682188039368,4.873465817081282,8.46515144982973
02_normal,WALKING__02_normal,WALKING,1,2,5.0,7.0,40,0.20479295360474162,57.44412099474561,0.8779999999999999,237.05,2.8348717948717956,9.779999999999859,1.5,0.6508713214658773,26.184872185200863,0.49326574007162843,1.0855000000000001,1.0635,0.23299999999999998,1.3739000000000001,1.40755,0.17014999999999997,0.3739,0.40754999999999997,0.2195493110897868,2.315738908784236,5.32400000000002,7.89000000000003,0.41025641025641024,0.1282051282051282,4.018023869950645,2.5262656184041066,6.642906746357454,9.87111430548543,11.267102555670686,0.3076923076923077,962.0047453059481,1708.342226290228,98.31875000000001,164.56300000000002,200.53999999999996,0.26612813894627024,280.498522940467,0.3187046912033686,0.36064482617542953,1.5384615384615383,0.5125659342729351,2247.4748337700407,0.5454611905063637,0.09627251268895627,0.7413983982325223,0.027929561111030694,0.13439952796749088,0.0014507211893570761,4.0,2.1052631578947363,0.5166666666666666,0.1258305739211796,0.24354304629905732,7.413732560449189,6.5395922127287776,4.143637338307359,13.293447899908234
02_normal,WALKING__02_normal,WALKING,1,3,7.0,9.0,40,0.21590711292186834,58.05064839629933,0.8370000000000001,202.24,2.4676923076923063,9.799999999999862,1.5000000000000007,0.5005053843469416,32.487856309100266,0.3991109830718938,1.015375,1.009,0.28974999999999995,1.2714,1.3140999999999998,0.17662499999999998,0.35719999999999996,0.3747499999999999,0.2137448829796868,2.091393971718198,3.992000000000034,6.85399999999992,0.3076923076923077,0.07692307692307693,3.653968562516677,2.265745119807794,6.818828858894622,8.112307118337863,9.923507444447111,0.20512820512820512,974.566442830654,1807.7003723136993,97.36949999999999,165.17900000000006,199.95649999999998,0.4751676376385452,268.8686241536956,0.30062628966391935,0.40906353884466934,1.025641025641026,0.4072870519527734,1964.48990067305,0.6102737614384312,0.13354957415772503,0.6230546223733973,0.16770245222214084,0.07569335124673718,0.0002772551914413617,3.0,1.578947368421053,0.6000000000000001,0.4949747468305834,0.8249579113843055,8.149738394886795,5.705005804771745,4.347856336726141,14.21583035466767
02_normal,WALKING__02_normal,WALKING,1,4,9.0,11.0,40,0.22373482472532477,53.48195607470732,0.9259999999999999,203.67000000000002,2.791282051282051,8.019999999999882,1.5000000000000007,0.5972338868447188,33.29864414951946,0.4145363341764018,1.0609,1.076,0.24875000000000003,1.3266,1.3903999999999999,0.18685000000000002,0.378,0.4055999999999999,0.2291607514388099,1.9264354586251566,4.844000000000106,6.305999999999937,0.4358974358974359,0.07692307692307693,3.8658231342192786,2.355447484038851,6.858656455884005,7.5840963291332235,12.242401725151636,0.23076923076923078,900.097169555276,1497.2871137600332,100.34475,162.197,184.982,0.3407444058056115,239.04171440617776,0.31596376335787835,0.32606455997085615,1.538461538461539,0.5866328516972906,2362.9173880613084,0.5852325004528736,0.14198192015196728,0.6009430832448,0.12890962518562363,0.12816537141760942,0.00340750223971063,2.0,1.0526315789473693,0.5500000000000007,0.0,0.0,9.522744629749848,5.61845455858897,4.765846836841404,12.590040693343946
02_normal,WALKING__02_normal,WALKING,1,5,11.0,13.0,40,0.1261982338654913,37.71517996690321,0.5120000000000001,151.78,1.8051282051282107,5.560000000000121,2.000000000000001,0.327612395828403,7.516269183101594,0.30632036075033114,1.058575,1.0590000000000002,0.17374999999999996,1.2183,1.2423,0.11287500000000002,0.2183,0.2423,0.137691230657584,1.2947888911342378,3.2200000000000704,4.586000000000083,0.1282051282051282,0.02564102564102564,3.01207309955709,1.5425236505400062,5.189199505671458,5.542131042185539,6.931839582679483,0.1282051282051282,821.7768846075508,1312.0096155324377,83.70275,132.557,140.356,0.2554539453116815,298.85663857310414,0.20998286427878918,0.34881979768223326,2.051282051282052,0.392770630625799,727.4199162427504,0.845561676494619,0.25408616545633717,0.3606696434749109,0.08042220419054057,0.30482198687821144,0.13156325073286565,5.0,2.631578947368423,0.375,0.17078251276599296,0.4554200340426479,5.424768752910957,5.825411343714895,3.428810149926921,11.278499821633133
02_normal,WALKING__02_normal,WALKING,1,6,13.0,15.0,40,0.14387711770813316,43.11202985112874,0.5710000000000001,143.51999999999998,1.9215384615384705,6.660000000000141,2.000000000000001,0.45736263647341063,9.706584279933528,0.34291647409382386,1.028125,1.032,0.16525000000000012,1.2193,1.2662499999999999,0.111775,0.23500000000000001,0.2662499999999999,0.14482446271262325,1.6601736409841903,4.120000000000089,5.263999999999948,0.20512820512820512,0.07692307692307693,3.1394519208181455,2.06475322750041,5.9516194163322504,6.8579473718469135,9.378656620220392,0.20512820512820512,766.6508462427557,1414.5883250570087,71.27725000000001,134.46200000000002,138.258,0.3394938502657088,299.64479785163,0.37643685875873484,0.41388292381412545,1.538461538461539,0.5522335660741056,1427.2748090832772,0.7954621719831867,0.11867571425761411,0.49208518517811006,0.061443534143595366,0.3277955664206805,0.0749548969199704,4.0,2.1052631578947385,0.4166666666666667,0.1755942292142121,0.42142615011410905,6.1907468942168435,5.867316519110824,4.262987793581076,13.631789347149422
02_normal,WALKING__02_normal,WALKING,1,7,15.0,17.0,40,0.17886185580368572,45.32383784132437,0.675,185.8,2.27589743589744,5.219999999999923,1.5000000000000007,0.5282113390634311,22.125653771875033,0.41410309316524735,1.046225,1.0505,0.2529999999999999,1.2644,1.2872,0.153275,0.28739999999999993,0.294,0.1825610171969909,1.3273097404519112,4.071999999999942,4.782000000000084,0.3076923076923077,0.02564102564102564,3.3603618108907245,1.7526579176269974,5.374604851279026,5.83662438308938,9.841564916211103,0.20512820512820512,870.4478195330041,1379.0728043083682,101.3095,157.603,167.2759999999999,0.38341665644110506,253.401361836873,0.2386342886772055,0.2878375276207622,1.538461538461539,0.6326409563223827,1365.8370837809712,0.5212437933473671,0.2449342732857663,0.6403608244282804,0.06406000222764906,0.050644900058303896,0.013475329377538233,4.0,2.1052631578947385,0.5500000000000002,0.04999999999999982,0.09090909090909056,6.611591065834759,5.573045189193057,4.174961184038773,10.300484006134962
02_normal,WALKING__02_normal,WALKING,1,8,17.0,19.0,40,0.1843266262052369,50.76775043815987,0.7629999999999999,195.70999999999998,2.5020512820512857,6.9600000000003925,1.5000000000000007,0.3923937622718662,20.52053864275885,0.3754590152156567,1.04245,1.021,0.2527499999999998,1.2690000000000001,1.34345,0.14859999999999998,0.33310000000000006,0.35305000000000003,0.18689274999314445,1.5711664783097237,4.623999999999936,4.94999999999993,0.3333333333333333,0.05128205128205128,3.5717336260190473,2.0434673660087896,6.519862934199315,6.9142742294653505,8.802136104378176,0.2564102564102564,886.6445747042447,1503.452770472981,85.71775,149.87100000000004,188.0985,0.3217609940562963,275.42277251704786,0.3507892024607621,0.18635263235855806,1.538461538461539,0.5617881541458075,1567.6980468473328,0.7460207871297183,0.1885515161516986,0.5042854877869816,0.0966246793694792,0.21053831669184045,0.015552243689237851,4.0,2.1052631578947385,0.43333333333333357,0.20207259421637028,0.46632137126854656,6.543522582642427,5.775385402654498,4.3552414022622346,11.598565745793566
02_normal,WALKING__02_normal,WALKING,1,9,19.0,21.0,40,0.15226383773585664,44.371124439644994,0.6729999999999999,148.66,2.066666666666657,7.2799999999998946,2.000000000000001,0.4181685991529896,13.038271395803235,0.24136325498125114,1.0716750000000002,1.0615,0.14749999999999996,1.2796,1.3242999999999998,0.129575,0.2805000000000001,0.32429999999999987,0.16655922370136095,1.9480642663846641,4.535999999999941,5.889999999999917,0.2564102564102564,0.10256410256410256,3.390316967801514,1.9981141336114856,6.195011379967979,7.343300153808317,7.9625624016392,0.20512820512820512,825.7026101950539,1286.1035588172456,84.18924999999999,143.13000000000002,155.4355,0.16542879618827422,291.4094712141623,0.26469254025307887,0.3582967072673571,1.538461538461539,0.5004585431281047,1585.7856567684366,0.7202910545114903,0.23511145419940693,0.5366414071475127,0.035137425465396215,0.19310971318768383,0.011094218912349926,4.0,2.1052631578947385,0.5166666666666669,0.1040832999733047,0.20145154833542836,6.858049235342759,5.855256033291995,3.8383640573391316,12.177889583167016
02_normal,WALKING__02_normal,WALKING,1,10,21.0,23.0,40,0.17228777171363988,47.47807617935154,0.765,157.2,2.1476923076923042,11.159999999999842,1.5000000000000007,0.48522245295593125,18.18371922011017,0.38150121759573835,1.0347250000000001,1.052,0.1935,1.2431,1.2873999999999999,0.14017500000000002,0.2576,0.2873999999999998,0.17362841069364196,2.0985339011826536,4.003999999999942,5.364000000000257,0.20512820512820512,0.07692307692307693,3.217545656738871,2.1945470574827115,5.168964482795706,5.924749653114215,12.66183241083199,0.1282051282051282,718.0736189482468,1154.091317043631,95.1855,165.107,167.28549999999996,0.6904878383050748,275.574265701602,0.31382906439731706,0.387673383799437,1.538461538461539,0.4319177416118494,1339.988667211483,0.7064372897241715,0.17331001766410242,0.4609334995895453,0.21989490044105311,0.14586158230529891,0.06684325975439845,2.0,1.0526315789473693,1.1999999999999993,0.0,0.0,10.700241096059795,5.652048463495253,3.7059704588919327,10.629449396910642
02_normal,WALKING__02_normal,WALKING,1,11,23.0,25.0,40,0.19821976278609144,44.78436852696456,0.8330000000000001,184.76000000000002,2.4174358974358974,9.29999999999987,1.5000000000000007,0.5804465530573713,25.442435760573815,0.40930777062370594,1.0404499999999999,1.0425,0.20999999999999996,1.2995999999999999,1.3363,0.15644999999999998,0.3252,0.34290000000000004,0.19986245270185196,2.0605629250647075,4.119999999999944,5.457999999999989,0.3333333333333333,0.07692307692307693,3.3733446462780248,2.3493923626494797,5.771691952604784,6.849695063344058,11.418598863258783,0.15384615384615385,801.0348608341232,1268.9780312441958,88.0365,137.847,156.27249999999992,0.4037739408531414,225.93291353745363,0.30123945000227903,0.21845729083223692,1.538461538461539,0.5684886662690819,2213.959081574463,0.6156262245751466,0.19685860456944992,0.5870638853410106,0.09653958419000899,0.11953792589953069,0.02338226398283509,3.0,1.5789473684210538,0.5249999999999986,0.03535533905932537,0.06734350297014374,7.33202687723162,4.968134534811383,4.072248921692008,10.293711998582358
02_normal,WALKING__02_normal,WALKING,1,12,25.0,27.0,40,0.18891278682408197,55.85538609969636,0.857,191.48999999999998,2.6246153846153883,8.39999999999988,1.5000000000000007,0.6033303189001706,20.07858317009448,0.563137777389481,1.0764,1.0354999999999999,0.24475000000000002,1.3343,1.35465,0.15180000000000002,0.33430000000000004,0.3546499999999998,0.20157579219737673,2.163099440683062,5.468000000000014,6.497999999999911,0.41025641025641024,0.15384615384615385,4.182412956805323,2.775762827779458,7.868521808368482,9.402032563756574,11.750659555956679,0.3076923076923077,979.708757881998,1886.755339251311,90.55775,161.53500000000003,184.6105,0.4283099152969454,295.6675778210271,0.2675844734938874,0.35765598268703,1.538461538461539,0.5627621983927303,3471.945250008382,0.6246595875313226,0.08117545050496541,0.6888044837890311,0.06774364259260521,0.16227642311339832,0.12864802765292527,4.0,2.1052631578947385,0.5999999999999991,0.4821825380496472,0.80363756341608,8.549852633707772,7.355743633718193,6.1234917281215235,18.100399077861404
02_normal,WALKING__02_normal,WALKING,1,13,27.0,29.0,40,0.20240641395533002,53.07359778634929,0.794,207.85000000000002,2.55641025641026,6.139999999999912,1.5000000000000007,0.5351004534308784,26.620951396276343,0.42005447731735923,1.05045,1.045,0.28149999999999986,1.3294000000000001,1.3441999999999998,0.16920000000000002,0.3420000000000001,0.34704999999999986,0.20612944961843763,1.4647138883170552,4.375999999999939,4.649999999999934,0.38461538461538464,0.02564102564102564,3.759193024772209,2.1425356614219004,5.710034742779421,7.82443775507938,10.304503869667718,0.1794871794871795,962.7533245010657,1416.6374297778204,109.98025,182.659,191.84599999999995,0.6308139492930889,262.21302353621235,0.4038620885250617,0.3655447497508315,1.538461538461539,0.5939094116811413,1430.7252896338425,0.6412822830245306,0.08444612501528413,0.5881841981553805,0.197637065018878,0.12973261181045725,0.041244270112300356,4.0,2.1052631578947385,0.39999999999999974,0.1322875655532294,0.33071891388307373,7.728891972028551,6.262778714105223,4.8415903804440035,12.028875329926105
03_slow,WALKING__03_slow,WALKING,1,0,1.0,3.0,40,0.06326561325485448,24.258625818511735,0.264,72.89,0.7948717948717945,3.7399999999999958,2.5,0.32093103359637193,2.1208520977504777,0.17653103583799964,1.009225,1.011,0.08250000000000002,1.0959,1.10995,0.05232499999999999,0.1031,0.10994999999999992,0.06314724855446988,0.7315695879943835,1.7079999999999949,1.9859999999999967,0.02564102564102564,0.0,1.2132613151411185,0.6768713293354265,1.9520693421321316,2.137501292368058,4.040495019177722,0.0,267.8438301033098,523.0174201698627,38.75625000000001,75.927,80.11799999999998,0.29177997774759024,383.4409337152885,0.24970256681053465,0.33265136769396336,1.0256410256410255,0.6418066172898623,136.68977990082925,0.7967037425442136,0.3158632957907914,0.1204053018140823,0.26212292843121354,0.30160847396391277,0.009380776819788729,3.0,1.5789473684210524,0.5000000000000001,0.2828427124746191,0.5656854249492381,1.9858433438152172,2.2732051806148683,1.051759038670894,3.4336853150287183
03_slow,WALKING__03_slow,WALKING,1,1,3.0,5.0,40,0.09999279140684761,29.681604935354517,0.387,100.9,1.0671794871794875,3.7800000000000122,1.0,0.34709944665170084,6.223494304010653,0.25599513673477664,0.995175,0.9835,0.1292500000000001,1.1127,1.1386999999999998,0.07852500000000003,0.17980000000000007,0.18809999999999993,0.09885279459883774,0.9006370514894014,2.167999999999977,2.7640000000000122,0.02564102564102564,0.0,1.9377299986305867,0.8180029539883157,3.1430303674206845,3.4157088306640633,4.254738534857359,0.0,552.0961005458286,845.9253283392567,55.8245,96.225,101.702,0.49755335583887006,296.8374471574347,0.14168595606048684,0.23405106431872724,0.5128205128205128,0.5854169702198261,238.9345367224231,0.7371023785246188,0.46909375219365834,0.10449250989486256,0.2347175760234349,0.19169616188804423,0.2930139044591693,3.0,1.5789473684210524,0.75,0.5656854249492386,0.7542472332656515,2.884274036256945,4.077394392276261,2.3425610389666875,6.743599502570801
03_slow,WALKING__03_slow,WALKING,1,2,5.0,7.0,40,0.09037925434182675,38.49839808855188,0.33799999999999997,136.03,1.045128205128206,3.8200000000000127,1.0,0.647646055754626,4.602446921027023,0.2740152631475276,1.0117249999999998,0.9994999999999999,0.10675000000000012,1.1536,1.1745999999999999,0.07327499999999998,0.15359999999999993,0.1745999999999999,0.09000930507453102,0.9216086388109161,2.412000000000007,2.664000000000011,0.05128205128205128,0.0,2.021538500913953,1.2247996773219216,4.1121230954917865,4.229816847494868,4.676793773516143,0.0,579.9069199859819,1033.2902767700537,65.409,115.236,132.8905,0.3969698878366159,425.9649890775338,0.06630357148951195,0.16474055202876944,0.5128205128205128,0.5850358648549814,621.9410619037061,0.6503891133277216,0.5706017657325394,0.08469950161048544,0.12618615311817283,0.2185125795388022,0.11787061434300757,5.0,2.6315789473684204,0.41249999999999987,0.1887458608817686,0.45756572334974216,3.5370291438033377,4.385961175805215,3.0733874771046064,9.160992623944697
03_slow,WALKING__03_slow,WALKING,1,3,7.0,9.0,40,0.10019160809834989,36.16894601939412,0.41400000000000003,145.42000000000002,1.2194871794871764,4.379999999999935,1.0000000000000004,0.5669081830224543,5.2709017749002856,0.21950209226288978,1.001525,0.983,0.13724999999999998,1.1394,1.1663,0.083875,0.15970000000000004,0.17010000000000003,0.09894303916900875,1.000163009655883,2.3399999999999777,3.659999999999949,0.07692307692307693,0.0,1.9666069936984287,1.1082919570829304,3.4099503108983455,3.916617606200359,5.401962606312557,0.02564102564102564,474.20350910632607,750.7706880089647,68.4445,123.29200000000002,152.301,0.3136267310157333,360.99775925235207,0.13991280658985233,0.1586907538273142,1.025641025641026,0.41906021941172783,553.6440654548816,0.7001353963535014,0.44802252911191065,0.16689766200234263,0.10179595774800854,0.28328385113773796,0.2620169703710031,4.0,2.1052631578947376,0.4166666666666667,0.05773502691896288,0.1385640646055109,3.4844834438447463,3.935275256312379,2.30710108649899,6.952254435828921
03_slow,WALKING__03_slow,WALKING,1,4,9.0,11.0,40,0.12024653894480761,35.11710672238364,0.5230000000000001,136.56,1.4138461538461509,3.939999999999943,1.5000000000000007,0.3645558724874727,9.251721020625554,0.21030935057497444,1.032725,1.045,0.13275000000000015,1.1639,1.2117,0.097475,0.2124000000000001,0.2306,0.12316117488884232,0.9850477289654856,2.7279999999999625,2.961999999999959,0.05128205128205128,0.0,2.012824395948817,0.9663901915982351,3.1513033411165385,3.458554202761523,4.217534824989532,0.0,514.7171646079116,936.3319526086184,69.45474999999999,109.402,128.0955,0.1867452983253853,292.0425571541994,0.17358378284615875,0.10044210431725889,1.025641025641026,0.584991439936391,223.35287373074567,0.7614900825581257,0.2735700776241385,0.4308585937479811,0.13427116756451402,0.1613001610633666,0.03485327272473666,5.0,2.631578947368423,0.4375,0.29545163168726346,0.6753180152851737,3.4795530801506716,3.5969746969421714,1.8867153966756909,5.577559532165173
03_slow,WALKING__03_slow,WALKING,1,5,11.0,13.0,40,0.10249107528375587,34.04470504031502,0.386,123.14,1.205128205128207,3.120000000000065,0.5000000000000002,0.33193199229752157,6.697350164712216,0.275580585853477,0.9831999999999999,0.9744999999999999,0.14674999999999994,1.1083,1.1365999999999998,0.0869,0.16710000000000003,0.18604999999999994,0.10258679252223456,0.7331937052694173,2.0280000000000293,2.541999999999963,0.05128205128205128,0.0,2.0004264568387993,1.162477681057907,3.975126341247984,4.082483903524835,4.849907215607429,0.0,557.8548458156315,1039.5958951604603,58.4135,108.908,115.92799999999997,0.43074787907201173,332.1723861912772,-0.04485889443814751,0.34121088410532424,0.512820512820513,0.42409078860810256,796.6592415754999,0.6891088917351195,0.5094741979889859,0.12349020893667009,0.19797855338426232,0.1690570396900817,0.8472244146671031,2.0,1.0526315789473693,0.40000000000000036,0.0,0.0,3.831586566050948,4.208961792066285,3.2366081519250263,9.178774709048056
03_slow,WALKING__03_slow,WALKING,1,6,13.0,15.0,40,0.09017822808479227,32.1387491170346,0.3909999999999999,126.88,1.27230769230769,5.259999999999923,1.0000000000000004,0.6490135715888924,3.8381679348951323,0.254165253045539,1.0138,0.9994999999999999,0.12249999999999983,1.1179,1.15735,0.07154999999999997,0.12719999999999992,0.15735,0.09010688098031136,1.216808728511328,2.443999999999967,3.8080000000000642,0.10256410256410256,0.02564102564102564,2.2436076751918383,1.4834238436183635,4.552032393294074,5.252366316229293,6.064618701946474,0.10256410256410256,576.238957774689,1021.8631714908508,65.39475,107.135,121.13299999999998,0.3903227541575692,356.39144613504004,-0.04122344882064799,-0.014607217532368332,0.512820512820513,0.6302067437391662,1171.6778492808894,0.7121989166654984,0.47084479562685566,0.07185812414116587,0.11073365584499417,0.3465634243869844,0.16464590542953028,3.0,1.5789473684210538,0.875,0.8838834764831844,1.0101525445522108,4.630452572400942,4.675596496008187,3.4033722001854123,9.321362819634821
03_slow,WALKING__03_slow,WALKING,1,7,15.0,17.0,40,0.0893316924839739,27.991089131529534,0.33899999999999997,97.14,0.9738461538461609,3.8800000000002197,1.0000000000000004,0.5422010519286458,4.760629695289296,0.32001677077646834,0.99895,0.9844999999999999,0.11224999999999996,1.1316,1.14025,0.07139999999999999,0.15370000000000003,0.16404999999999992,0.08821422787736681,0.9016494107573443,2.112000000000008,2.949999999999959,0.05128205128205128,0.0,1.7280797310048546,1.0241077925419975,3.254832924855831,3.8962150823847757,4.434636399977145,0.0,421.0493664391103,743.0056653301585,48.399,88.65700000000002,98.9895,0.3806086593151523,313.3388426123364,0.1384762002483395,0.29859799180363794,1.538461538461539,0.399914327026175,379.0624412810621,0.678464915119688,0.46237041236097004,0.15939058773264803,0.16898214174589082,0.20925685816049103,0.13541791840329612,4.0,2.1052631578947385,0.4833333333333331,0.1154700538379268,0.23890355966467625,2.9726804913992293,3.4836353116401915,2.543312848051927,5.918705700405335
03_slow,WALKING__03_slow,WALKING,1,8,17.0,19.0,40,0.07399642662889981,29.615231874397995,0.235,104.75,0.7923076923076914,2.319999999999969,1.5000000000000007,0.44801955698417034,3.4975412460540953,0.15320306705839035,1.0133750000000001,1.0354999999999999,0.13200000000000012,1.097,1.1112,0.06697499999999999,0.1083,0.11214999999999999,0.07427970786156876,0.6120649326512444,1.7119999999999758,1.8880000000000947,0.0,0.0,1.4319021618451417,0.610698300852243,2.163010837918174,2.2244418564366013,2.9641187560554583,0.0,454.52406093194674,701.0020523876768,60.464999999999996,100.405,102.3215,0.36929111891835775,400.22516253280213,0.23653777552496805,0.3326303549983973,0.512820512820513,0.4186368903182289,77.07994155357679,0.6895425009949433,0.3633175120793463,0.4268032479368465,0.04650284818913449,0.16337639179467256,0.012454664450628799,6.0,3.1578947368421075,0.3300000000000004,0.07582875444051576,0.229784104365199,2.282225922317927,2.8875905290995734,1.7622994910459582,5.11019284004512
03_slow,WALKING__03_slow,WALKING,1,9,19.0,21.0,40,0.09084522975495614,34.34563525342832,0.32699999999999996,148.76999999999998,1.131794871794878,2.799999999999958,1.5000000000000007,0.521107527751494,4.962063429665,0.18169201142883326,1.006375,0.9944999999999999,0.1429999999999998,1.1239000000000001,1.14845,0.07877499999999998,0.13740000000000002,0.14844999999999994,0.0899287217745254,0.7145954755365026,2.116000000000093,2.302000000000131,0.0,0.0,2.0197493258531467,1.1143973326175796,3.913303508201754,4.274004194453724,4.536871168548028,0.0,507.42158479965303,1092.4776076136418,65.71575,108.89700000000003,137.16299999999998,0.18364457295304248,378.0675699326366,0.23317866042602217,0.268014175111019,1.025641025641026,0.6040565237864356,608.1695786539707,0.6916672825887613,0.1874392520017808,0.4717210233974888,0.18853307528556112,0.1523066493151692,0.14197061953999052,4.0,2.1052631578947385,0.5,0.29999999999999716,0.5999999999999943,3.674730329835455,4.388219095295776,2.9740955089475305,8.159393015643003
03_slow,WALKING__03_slow,WALKING,1,10,21.0,23.0,40,0.10419267162575697,37.64140288674229,0.42699999999999994,130.34,1.153333333333335,3.6199999999999517,2.000000000000001,0.4551712183906124,6.713431506397684,0.18300189613130666,0.9972999999999999,0.985,0.16474999999999995,1.1260999999999999,1.1419,0.08780000000000002,0.15720000000000003,0.17210000000000003,0.10291744264214886,0.9065531404673556,2.2920000000000016,2.973999999999955,0.05128205128205128,0.0,1.8423587190626751,1.0581868761117645,3.404925399973106,3.471148158083672,4.492616164330024,0.0,508.16695054090656,722.0490411457778,67.402,113.86500000000001,126.61449999999999,0.25044674357355395,361.2672782011392,0.04131503341868637,0.16311091633974276,0.512820512820513,0.38353115368146873,454.2016314201252,0.6564382300006638,0.3168397025477767,0.4798078337564108,0.008435913950970738,0.19491654974484157,0.006669268447734366,4.0,2.1052631578947385,0.5666666666666677,0.30138568866708615,0.5318570976477982,3.6445846355783704,3.6763548839137865,2.422723517282823,7.599281886884068
03_slow,WALKING__03_slow,WALKING,1,11,23.0,25.0,40,0.09691496404792324,30.851791610487115,0.384,123.09000000000002,1.3964102564102445,4.559999999999937,2.500000000000001,0.31662535488742544,3.878043888750181,0.2200724035708757,1.0079500000000001,0.978,0.13649999999999995,1.1532,1.166,0.0798,0.15319999999999992,0.16599999999999998,0.09602551744197997,1.3230099000693274,3.5839999999999512,4.165999999999938,0.15384615384615385,0.0,2.402061121699713,1.2901161956759752,4.301566694656377,4.507164993506863,5.413944957237665,0.05128205128205128,687.3237449769188,1081.524012501381,67.38425,108.581,117.73999999999995,0.2534006155973295,318.3387819783051,0.29627092826806456,0.2671883624219495,1.538461538461539,0.6040047330016161,400.5579749453099,0.8134295360121008,0.18787196126642583,0.19125839032924988,0.1842029900890371,0.43666665831528717,0.1383922110748071,5.0,2.631578947368423,0.39999999999999947,0.17795130420052105,0.4448782605013032,4.5789560136868355,4.86078291049332,2.6187987888078927,8.79623442007366
03_slow,WALKING__03_slow,WALKING,1,12,25.0,27.0,40,0.1085536585973582,29.526692303701005,0.43100000000000005,126.27000000000001,1.4456410256410264,4.139999999999943,2.500000000000001,0.43207707395880607,7.243187987055411,0.19724867089643572,1.0182749999999998,0.9955,0.1372500000000001,1.1445,1.2295500000000001,0.085425,0.16430000000000003,0.22955000000000006,0.10873488400692762,1.1347798183644897,2.8600000000000034,3.3600000000001646,0.10256410256410256,0.0,2.134652184509809,1.2575450394312884,3.81978360270515,4.5095241426663515,4.891339284899313,0.0,537.8657378204924,949.4450709837874,65.75174999999999,95.08700000000005,125.00299999999999,0.2291122953786389,272.0008950893119,0.0942582265578761,0.1876422715996706,2.051282051282052,0.28347923286679827,593.5025100930059,0.7266589060965816,0.18503623426531127,0.278851686795846,0.3767792290739989,0.15933284986484375,0.015774781422290343,5.0,2.631578947368423,0.3875000000000002,0.11086778913041696,0.2861104235623662,3.6805122756798156,3.710396339246106,2.7893028752094406,6.866152310525798
03_slow,WALKING__03_slow,WALKING,1,13,27.0,29.0,40,0.1006564829710564,29.426995837809564,0.3370000000000001,133.92999999999998,1.2969230769230797,3.439999999999952,2.500000000000001,0.4273432447431989,5.78956581956493,0.38505722218759986,1.006625,0.9895,0.15149999999999986,1.1491,1.17085,0.085425,0.14910000000000004,0.1708499999999999,0.0996108678809697,0.9544195090159735,2.5999999999999637,3.0200000000001483,0.05128205128205128,0.0,1.9769518774644865,1.08755144697905,3.8553247388859364,4.049490543832703,4.4840160570630685,0.0,480.2571579948907,826.7433109728997,64.83675,98.59900000000002,115.19149999999993,0.21269804463708708,292.35072564845376,0.16275192153523688,0.2586974324298909,1.025641025641026,0.4750683495202894,406.14666348623325,0.6590362502150626,0.10070163515810193,0.32563487835162225,0.3438587595986844,0.22980472689159165,0.051402677007887476,4.0,2.1052631578947385,0.31666666666666643,0.028867513459479646,0.09116056881940948,3.5059026209514292,3.781331868756158,2.368425418658453,6.795451845332918
04_fast,WALKING__04_fast,WALKING,1,0,1.0,3.0,40,0.27812475410533644,62.93979454096569,1.032,254.68,2.9276923076923085,10.860000000000039,2.0,0.6397135519346654,54.34600206226993,0.36734151702106466,1.111825,1.124,0.36675000000000013,1.5152999999999999,1.5773,0.24097500000000002,0.5153,0.5772999999999998,0.2965204461753017,2.458585881032625,5.840000000000001,6.764000000000018,0.4358974358974359,0.1794871794871795,4.43356188450564,2.7793109314232525,7.447635686912199,11.005991625164858,12.793826636311795,0.3333333333333333,1029.7706290892306,1818.2115421662372,106.03375000000001,177.129,199.8109999999998,0.34756570509881374,226.30058494228095,0.20420059046912523,0.2667078496618416,0.5128205128205128,0.4080978548316721,3982.680683221984,0.506503492775297,0.20950319945378465,0.6099586620994129,0.09502555582291326,0.08551258262388925,0.05233101196995209,4.0,2.1052631578947367,0.31666666666666665,0.10408329997330648,0.3286841051788626,9.026440853786635,6.85992101822312,5.741958369013119,12.432515040691191
04_fast,WALKING__04_fast,WALKING,1,1,3.0,5.0,40,0.31400839446561263,63.39878007349741,1.48,237.67000000000002,3.7241025641025627,13.280000000000046,1.0,0.5428395339017387,60.22274585022125,0.2393900650784761,1.1841,1.1575,0.3260000000000002,1.6655,1.7333500000000002,0.2669,0.6655,0.7333500000000001,0.36059541039785853,3.4581716480097553,8.68000000000003,11.045999999999866,0.38461538461538464,0.3333333333333333,5.917432107103927,3.5637483705798876,10.85663605002605,13.061940166707943,15.044494009437527,0.5384615384615384,1606.6203596146695,2486.1775584006728,170.09925,238.159,247.86699999999993,-0.03237805929012753,201.901545279995,0.15649232213636552,0.3609629180195364,0.5128205128205128,0.5611052351408787,5867.3137184564575,0.6777650739259715,0.5215342404065186,0.15989785954668972,0.1450520054874012,0.17351589455939034,0.09616568404082809,3.0,1.5789473684210524,0.32499999999999996,0.03535533905932756,0.10878565864408482,10.9288149672011,9.753806883380914,5.751283144576891,17.97319656887237
04_fast,WALKING__04_fast,WALKING,1,2,5.0,7.0,40,0.22070061953138795,56.43695247682847,0.883,204.60000000000002,2.766666666666668,9.680000000000033,1.0,0.6206682674476265,31.305457011195664,0.43213681333418774,1.1595749999999998,1.2035,0.248,1.4056,1.4341999999999997,0.231975,0.4056,0.43419999999999975,0.2701022491576107,2.0190166096829048,5.212000000000021,5.750000000000011,0.358974358974359,0.15384615384615385,4.818140470747475,2.0225295116034903,6.976322349329461,8.716992694527868,10.304038043408069,0.4358974358974359,1226.2442351442392,1969.607549650009,147.3895,231.00799999999998,234.14950000000002,0.173970875848912,255.71723630255616,0.03446019890508897,0.40818746105334475,0.5128205128205128,0.5736705737480968,1441.1546864336144,0.6237266319288394,0.5436218606385456,0.08964425300734818,0.19638610097391632,0.17034778538019002,0.17070376876493248,5.0,2.6315789473684204,0.2875000000000001,0.1108677891304173,0.3856270926275383,8.01946831264625,8.647460202346155,5.081279506353735,13.949827697049196
04_fast,WALKING__04_fast,WALKING,1,3,7.0,9.0,40,0.2354155300630606,60.33398353046023,1.0830000000000002,194.22,2.998974358974362,10.28000000000022,1.0000000000000004,0.7547163829306371,32.61646070829318,0.29260372358932074,1.1417,1.146,0.27675000000000005,1.3765,1.4451999999999996,0.22465000000000002,0.37650000000000006,0.4451999999999997,0.2722385902108663,2.765669039521424,7.704000000000002,8.441999999999897,0.38461538461538464,0.20512820512820512,4.796284444048965,2.7390421190588894,8.775468350936269,9.852675974516318,11.041394839421566,0.3333333333333333,1268.6003994733182,1779.2913598079213,136.82175,208.353,217.39799999999997,0.005631509286800793,256.2871851075356,0.230418484112166,0.5366289929802638,1.025641025641026,0.2944158753951261,2255.792885911682,0.4689695669455938,0.6529458059675676,0.042068220970572626,0.213456768070374,0.09152920499148566,0.03408894800519825,5.0,2.6315789473684217,0.42500000000000004,0.15545631755147946,0.3657795707093634,8.279538201460657,8.29402687524571,4.673155757049042,14.993172522622633
04_fast,WALKING__04_fast,WALKING,1,4,9.0,11.0,40,0.28771248001059346,70.51857280541644,1.1549999999999998,295.1,3.331794871794865,7.799999999999887,1.0000000000000004,0.7235074118939439,53.67133460576643,0.4862125106231364,1.155875,1.218,0.38125,1.4255,1.4882999999999997,0.28907499999999997,0.42550000000000004,0.4882999999999997,0.3240463315638676,2.213635818232619,6.475999999999909,6.997999999999901,0.48717948717948717,0.28205128205128205,5.27343348158542,2.3841509207817886,8.864905655245343,9.173641323900936,10.928879174005223,0.48717948717948717,1479.735689920656,2253.2979835595993,165.1015,243.036,262.22049999999996,0.23938528215331556,245.1008479118458,0.17124466413039646,0.34469223463886134,1.538461538461539,0.5123014668176977,1382.0725472244744,0.5436954317264492,0.6483103391485329,0.16037759620332198,0.08679981174660407,0.10451225290154105,0.19508133745550213,5.0,2.631578947368423,0.4125000000000001,0.2594063736045556,0.6288639360110437,9.270774038978615,9.479788088994406,7.916238613022541,16.043344719248573
04_fast,WALKING__04_fast,WALKING,1,5,11.0,13.0,40,0.2319984029564837,65.23003142724983,0.864,263.83,2.684102564102551,8.339999999999883,2.000000000000001,0.5104046472113563,32.12850739081795,0.3542818515548826,1.17385,1.2115,0.25449999999999995,1.4061000000000001,1.51595,0.2549,0.4061000000000001,0.5159499999999999,0.28757868488467636,2.1337497484952896,5.675999999999962,7.379999999999896,0.358974358974359,0.15384615384615385,4.8439782630675445,2.3409956771146514,8.255484843099174,8.648526081258643,11.626882643254199,0.38461538461538464,1496.6021767412403,2354.618224463114,160.97,251.769,264.845,0.6375707149678255,281.16586405762945,0.21411334846446592,0.34642059204756315,2.051282051282052,0.38889589918543904,1703.7989851108036,0.5869292781631463,0.29128700121858486,0.5054360383916092,0.13810186894438378,0.06517509144542204,0.017259050649452146,5.0,2.631578947368423,0.4375,0.06291528696058978,0.14380637019563378,7.328558475940143,8.8863117790881,4.656585843266685,14.329969968039334
04_fast,WALKING__04_fast,WALKING,1,6,13.0,15.0,40,0.2257641028334778,64.79370757474874,1.001,224.95000000000002,3.1374358974358993,9.439999999999864,1.0000000000000004,0.556873622084202,26.802779009017815,0.40898440871628033,1.164175,1.202,0.24050000000000016,1.4144,1.46655,0.23832500000000004,0.41440000000000005,0.46654999999999996,0.27685488075885534,2.150594431838885,5.899999999999916,7.016000000000153,0.5384615384615384,0.1794871794871795,4.545366280387716,2.0901282364805276,6.891487557007035,8.422065103910647,10.263780979736318,0.41025641025641024,1213.1489850521173,1979.1964425104807,150.8815,231.70499999999998,232.40099999999998,0.2400069704084973,286.99738692532605,0.23673456650181354,0.466019823973805,2.051282051282052,0.5119936605240113,1410.377515289325,0.5473267076570378,0.4255466866337361,0.30352530600407335,0.2104447141567492,0.06048329320544133,0.707815478370507,4.0,2.1052631578947385,0.40000000000000036,0.09999999999999964,0.2499999999999989,7.962875115094506,6.956745867634102,3.738030094094006,11.71135359856571
04_fast,WALKING__04_fast,WALKING,1,7,15.0,17.0,40,0.24048343937864955,60.99284892089547,1.081,249.12,2.8343589743589765,10.580000000000227,1.0000000000000004,0.7714968136681519,34.49497233663289,0.44683122385149876,1.15835,1.1844999999999999,0.30225000000000013,1.4184999999999999,1.4532499999999997,0.24435,0.4185,0.45324999999999965,0.28541408514647626,2.118405302495508,4.980000000000068,6.295999999999914,0.38461538461538464,0.10256410256410256,4.1688776660350495,1.976612607598988,6.551067447847296,7.342903302750983,10.696167537955118,0.28205128205128205,1115.2213803162738,1728.4449334666288,144.536,220.03,228.18299999999994,0.1443939549717206,253.62598388681602,0.26094353872787,0.4290109097054084,2.051282051282052,0.566199441160968,1071.3527334408218,0.45750761822711394,0.6428102462813492,0.17162021397346486,0.11987951096238186,0.06569002878280404,0.25738910105280693,4.0,2.1052631578947385,0.3333333333333333,0.028867513459480673,0.08660254037844202,7.7884192548805515,6.615903641814581,3.872750455427796,12.072071723558153
04_fast,WALKING__04_fast,WALKING,1,8,17.0,19.0,40,0.3557658901437062,83.02476415202877,1.551,359.4,3.455384615384626,9.019999999999868,1.0000000000000004,0.45827732470952454,79.65760925699567,0.1934658221650673,1.2733750000000001,1.26,0.35824999999999996,1.6494000000000004,1.8687499999999995,0.35057499999999997,0.6494000000000003,0.8687499999999994,0.4451280995398965,2.199514116385312,6.196000000000003,7.209999999999961,0.5897435897435898,0.23076923076923078,6.419700701910936,3.5855788383082623,8.986417234273253,13.684067634706825,18.395662532239452,0.6153846153846154,1353.407696355956,2182.1386775828714,165.32874999999999,264.53700000000003,331.43749999999994,0.6848393999238976,233.369095948159,0.14491116648620989,0.06236568888964535,1.025641025641026,0.4167560991743017,7262.841429127426,0.6025883197389932,0.721222515536068,0.03354877369817644,0.1582673450430337,0.08696136572272202,0.07137046414779466,2.0,1.0526315789473693,1.0500000000000007,0.0,0.0,9.072798519858354,10.33042033060052,5.985885268347042,16.75117085347906
04_fast,WALKING__04_fast,WALKING,1,9,19.0,21.0,40,0.2287538131950636,50.68061740461358,0.815,158.96,2.5856410256410296,8.7800000000005,1.0000000000000004,0.678512573435788,31.430366742887813,0.44392940195297304,1.103475,1.0635,0.3752500000000001,1.4604000000000001,1.50385,0.197075,0.46040000000000014,0.5038499999999999,0.24844954216097884,2.3805260308461045,5.479999999999924,7.254000000000356,0.358974358974359,0.1794871794871795,4.279812256614534,2.2507628816467404,7.488947980240036,8.627482030557518,10.032367616869484,0.28205128205128205,1051.086304087423,1713.203470711844,119.40299999999999,177.431,180.49800000000002,-0.09873749286008611,221.55091841637218,0.23752798507969664,0.4036759711367192,2.051282051282052,0.5249946929933408,2561.5948445138165,0.5107670775252765,0.5656964534838185,0.2533109990678235,0.09882210176158425,0.0821704456867738,0.41288110109915066,4.0,2.1052631578947385,0.5,0.13228756555322874,0.2645751311064575,7.495058362341936,7.410469082168313,4.476489064409874,11.803866877593169
04_fast,WALKING__04_fast,WALKING,1,10,21.0,23.0,40,0.22628799298511348,57.67522168885851,0.9800000000000001,215.82999999999998,2.987692307692311,7.3599999999998955,1.0000000000000004,0.7876722911537777,30.43107145608772,0.3419698547824917,1.117475,1.0655000000000001,0.31700000000000017,1.3795,1.5097499999999997,0.19422500000000004,0.39120000000000005,0.5097499999999997,0.2524410327185341,1.9803062781967813,5.524000000000314,6.7939999999999054,0.48717948717948717,0.1794871794871795,4.421102625166581,2.183313582198423,7.211757924323499,7.841471758884787,9.306556828387047,0.41025641025641024,1253.5808572588703,1798.3222515351756,127.12325000000001,194.814,199.88799999999998,-0.3637563882558533,254.87530702812285,0.2802755399003026,0.5067666485543466,2.051282051282052,0.4511294518360357,1817.3454458416252,0.506917914653396,0.6687844142649788,0.08753217692853878,0.14220540522625946,0.10147800358022276,0.11177689997463784,4.0,2.1052631578947385,0.4333333333333324,0.10408329997330812,0.24019223070763462,7.347006188706388,7.608205634146129,4.759777889096463,14.136371706242564
04_fast,WALKING__04_fast,WALKING,1,11,23.0,25.0,40,0.25753782893651433,66.319974784258,0.9799999999999999,244.50999999999996,3.051794871794886,9.900000000000565,1.0000000000000004,0.677839491715987,42.168279191706894,0.29388979858380376,1.1888999999999998,1.195,0.41274999999999995,1.5399,1.56515,0.2587,0.5398999999999999,0.5651499999999999,0.31678194392989006,2.2613955539781565,5.447999999999922,6.209999999999916,0.46153846153846156,0.20512820512820512,5.01749252888982,2.6591707263873743,9.251874945775132,9.990451291228686,10.385586165450508,0.38461538461538464,1381.5011096847468,2082.483449533127,154.734,225.792,232.29699999999994,0.17163865347651025,257.5154689240101,0.15402937176529544,0.43476356206117395,1.025641025641026,0.28910922397521155,2512.631971807707,0.5898212771806367,0.6055099119859589,0.16195326343118455,0.12022752627877198,0.11230929830408462,0.1937521820662211,4.0,2.1052631578947385,0.34999999999999903,0.08660254037844305,0.2474358296526951,8.148007906505566,8.695622304323816,5.327689448393831,15.798029482087276
04_fast,WALKING__04_fast,WALKING,1,12,25.0,27.0,40,0.24779913158722858,60.46104034618979,0.989,216.13,2.6343589743589693,8.540000000000484,1.0000000000000004,0.631784906289017,40.094384025570136,0.43294617356001075,1.167275,1.211,0.387,1.4439000000000002,1.5532,0.25142499999999995,0.4439000000000001,0.5531999999999998,0.29639538626638573,2.382766851319345,6.8799999999998995,7.411999999999895,0.28205128205128205,0.1794871794871795,4.57794241462039,2.2484877180262557,8.153247862674759,8.505625001258407,9.599729162846076,0.38461538461538464,1291.1842323065673,1761.8433404918326,143.4205,222.65099999999998,227.83599999999996,0.09956553665055155,243.99213975819242,0.2092777379191148,0.4691878176726397,2.051282051282052,0.6152735206672123,998.9631040724719,0.5057474775272581,0.5522710766405848,0.3093478944409269,0.021946231233181405,0.11643479768530679,0.4800897910695979,5.0,2.631578947368423,0.3625000000000007,0.13149778198382936,0.36275250202435616,7.500616621965186,8.111218103905609,4.858150377661912,12.921273510817707
04_fast,WALKING__04_fast,WALKING,1,13,27.0,29.0,40,0.27351236788235994,67.63249897565747,1.0510000000000002,283.27,3.262564102564094,7.799999999999887,2.000000000000001,0.581469972138593,50.48384755680409,0.38096080288691386,1.1669,1.1880000000000002,0.4012500000000001,1.4951,1.5699499999999997,0.26645,0.49510000000000015,0.5699499999999998,0.31748133803422207,1.9348612325445136,5.755999999999921,6.51599999999991,0.4358974358974359,0.23076923076923078,5.514556309165708,2.2462898053678413,8.392207024624973,9.148335687139832,10.268670800059617,0.5384615384615384,1614.1460841498672,2777.683362243678,181.7305,267.06800000000004,286.5805,0.24875285149821402,247.27400628825237,0.25297775804688083,0.2959523053438671,0.512820512820513,0.5149324115510217,1137.1544530647864,0.5235472052903735,0.3450901738286623,0.5206742576092056,0.05602942967920747,0.07820613888292456,0.02230598305262163,4.0,2.1052631578947385,0.5,0.10000000000000142,0.20000000000000284,8.259810935314505,10.08036598311876,5.414763992612051,18.496230126482356
05_short_arm_swings,WALKING__05_short_arm_swings,WALKING,1,0,1.0,3.0,40,0.13330271844035943,24.496289828964212,0.7310000000000001,86.51,2.304102564102563,8.419999999999956,1.5,0.40452595322737206,7.367001443862789,0.3697132843341518,1.0197749999999999,1.018,0.119,1.1818,1.2707499999999998,0.095825,0.19690000000000016,0.32484999999999986,0.13310306157260246,2.039949325929852,5.063999999999989,6.971999999999971,0.23076923076923078,0.10256410256410256,3.4343145371208172,2.121259945513411,6.531128805475749,7.714803149635374,9.284934033152798,0.1794871794871795,595.7864365908456,1001.3377853327345,40.830000000000005,76.741,94.032,0.011905321005218811,183.76436816571015,0.3983602923335827,0.16078143833595943,1.5384615384615383,0.47253823610543355,2371.773249961701,0.8207607194003498,0.08317944237482469,0.33768013832546573,0.15011071289893413,0.4290297064007754,0.39156818465231696,3.0,1.5789473684210524,0.5750000000000001,0.10606601717798222,0.18446263857040385,7.89793274705085,6.181341438240457,4.467251885980687,12.676335276449143
05_short_arm_swings,WALKING__05_short_arm_swings,WALKING,1,1,3.0,5.0,40,0.14653161906092277,41.37027848960764,0.6930000000000001,178.26,2.103076923076924,9.220000000000034,2.0,0.4941399551385882,11.690097811537857,0.3292628600014021,1.01085,0.988,0.1735,1.1897,1.2826499999999998,0.10474999999999998,0.20590000000000008,0.28264999999999985,0.1450946242973874,2.1777174842700724,4.591999999999983,6.336000000000028,0.1794871794871795,0.07692307692307693,3.4487782049568856,2.39145643152519,6.860507294595905,9.140433807926305,9.677541009988058,0.1794871794871795,788.7680894453227,1557.7194777881637,69.63250000000001,117.83900000000001,138.44099999999997,0.0693296588852991,282.3300442234745,0.33618281365474906,0.39581034512870367,1.0256410256410255,0.514992562089566,2401.9567300619706,0.7469170200163108,0.09754803254389495,0.5196424653877645,0.13240042119855727,0.25040908086978325,0.00011328812068179586,3.0,1.5789473684210524,0.55,0.1414213562373093,0.25712973861328964,7.00765251777674,6.4694605255396205,5.368959178901994,11.573384099066573
05_short_arm_swings,WALKING__05_short_arm_swings,WALKING,1,2,5.0,7.0,40,0.1765146540005194,34.58919291354247,0.723,158.31,2.305641025641024,11.500000000000037,2.0,0.47714868329866617,16.402937017142655,0.393723210380372,1.03125,0.9815,0.21200000000000008,1.2336000000000003,1.3876499999999996,0.13455,0.23360000000000022,0.3876499999999997,0.17707357227999893,2.496169481079482,5.13999999999993,7.406000000000027,0.23076923076923078,0.10256410256410256,4.031547774292047,3.0613992294564665,7.893926324278856,8.589299489777595,15.995836958408955,0.2564102564102564,883.4846992441701,1560.8923038961782,85.18050000000001,125.301,153.1225,-0.18608711025340627,195.9564949969575,0.2998878401845546,0.1935648664423514,1.5384615384615383,0.38108646982633104,3983.8982544816163,0.7242119341558563,0.2054018812454723,0.5037978619893615,0.0651805707433504,0.22561968602181598,0.09343978703605459,3.0,1.5789473684210524,0.5500000000000003,0.07071067811865513,0.12856486930664562,9.977010619420591,8.068648862485023,6.703684902105819,17.536317204876326
05_short_arm_swings,WALKING__05_short_arm_swings,WALKING,1,3,7.0,9.0,40,0.14590882295250215,36.65676254117376,0.7090000000000001,136.35,2.030769230769229,7.559999999999895,1.0000000000000004,0.35758246560974344,11.633404633993944,0.4077299870165221,1.0285,1.0335,0.17274999999999996,1.1783000000000001,1.2672999999999996,0.11045,0.22820000000000001,0.26729999999999954,0.14686524435685933,1.9350879003771955,4.792000000000085,6.552000000000025,0.2564102564102564,0.07692307692307693,3.2951800953071437,2.296132546147602,7.728927852807305,7.98676249452406,9.849446684966658,0.1794871794871795,729.6226479431175,1268.5416674260239,64.00399999999999,107.82600000000001,136.06249999999997,-0.18462241003635813,251.23060963288475,0.42865066950345077,0.3030979403646102,1.538461538461539,0.42220370901666393,1059.5003273242512,0.725540708451911,0.27653965010307135,0.37314583986137645,0.17864608983645336,0.17166842019909898,0.9865888732711794,3.0,1.578947368421053,0.5250000000000004,0.10606601717798111,0.20203050891044008,8.670964534147952,6.370069493873158,4.9898667020595315,11.642750846156241
05_short_arm_swings,WALKING__05_short_arm_swings,WALKING,1,4,9.0,11.0,40,0.1316422405126086,28.693041208314803,0.6190000000000001,108.06,1.8071794871794873,9.580000000000204,1.5000000000000007,0.3064489020958666,9.38491389917617,0.33251138368664995,1.0077500000000001,0.977,0.18924999999999992,1.1502,1.2578499999999997,0.10400000000000001,0.19470000000000004,0.29205,0.1302171263697675,1.836664523586108,4.0039999999999445,4.549999999999936,0.20512820512820512,0.02564102564102564,3.215534823505532,2.367038434716258,5.973825099247019,6.119026042658439,12.796577667486217,0.23076923076923078,703.7871066560153,1410.0741513427336,57.526250000000005,96.158,103.43749999999994,-0.1434295157140198,217.96226725240678,0.166051579851596,0.25374577137384674,1.538461538461539,0.33377100748394145,2376.7406520047452,0.7637002217956018,0.16917449529330553,0.45808193799280594,0.17814751928023304,0.1945960474336555,0.10602451711224994,4.0,2.1052631578947385,0.5166666666666669,0.2020725942163684,0.3911082468703902,7.602494893433121,6.786072166756549,5.921293450191469,14.515351224672859
05_short_arm_swings,WALKING__05_short_arm_swings,WALKING,1,5,11.0,13.0,40,0.15155305197884522,34.3644244188816,0.6479999999999999,142.95,2.113333333333334,7.200000000000151,1.5000000000000007,0.46935428674504553,13.836337870941652,0.3747319385549626,1.0396750000000001,1.0375,0.18700000000000006,1.2115,1.2665999999999995,0.121875,0.21150000000000002,0.2665999999999995,0.15481674651018862,1.6104940943915926,4.060000000000085,4.741999999999937,0.20512820512820512,0.05128205128205128,3.2827792200858883,1.8373369107339108,5.616089756249206,7.4800226444541975,8.064341262620164,0.1282051282051282,765.8275007107703,1216.4357279784483,77.979,115.85600000000002,135.73049999999998,-0.22242513129446373,226.74848160549357,0.14831821455196625,0.3680698530779675,2.5641025641025648,0.5290012591555637,1422.706354304062,0.6836057492795433,0.13263573932861766,0.6029619824706869,0.13566549390496063,0.1287367842957345,0.028854204059244798,4.0,2.1052631578947385,0.5500000000000002,0.1322875655532304,0.24052284646041885,6.393662713143341,6.054980535434289,4.514727105191535,12.62053797283561
05_short_arm_swings,WALKING__05_short_arm_swings,WALKING,1,6,13.0,15.0,40,0.14593778091171558,33.432996804362496,0.6100000000000001,123.01,2.2220512820512854,7.099999999999898,2.000000000000001,0.5824165469103476,12.00463255279751,0.2805498596462671,1.0010999999999999,1.002,0.22075,1.1658,1.1901499999999998,0.12265,0.20760000000000003,0.2507,0.14410621083076192,1.7337443195932916,4.363999999999969,4.966000000000105,0.3333333333333333,0.05128205128205128,3.248318059863275,1.81228527945331,5.261411000467353,5.721005424832841,8.772912857198758,0.1282051282051282,821.2910676299318,1417.7188041268478,70.36375000000001,108.46300000000001,120.49549999999999,0.23757102546256084,229.09075768794676,0.16876241408721285,0.2991633852769761,1.538461538461539,0.41477645271880903,1252.7833083715273,0.7014462627976478,0.13068917493235646,0.5666724925172762,0.1123718172479217,0.1902665153024455,0.040729799727081635,3.0,1.5789473684210538,0.5999999999999996,0.21213203435596475,0.3535533905932748,6.186303205524065,5.796966420969481,4.222962007859562,10.729367922069084
05_short_arm_swings,WALKING__05_short_arm_swings,WALKING,1,7,15.0,17.0,40,0.1604150386197772,34.56867067973692,0.718,146.79999999999998,2.4558974358974397,11.679999999999833,1.5000000000000007,0.6673312764862424,12.41392881368295,0.40962743217723957,1.0282,1.0445,0.15900000000000003,1.1708,1.3507500000000001,0.12605,0.24260000000000007,0.35075000000000006,0.16088784913721735,2.322821240543397,4.923999999999977,6.5060000000003235,0.28205128205128205,0.10256410256410256,3.7415611333972754,2.4120513824335603,6.268865306946284,8.178295968547353,12.141515556140256,0.23076923076923078,716.6876667623766,1404.0024837191704,75.3365,120.671,132.24799999999993,0.09141978163054089,215.4951990609378,0.32707479433086345,0.16994923376625026,0.512820512820513,0.3930796899526519,1863.0794523116704,0.7111834339332631,0.07022510015205706,0.5341332806965905,0.10581329737741742,0.2898283217739351,0.06507765295310924,4.0,2.1052631578947385,0.39999999999999974,0.1802775637731981,0.45069390943299553,7.5053932129880385,6.8887262533945,4.823467016187868,13.063920993053088
05_short_arm_swings,WALKING__05_short_arm_swings,WALKING,1,8,17.0,19.0,40,0.12171984436738537,30.983590850435327,0.5240000000000001,111.71000000000001,1.7620512820512921,5.759999999999916,1.5000000000000007,0.8191606847997766,7.122032394438895,0.3668693345651041,1.02115,1.0234999999999999,0.15149999999999986,1.1699000000000002,1.2194999999999998,0.09625,0.16990000000000008,0.21949999999999978,0.12203544567051001,1.4755038024299325,3.9400000000002255,4.729999999999933,0.1794871794871795,0.05128205128205128,2.581769985186831,1.5466371499750613,5.030548547144353,5.55775927360335,6.431982587041014,0.10256410256410256,610.7938849532754,918.823772155467,55.63175,100.494,108.24849999999998,-0.0982193591723628,254.54839357925871,0.19284522308259738,0.2622519478365247,1.538461538461539,0.4762590361744049,831.4254495862718,0.6602971969316493,0.10101210787665311,0.5414443802931451,0.09793948823088665,0.25960402359931495,0.17745922361039326,4.0,2.1052631578947385,0.5666666666666677,0.1607275126832149,0.2836367870880258,5.669405258082548,4.821285171041554,2.8173879005324802,8.683625625219594
05_short_arm_swings,WALKING__05_short_arm_swings,WALKING,1,9,19.0,21.0,40,0.1522968087279505,38.435722692701596,0.6649999999999999,148.27,2.512820512820526,10.179999999999856,1.5000000000000007,0.6079745961382717,8.267807133933555,0.25509527974579116,1.0208,1.0305,0.21100000000000008,1.1702000000000001,1.27405,0.123,0.24850000000000003,0.27405,0.15181271356510295,2.1227017896985063,5.775999999999918,6.281999999999956,0.2564102564102564,0.15384615384615385,3.5283455130491372,2.343968405578454,6.708012002945747,8.067992390714322,11.451148414023647,0.1794871794871795,768.002620604152,1303.5889994826314,78.38425,130.743,156.00199999999998,0.3972949219328824,252.3737891406494,0.3069650248242074,0.13409536033693625,1.538461538461539,0.6185269768130013,2477.973496341854,0.7696426371413261,0.05241933381140835,0.3052087343157282,0.3483703203720352,0.29400161150082815,0.774741559607362,2.0,1.0526315789473693,1.1999999999999993,0.0,0.0,8.870888181800305,6.20842239815245,4.930600860056241,13.597057291091524
05_short_arm_swings,WALKING__05_short_arm_swings,WALKING,1,10,21.0,23.0,40,0.14786355456714398,31.080254634430293,0.679,146.33,2.449743589743599,7.339999999999896,1.5000000000000007,0.7765625111349224,7.123503600624831,0.48549671999489596,1.0193999999999999,1.02,0.18199999999999994,1.1861000000000002,1.3131,0.11395,0.2410000000000001,0.3157999999999999,0.14728679506323705,1.9097416292311442,5.315999999999925,6.103999999999962,0.3076923076923077,0.15384615384615385,3.56589199731657,2.047204488510039,6.079091627321582,6.979543265134607,10.083253443209543,0.20512820512820512,613.1879775158105,1037.0590375752718,64.27025,102.415,110.261,-0.03484394113466042,210.19550575133056,0.16573141316994616,0.1556527514183824,1.538461538461539,0.6173881938245216,1828.787359052129,0.7636745430588879,0.025097630567153233,0.3936705857595148,0.21527288857316113,0.3659588951001708,0.6003347970222557,4.0,2.1052631578947385,0.39999999999999974,0.1322875655532294,0.33071891388307373,6.927171895157806,6.4467767536520215,4.846450885556165,13.860332469057921
05_short_arm_swings,WALKING__05_short_arm_swings,WALKING,1,11,23.0,25.0,40,0.15401610804867633,35.592908167145765,0.7090000000000001,146.5,2.6287179487179335,11.739999999999835,1.5000000000000007,0.6912251337196139,6.891330986322811,0.33905152588725224,1.0017500000000001,0.982,0.18725000000000014,1.1908,1.2616999999999996,0.11655,0.21309999999999998,0.2616999999999997,0.15208878985645194,2.7036536482937836,6.619999999999911,7.851999999999893,0.28205128205128205,0.15384615384615385,4.067351361607877,3.4316048997663384,9.99031385165081,11.315517912420802,14.047419691886281,0.28205128205128205,864.884666346502,1732.6663249845737,65.324,121.158,125.70849999999994,0.39397358961031104,231.09860791896347,0.14532602844819717,0.20188719259802046,1.538461538461539,0.7315995699300668,4758.13158739035,0.8449158547189171,0.062288021393661006,0.3074212557910173,0.12433106273146334,0.5059596600838584,0.25128651392900575,3.0,1.5789473684210538,0.625,0.035355339059330394,0.05656854249492863,10.260295921102783,7.733194900019675,6.76726159092249,17.306850666015173
05_short_arm_swings,WALKING__05_short_arm_swings,WALKING,1,12,25.0,27.0,40,0.1204037838020307,27.34206611122812,0.5309999999999999,103.79,2.0682051282051366,9.759999999999861,1.5000000000000007,0.7806522079378878,5.517697672004867,0.2870066593026684,1.010425,0.9989999999999999,0.13724999999999998,1.1684999999999999,1.23515,0.091775,0.19170000000000006,0.23514999999999997,0.1193454020899004,1.9889892590470595,4.00000000000023,5.17999999999993,0.20512820512820512,0.05128205128205128,3.0100562080281135,2.0471758682836163,5.753877078454387,6.210739985110863,10.770719567419656,0.15384615384615385,587.2574831754678,960.4449503141042,54.5355,96.015,102.13699999999999,0.1757002368718267,227.08643572351733,0.25058162415751384,0.18444056493332608,1.538461538461539,0.6354531492912299,1693.0595863024305,0.7218880643734403,0.06608508997990716,0.4425608404330141,0.055923446525772476,0.4354306230613063,0.011410760109691545,3.0,1.5789473684210538,0.3999999999999986,0.21213203435596223,0.5303300858899075,6.929529760812609,5.3566571506176714,3.4525701540582414,9.169329980685264
05_short_arm_swings,WALKING__05_short_arm_swings,WALKING,1,13,27.0,29.0,40,0.1401255846987961,39.676007953363765,0.5870000000000001,149.28,2.44153846153846,9.199999999999871,1.5000000000000007,0.7808651302470562,6.52542740953804,0.41158334334501656,1.0234999999999999,0.9984999999999999,0.17174999999999996,1.2087,1.2699999999999998,0.10694999999999999,0.20870000000000002,0.2699999999999998,0.14034439782192948,2.2178196244599326,4.980000000000005,7.671999999999892,0.3076923076923077,0.10256410256410256,3.532091700160819,2.6607814475635534,8.106011300706305,9.17387900674668,10.946944779252181,0.1794871794871795,734.7637220932723,1565.449622096696,73.41324999999999,131.11,136.32099999999997,0.10436937942183379,283.1460652859966,0.12544816758491814,0.24397111506538505,1.538461538461539,0.5047235282189726,3328.257692309719,0.7952782819163464,0.07097022746300032,0.37923385421204714,0.10181690229069994,0.44797901603425255,0.2887831575117278,2.0,1.0526315789473693,1.25,0.0,0.0,8.300573378271487,6.5380949304085,5.070605656553524,14.506168446353
06_large_arm_swings,WALKING__06_large_arm_swings,WALKING,1,0,1.0,3.0,40,0.3184746135678313,73.2001708068625,1.058,280.36,2.3143589743589743,8.259999999999954,1.5,0.626831062010239,77.28515738563787,0.0876413531026551,1.0471499999999998,1.0805,0.5102499999999999,1.4411,1.4573999999999998,0.27335,0.4853,0.49934999999999996,0.3179835687578841,1.8997780962824848,4.624,5.946000000000019,0.2564102564102564,0.10256410256410256,3.809042244271665,2.3083435053643853,6.7499284778525634,7.842357252626337,10.890693274534952,0.2564102564102564,1094.6446084120496,1746.4334678319012,136.647,220.60900000000004,247.08949999999996,0.46106218582593583,229.84617199722808,0.1861152499531416,0.2741359495657995,0.5128205128205128,0.5248013009512862,2239.921659662057,0.43904602971769935,0.2560092780019035,0.7130442229368152,0.01192904439895657,0.01901745466232458,0.01228949588374087,5.0,2.631578947368421,0.4,0.33416562759605695,0.8354140689901424,6.195378436296975,8.059771869314622,5.8396589265476,15.712835007155144
06_large_arm_swings,WALKING__06_large_arm_swings,WALKING,1,1,3.0,5.0,40,0.32671652321004757,63.63229838196791,1.286,212.51,2.4748717948717944,8.500000000000032,0.5,0.4150802774043287,78.96985123245048,0.039230186621678015,1.186825,1.2919999999999998,0.35524999999999984,1.4729,1.53935,0.337475,0.5397,0.5492999999999999,0.3727984374967256,1.8130620679056417,4.712000000000018,5.263999999999935,0.358974358974359,0.10256410256410256,3.840300483651679,1.7994765000097661,6.321536404319763,6.851512616273129,8.520305158854379,0.23076923076923078,984.1745862380066,1590.871112397937,141.43775,214.437,225.4125,0.2805391296702834,194.76302501253787,0.17919011933409584,0.4730508066782039,2.051282051282051,0.41313605166101675,956.7107414066279,0.5039190493108839,0.6773526801364869,0.25303176922012866,0.03026457537877249,0.03935097526461199,0.6987051719358945,4.0,2.1052631578947363,0.4833333333333334,0.16072751268321575,0.3325396814135498,6.283474518898213,7.248148209330477,5.50716656238165,16.14549114953798
06_large_arm_swings,WALKING__06_large_arm_swings,WALKING,1,2,5.0,7.0,40,0.40221792074599405,63.17911507758858,1.3519999999999999,231.60999999999999,2.852820512820508,8.31999999999988,1.5,0.4194996664838725,123.1624303334614,0.34445343752056834,1.0892249999999999,1.2385000000000002,0.7807499999999999,1.483,1.5424,0.37292500000000006,0.5880000000000001,0.6103999999999998,0.4070575819217719,2.37609359721497,6.568000000000021,7.2039999999998985,0.41025641025641024,0.20512820512820512,4.317118896540104,2.292429720510959,7.317226397997299,7.792134766778354,10.313079074650643,0.38461538461538464,1074.0087247274837,1785.6378111167717,177.84975,253.124,260.5735,0.7240544362648432,157.07682780620564,0.20448890282922008,0.3901302433617411,2.564102564102564,0.4456861229805117,1798.301659864006,0.47033943685914864,0.535639225078294,0.41905569335449094,0.029436524523074468,0.015868557044140554,0.04769110253592181,5.0,2.6315789473684204,0.3875000000000002,0.11086778913041723,0.28611042356236693,7.905701938043995,8.521025708509075,6.43819380463784,16.42326535774102
06_large_arm_swings,WALKING__06_large_arm_swings,WALKING,1,3,7.0,9.0,40,0.33634719546539393,65.61242292422358,1.334,227.19,2.619999999999997,8.55999999999988,1.0000000000000004,0.4001075716404437,81.88134241119333,0.205943022378723,1.1895000000000002,1.2755,0.2492500000000002,1.4918,1.52365,0.34405,0.5616,0.6346499999999999,0.3823760583509381,1.9045430450704626,5.043999999999949,5.665999999999937,0.3333333333333333,0.1282051282051282,3.8962368874821083,1.8939278771651336,5.741949490697724,6.8515867139588025,10.844519353111085,0.20512820512820512,1006.9579538667685,1645.9647177445702,149.01875,227.303,232.31349999999998,0.20358329835943623,195.0734949147935,0.13368532518095466,0.46686995075474996,1.538461538461539,0.2911527862750166,1485.971496149477,0.6043225218126848,0.5948203234919983,0.32522373172677493,0.020210397402917208,0.05974554737830945,0.48176661726180126,4.0,2.1052631578947376,0.4333333333333333,0.1258305739211792,0.2903782475104135,6.971978616040193,7.102816662975911,6.535023879181147,12.055012246251469
06_large_arm_swings,WALKING__06_large_arm_swings,WALKING,1,4,9.0,11.0,40,0.4683130007448722,82.11971969950727,1.322,276.77,2.9389743589743627,8.740000000000187,1.5000000000000007,0.5488933480920951,165.828375618891,0.20839783347972407,1.1209,1.2814999999999999,0.88125,1.6402,1.7122,0.43975,0.6402000000000001,0.7121999999999999,0.4779654276200319,2.1009268567039636,5.8559999999999155,6.576000000000117,0.41025641025641024,0.15384615384615385,4.704580442365888,2.270812465263368,7.878629585301749,9.689517000859727,10.308772962869877,0.38461538461538464,1228.650594830856,2103.353540656253,169.11175,260.30400000000003,290.09299999999996,0.5287510759196317,175.35221010070677,0.12123971808213242,0.49203697176148653,1.538461538461539,0.4794296392876374,1350.7247233765331,0.4844944095165749,0.3879352307683366,0.5667726768806105,0.02200030808417016,0.023291784266882765,0.00855008096755699,4.0,2.1052631578947385,0.43333333333333357,0.23094010767585105,0.5329387100211944,8.31168487857249,10.951489839342567,9.479156251380072,25.051143349061178
06_large_arm_swings,WALKING__06_large_arm_swings,WALKING,1,5,11.0,13.0,40,0.44026489039889244,82.22501788751745,1.63,260.84000000000003,2.7271794871794848,7.3599999999998955,0.5000000000000002,0.38701594991648886,147.7981676631331,0.05718441642608531,1.252825,1.431,0.40874999999999995,1.6233,1.6891,0.46187500000000004,0.6981,0.76325,0.5028994183730977,1.9654461777069494,5.692000000000081,6.113999999999938,0.358974358974359,0.1794871794871795,4.253555946391488,1.840980935789841,6.750936412644956,7.140129680050528,8.048875697884652,0.38461538461538464,1073.1307433127836,1652.1766506450572,165.74775,255.814,267.6544999999999,0.3463753597154318,186.762605151229,0.24833255040989355,0.5284399114445282,2.5641025641025648,0.47384111431100245,1173.315807337691,0.4752119285170678,0.7286793218341103,0.25036839781758635,0.006631477456731868,0.014320802891571543,0.917009069200766,6.0,3.1578947368421075,0.31000000000000016,0.06519202405202652,0.2102968517807306,6.5190403470667855,8.966433531910544,8.087507758413459,18.58746904425113
06_large_arm_swings,WALKING__06_large_arm_swings,WALKING,1,6,13.0,15.0,40,0.5363678744992767,84.77803280384455,1.646,289.08000000000004,3.030769230769221,11.899999999999828,0.5000000000000002,0.43446812649891026,213.3621434364929,0.14105983398848265,1.077375,1.2185,0.9349999999999999,1.6976000000000002,1.7784499999999999,0.49342500000000006,0.7608,0.7974499999999999,0.5352430522669117,2.5041096585784914,5.3480000000000745,6.549999999999914,0.41025641025641024,0.1794871794871795,4.666419940687736,2.5794291114044667,7.1772099179188125,9.025599878266311,12.065620580807101,0.46153846153846156,1115.5822725930916,1848.014565431289,178.45475000000002,283.793,319.987,0.5940632938727585,158.05949020154986,0.11543462831691831,0.48561614042181134,1.538461538461539,0.4001526035567827,1451.2139796444592,0.4783981112965165,0.5454947709130518,0.39178761517950905,0.04424676633139424,0.01847084757604466,0.31463649338199506,3.0,1.5789473684210538,0.7000000000000002,0.494974746830584,0.7071067811865485,8.960415133374047,12.055311898496926,12.475674251639727,23.955704549186848
06_large_arm_swings,WALKING__06_large_arm_swings,WALKING,1,7,15.0,17.0,40,0.40690560787232793,80.27488525053884,1.3940000000000001,274.33,2.3369230769230813,7.359999999999896,0.5000000000000002,0.46547586276348557,126.98995400699522,0.061629977609384795,1.267325,1.4180000000000001,0.29174999999999995,1.5828,1.6065500000000001,0.452125,0.6198,0.6671499999999998,0.48259250408600424,1.7640058387630975,4.876000000000069,5.296000000000094,0.3333333333333333,0.07692307692307693,4.284473976001091,2.063936116984947,7.151875691103757,7.526286011045577,9.012125165575416,0.38461538461538464,1068.1653248063474,1575.5066594467828,167.26075,253.64600000000002,258.9729999999999,0.3844017314299029,197.28134411882118,0.15079478341598482,0.5601432026485378,2.5641025641025648,0.35936661257260666,1426.3790784628954,0.4432514785698285,0.7452876186035514,0.23810591954595586,0.0045210562408599195,0.012085405609632685,0.624523983781916,3.0,1.5789473684210538,0.5749999999999993,0.03535533905932537,0.06148754619013116,7.732898480236375,8.228821525537152,4.709014001674571,12.437611456845017
06_large_arm_swings,WALKING__06_large_arm_swings,WALKING,1,8,17.0,19.0,40,0.42559695330989705,69.35521550600659,1.4369999999999998,227.60000000000002,2.931794871794875,7.279999999999899,1.5000000000000007,0.48220367265786584,136.844457074054,0.04417864957789364,1.0299500000000001,1.1549999999999998,0.7732500000000001,1.5498,1.58955,0.37725,0.5901,0.6218499999999999,0.421309209488708,1.9559072088027685,5.591999999999921,6.529999999999905,0.46153846153846156,0.15384615384615385,4.472390592501533,2.4236834360776243,7.735670789864257,8.336438712287725,9.999899999499855,0.48717948717948717,996.7286740311189,1613.519531973758,147.54275,228.01300000000003,237.81999999999996,0.5639007536365259,162.95984961035614,0.22264950050999968,0.6064577717535776,1.538461538461539,0.6634688772400728,3003.6847444615864,0.38697863467917404,0.4978168465913725,0.4685507262589169,0.017973647663883808,0.015658779485826484,0.029994011209800983,4.0,2.1052631578947385,0.5833333333333334,0.10408329997330613,0.17842851423995337,8.784810935662682,9.561875597779228,6.530820812789036,17.5651172304227
06_large_arm_swings,WALKING__06_large_arm_swings,WALKING,1,9,19.0,21.0,40,0.41539344880208723,85.0767065619202,1.5679999999999998,276.36,2.620512820512831,8.999999999999872,1.0000000000000004,0.33829458072860513,130.82581586621663,-0.020632887251168575,1.262775,1.3664999999999998,0.2882499999999997,1.6598,1.6797499999999999,0.45132500000000003,0.6807000000000001,0.77035,0.487122802792068,2.205273522500534,5.324000000000222,6.191999999999973,0.3333333333333333,0.1282051282051282,4.362862875300588,2.3096005220864595,7.468673647940654,8.659341159389344,11.151412466588996,0.3076923076923077,1204.8698145430653,1916.2467625878908,168.56425000000002,285.51000000000005,287.592,0.40718411631852236,204.80993816167455,0.1109433622591862,0.36050674212915995,0.512820512820513,0.4251422495351158,2202.1154725565884,0.504715651812009,0.6301196479140897,0.34271308704008774,0.0034355547940398655,0.023731710251783052,0.11849848426070078,3.0,1.5789473684210538,0.5999999999999996,0.07071067811865324,0.11785113019775546,7.383303491478562,9.519337209742762,9.209051005916775,19.405375126795256
06_large_arm_swings,WALKING__06_large_arm_swings,WALKING,1,10,21.0,23.0,40,0.492326749430831,69.5748423733899,1.5030000000000001,249.98000000000002,2.975897435897438,8.459999999999878,1.5000000000000007,0.49760843328713267,175.4812505715812,0.22825280165178619,1.12225,1.314,0.895,1.6249,1.6361999999999999,0.45299999999999996,0.7222999999999999,0.7335499999999999,0.5012694385258292,1.88456433322025,4.911999999999929,5.248000000000261,0.48717948717948717,0.07692307692307693,4.770977463233137,1.9831924540174861,6.838598997835648,8.470745541118465,10.018722473449253,0.41025641025641024,1101.8526111179247,1686.1093255506466,167.519,242.311,245.80849999999995,0.6004273334232622,141.31842816548962,0.28121697392892825,0.622950399756827,1.538461538461539,0.4997982955192524,1050.8304283934744,0.5291741866087628,0.43866301713576844,0.4750550152476683,0.04514816099954677,0.041133806617016266,0.04773091610745832,5.0,2.631578947368423,0.375,0.11902380714238153,0.31739681904635075,7.208626029194863,10.555460527956683,8.325660098342485,19.22609432036976
06_large_arm_swings,WALKING__06_large_arm_swings,WALKING,1,11,23.0,25.0,40,0.5101846699342283,93.50742478095879,1.834,338.64,3.526153846153851,9.479999999999869,1.5000000000000007,0.45400469701901414,190.77987636889875,0.14679341135165902,1.2377500000000001,1.3864999999999998,0.5359999999999998,1.8006000000000002,1.8687500000000001,0.5011,0.8608000000000001,0.8843,0.5570513890118218,2.507404419529679,6.916000000000289,7.428000000000361,0.5128205128205128,0.3076923076923077,5.135850474443855,2.3655007051031216,7.906548032991199,8.148936518433986,10.859336996336225,0.5128205128205128,1333.3915621461329,1914.1616714821175,181.92675,307.373,327.5265,0.4722747237884791,183.28152586986496,0.05444474661500356,0.4145042526040446,2.5641025641025648,0.30161884237088066,1812.2691643957626,0.5210131243741937,0.48959048701979835,0.4314147895602224,0.0484442262018965,0.030550497218082746,0.057472703640504004,4.0,2.1052631578947385,0.5166666666666669,0.2565800719723444,0.49660659091421466,8.727708259718714,10.308226195058252,11.99609529866564,16.09974212028528
06_large_arm_swings,WALKING__06_large_arm_swings,WALKING,1,12,25.0,27.0,40,0.5266131139602126,83.55832972487097,1.81,300.25,3.335897435897438,7.939999999999888,1.5000000000000007,0.5453717078092722,205.3732521985423,0.20736471298433867,1.17875,1.376,0.8587499999999999,1.7144,1.7353999999999998,0.50725,0.7355000000000002,0.80665,0.5498544352826482,2.4361625539367715,6.876000000000289,7.1839999999999,0.46153846153846156,0.28205128205128205,4.980711326545992,2.8263053462214813,8.490312438682167,8.836857885470911,11.845623664460051,0.48717948717948717,1160.1513963046393,1841.6535076573507,175.2545,280.384,313.3395,0.5745135745067386,158.67119049979468,0.10178017070975062,0.5311439259668476,1.538461538461539,0.41085251659100386,3995.884696158625,0.48393639963057405,0.41187661164818784,0.529131543455666,0.021905027028998464,0.03708681786714775,0.006499025748367315,3.0,1.5789473684210538,0.6749999999999989,0.38890872965260165,0.5761610809668182,8.005867914548311,8.979227417688548,5.443013417813659,13.46410242308621
06_large_arm_swings,WALKING__06_large_arm_swings,WALKING,1,13,27.0,29.0,40,0.4438833808211688,84.17110555405762,1.426,287.99,3.014871794871782,9.439999999999864,1.0000000000000004,0.46127819110172696,139.95109946547316,0.3486317650172635,1.205575,1.315,0.7107499999999999,1.7172,1.76645,0.43867500000000004,0.7172000000000002,0.76645,0.4841154046299291,2.317560959051614,6.143999999999912,6.707999999999907,0.41025641025641024,0.20512820512820512,4.6026335032279935,2.3397437363251266,7.229276131244445,8.458107236943626,10.140414192723934,0.46153846153846156,1217.8632425442206,1873.3365257952737,172.07525,278.30800000000005,285.09549999999996,0.4670706954514466,189.62436800031577,0.26169440992288173,0.5212834220961808,1.538461538461539,0.45624584972000753,1708.6821761474898,0.5526607890257927,0.5556594571866731,0.34535214651210483,0.04860447788731897,0.050383918413903335,0.04028024022475397,4.0,2.1052631578947385,0.4666666666666662,0.1443375672974054,0.30929478706586905,8.892218396091,8.327542387185746,6.381466250606548,16.10762007731674
07_relaxed_arms,WALKING__07_relaxed_arms,WALKING,1,0,1.0,3.0,40,0.15751947173082756,36.634023264075445,0.5930000000000001,141.12,1.955897435897436,8.959999999999953,1.0,0.3386553631221889,13.260736064791326,0.2541906241297672,1.016025,0.97,0.23999999999999988,1.2075,1.3181,0.129625,0.2318,0.31809999999999994,0.1563613603164158,2.044860975777178,4.172000000000003,6.922000000000018,0.2564102564102564,0.07692307692307693,3.069981558216914,2.5881151242194567,6.494362109480793,7.788228454108114,11.76003401355619,0.1794871794871795,757.5868859520465,1298.5949531470624,63.351,116.392,121.25899999999999,0.28872349574325323,232.56822068751222,0.16533019983855887,0.19647682082541312,1.5384615384615383,0.4796113546846922,2316.397121132051,0.7883357335330492,0.25628981841215803,0.36897042743494785,0.06542812665376267,0.3093116274991314,0.9021683033770651,4.0,2.1052631578947367,0.4166666666666667,0.20816659994661318,0.4995998398718716,5.472752537651058,5.719741479581265,5.339332979481938,14.655494018033323
07_relaxed_arms,WALKING__07_relaxed_arms,WALKING,1,1,3.0,5.0,40,0.13868464272660158,38.00215472214228,0.623,163.75,1.7779487179487201,5.900000000000024,1.5,0.6306507777512707,11.496415145409522,0.3434649192373414,1.009575,1.001,0.20824999999999994,1.1702,1.2139499999999999,0.11252499999999999,0.17419999999999997,0.21394999999999992,0.13727445137388095,1.515490505079186,3.8960000000000186,5.220000000000017,0.15384615384615385,0.10256410256410256,3.056288610681935,2.1006496313510437,6.074566600623859,7.146961442586762,8.420118764008052,0.15384615384615385,737.6484755834689,1393.9093638677477,61.47574999999999,110.27200000000002,127.42649999999996,0.20768541967492699,274.0184780016234,0.21625227998109706,0.2000451893280474,1.5384615384615383,0.45661666112577987,2468.6291280469773,0.6564224647580723,0.15189535915291832,0.5597558304026072,0.0645620835613434,0.22378672688313087,0.12893065114704494,4.0,2.1052631578947363,0.4166666666666665,0.1755942292142124,0.4214261501141099,6.418584457786239,6.187806117372416,5.01777079107359,11.94601019615052
07_relaxed_arms,WALKING__07_relaxed_arms,WALKING,1,2,5.0,7.0,40,0.2164069291274172,61.37964804270348,0.92,235.83,3.082564102564103,8.400000000000032,1.5,0.4269513766302825,26.1179969123916,0.41683365030586167,1.0552,1.0059999999999998,0.30199999999999994,1.3194000000000001,1.4247999999999998,0.17170000000000002,0.3194000000000001,0.42479999999999984,0.22069934299856897,2.31242492674581,6.720000000000025,7.551999999999906,0.358974358974359,0.20512820512820512,4.438969725721553,2.746892805329864,8.536136498975573,9.066507875776622,11.663841562709987,0.358974358974359,977.2234883402317,1661.710953834344,85.751,190.785,195.926,0.22131012794314103,283.6306965317365,0.3057066926175038,0.2503487658879842,1.5384615384615383,0.31344707709270786,3261.008127623337,0.745312946682896,0.05985831147578139,0.5804751072748853,0.08265881190859642,0.277007769340737,0.059798527379973175,4.0,2.1052631578947363,0.4499999999999999,0.1802775637731993,0.40061680838488745,8.22570028290203,7.21964504626804,5.684496485543802,14.240827071804288
07_relaxed_arms,WALKING__07_relaxed_arms,WALKING,1,3,7.0,9.0,40,0.17250982692187536,51.76172112956515,0.855,203.07,2.66769230769231,11.740000000000041,1.5000000000000007,0.48608612138266205,11.162141912367371,0.539067392059703,1.0124749999999998,0.9815,0.17599999999999993,1.1274000000000002,1.4294,0.11627500000000004,0.19729999999999998,0.4294,0.1707960040516171,2.7068475172756563,6.476000000000091,8.647999999999898,0.23076923076923078,0.1282051282051282,4.519866888556362,3.442224376763958,9.094776301569086,10.676600124965928,16.838408475862614,0.3076923076923077,1161.7627709362234,1989.3531347822334,74.44475,143.961,162.9094999999999,0.38329389788043244,300.0508553811634,0.3431847578915441,0.25235243352009346,1.538461538461539,0.6602097170881889,5067.519063942816,0.7456277931072584,0.013153192978348717,0.41745260218815483,0.11155709259877573,0.4578371122347207,0.13455556824720707,4.0,2.1052631578947376,0.40000000000000036,0.20000000000000062,0.5000000000000011,11.459082235427697,8.89869620102157,7.283751644534251,20.708434697939342
07_relaxed_arms,WALKING__07_relaxed_arms,WALKING,1,4,9.0,11.0,40,0.16070724298773204,40.91595776397749,0.654,147.39999999999998,2.2958974358974396,7.999999999999889,1.5000000000000007,0.37522031755539914,12.442206099457753,0.36005718166735656,1.01645,0.9924999999999999,0.2077500000000001,1.2232,1.2929499999999998,0.1277,0.2484,0.2929499999999999,0.15953604608363592,1.7073597930395281,4.6119999999999335,4.944000000000106,0.23076923076923078,0.05128205128205128,3.6617465853497415,2.191541549749017,6.986246561937639,7.22133852997296,11.436275617524974,0.23076923076923078,835.0396715443424,1541.9321122413512,68.1005,132.473,144.34199999999996,-0.007752678617808802,254.599338544442,0.4214609224761032,0.2850117578016917,1.538461538461539,0.5106795393487111,2238.308692901397,0.7635151898728774,0.21565119623849294,0.4073547017636545,0.028696765379059946,0.34829733661879253,0.048951360142689845,4.0,2.1052631578947385,0.36666666666666653,0.16072751268321517,0.43834776186331426,6.104725805559509,7.124373185144516,5.337113971964394,13.326333445833614
07_relaxed_arms,WALKING__07_relaxed_arms,WALKING,1,5,11.0,13.0,40,0.20415297023656123,48.04111959614682,0.918,175.17,3.1651282051282013,11.360000000000243,1.5000000000000007,0.47045498091425736,7.13022945409777,0.42047921726231186,1.032975,0.967,0.16300000000000003,1.3183000000000002,1.4977,0.140775,0.31830000000000014,0.49770000000000003,0.20426410600005082,3.207080055616149,8.036000000000111,9.633999999999869,0.28205128205128205,0.2564102564102564,5.013738710149391,3.9187986266860473,11.576743298633732,11.786306321861538,12.104924617692019,0.358974358974359,1104.760730933732,2033.7938600513075,72.3765,153.13500000000002,162.88349999999994,0.19468037962170845,235.31922920582255,0.2786334623265045,0.272436314005698,1.538461538461539,0.6575537975715139,6300.010958168695,0.8003373778008773,0.034699652484659345,0.16729117031307075,0.06970839634352517,0.7283007808587446,0.19765709844928145,4.0,2.1052631578947385,0.40000000000000036,0.26457513110645947,0.6614378277661481,10.60223800840382,9.539888827810891,7.810796795085561,21.095534122784894
07_relaxed_arms,WALKING__07_relaxed_arms,WALKING,1,6,13.0,15.0,40,0.22112310064989962,58.10162146938581,0.932,213.51,3.222051282051291,11.85999999999983,1.5000000000000007,0.5932546246357393,23.722408348268438,0.46729140830960225,1.0341,0.989,0.27825,1.2899,1.3860999999999994,0.17525,0.3088000000000001,0.3860999999999995,0.22098834810912543,2.7681717123184453,6.820000000000154,9.452000000000204,0.38461538461538464,0.15384615384615385,4.6028259796105315,3.4141614022198206,10.550924644998597,11.968180173652675,14.384922662288067,0.3076923076923077,1105.5056244676978,1780.927722499262,98.65925,176.697,203.80249999999998,0.3856020643725978,262.7569046319457,0.20435443511033,0.22253626991736752,1.538461538461539,0.686591553990536,5097.709290799396,0.7566078113239071,0.07796717239577874,0.5163738654184404,0.14707260533335073,0.25858635685243014,0.19596562389331443,4.0,2.1052631578947385,0.4166666666666667,0.2929732638541156,0.7031358332498774,10.630582762154432,7.644316934307876,6.306165611534266,15.651112832699871
07_relaxed_arms,WALKING__07_relaxed_arms,WALKING,1,7,15.0,17.0,40,0.21645355396860783,62.37356624887312,1.1189999999999998,231.36,2.7220512820512814,14.640000000000311,1.5000000000000007,0.7241529222055437,22.59683150646507,0.5166145979701007,1.0227499999999998,0.974,0.20899999999999985,1.332,1.41445,0.1534,0.3653,0.41444999999999993,0.21493813063298003,2.961698640882679,6.671999999999908,7.893999999999889,0.3333333333333333,0.1282051282051282,4.375382110643035,3.2063211582284428,8.19005593836508,11.300826362962932,14.827757753619036,0.3333333333333333,1054.9827921066912,1992.4230121520209,76.16225,151.94300000000007,207.66049999999998,0.2193542032806457,288.16143281213635,0.0610259728415514,0.2687381859637113,0.512820512820513,0.42965224419005543,5204.8815875917735,0.6960705529058985,0.08101620030134317,0.5470704486416728,0.10017017021661896,0.2717431808403652,0.19512692801593742,4.0,2.1052631578947385,0.4166666666666667,0.20816659994661224,0.49959983987186934,9.34252786644402,7.7368161296163,5.930052073962446,15.638147519942066
07_relaxed_arms,WALKING__07_relaxed_arms,WALKING,1,8,17.0,19.0,40,0.19203850942601097,43.823883931259594,0.746,174.77,3.092307692307692,8.619999999999878,1.5000000000000007,0.7722190035251214,13.450246246396993,0.3469174175774828,0.9986750000000001,0.9470000000000001,0.1855000000000001,1.2991000000000001,1.4214499999999999,0.14092500000000002,0.2991000000000002,0.4214499999999999,0.18962746372822686,2.5788761950023296,7.467999999999897,8.203999999999882,0.3333333333333333,0.23076923076923078,4.7360755255182845,3.0352280589198677,9.221857042048017,9.67034027443021,12.391125856837855,0.358974358974359,1034.1189969071525,1981.004136015193,68.5185,126.66800000000003,147.58399999999997,0.3326197763082265,228.20362469093294,0.1636780385688239,0.12647950553413273,1.538461538461539,0.569376409131768,4533.356278732341,0.7533417174526493,0.01301766931504439,0.4005438655014624,0.2338425933344418,0.35259587184905133,0.39832554712859713,3.0,1.5789473684210538,0.6500000000000004,0.21213203435596475,0.32635697593225327,9.44904594813332,9.148505804408384,6.524243485596226,17.930151480236777
07_relaxed_arms,WALKING__07_relaxed_arms,WALKING,1,9,19.0,21.0,40,0.19072463705428092,45.744110034194705,0.7559999999999999,195.95999999999998,2.373846153846152,9.819999999999862,1.5000000000000007,0.7194800147022625,17.86574871736242,0.455136996923011,1.0311,0.98,0.17874999999999996,1.3423,1.45805,0.1422,0.34230000000000005,0.45805,0.19087613784860588,2.1455714677159623,4.499999999999937,5.97799999999992,0.2564102564102564,0.07692307692307693,3.6711942497208647,2.649535105456893,7.287284596167657,8.975047900777941,12.944991309382761,0.23076923076923078,976.0820748088619,1793.7412075164325,69.0615,127.67,154.27699999999987,0.24973022820297552,239.84373880955803,0.2230379275406828,0.041640780007910994,1.538461538461539,0.5021830280585361,2518.094268524105,0.6695003626381933,0.07042149939868485,0.5341123344942086,0.24184123574267974,0.15362493036442662,0.4558303531506956,2.0,1.0526315789473693,0.5,0.0,0.0,9.387302680893931,6.631890343939604,5.54935219763074,11.443044942597092
07_relaxed_arms,WALKING__07_relaxed_arms,WALKING,1,10,21.0,23.0,40,0.2012831657653288,44.11886498063484,0.7230000000000001,188.44,3.0389743589743716,9.81999999999986,1.5000000000000007,0.505533496536822,16.966800379120254,0.5351233632490879,1.0211000000000001,0.9864999999999999,0.28325,1.3204,1.4531500000000002,0.16035000000000005,0.3204,0.45315000000000005,0.1998680814937693,2.665305151752223,6.540000000000279,9.483999999999936,0.358974358974359,0.20512820512820512,4.760605887420225,3.256773636760533,8.911963078521715,10.638413924756458,15.427935701188066,0.38461538461538464,989.6991769573793,1851.0900326274016,67.687,133.32800000000003,151.04749999999996,0.31978133752584076,219.18805188145723,0.2600348013001416,0.3404764495765166,1.538461538461539,0.6055803292920287,4296.745630248375,0.7623740680162336,0.08752278925916455,0.43567399590964295,0.08744698531255472,0.38935622951863785,0.20902633076726038,5.0,2.631578947368423,0.3875000000000002,0.1652018966799896,0.4263274753031988,9.448147774286022,8.908806340642986,7.453169960459758,18.081431453989836
07_relaxed_arms,WALKING__07_relaxed_arms,WALKING,1,11,23.0,25.0,40,0.1952799945771488,45.96948721497437,0.818,173.54,2.862564102564095,9.439999999999864,1.5000000000000007,0.7773566977841785,18.84619431316765,0.5971520624212644,1.006925,0.977,0.23324999999999996,1.2040000000000002,1.4336499999999996,0.15042499999999998,0.2652000000000001,0.4336499999999997,0.192947855650173,2.608178148125929,6.999999999999904,8.278000000000405,0.3076923076923077,0.20512820512820512,4.310974689433831,3.015323984754521,8.945822634266525,9.575479884351093,12.280602591078164,0.3333333333333333,891.644232115685,1720.5523298289363,83.22125,154.584,181.88899999999998,0.25852205807515577,235.40295212786538,0.32243509097257594,0.31058725189416875,1.538461538461539,0.6799370606241518,4468.925288380418,0.6426986607899632,0.018954998589691,0.5853747614722888,0.12068003159768295,0.27499020834033716,0.11865423368017224,4.0,2.1052631578947385,0.4833333333333343,0.20816659994661424,0.4306895171309252,8.476193974128192,7.654899956686618,6.50776311972542,17.133855342886992
07_relaxed_arms,WALKING__07_relaxed_arms,WALKING,1,12,25.0,27.0,40,0.21324657540761804,33.743814643081876,0.967,143.32999999999998,2.8451282051281965,12.759999999999817,1.5000000000000007,0.5167278127220505,17.6692707251593,0.3662544906688858,1.0114750000000001,0.958,0.1712499999999999,1.3034,1.4999999999999996,0.147275,0.30340000000000006,0.49999999999999967,0.21087656342040478,3.2774788704564775,8.940000000000378,9.809999999999862,0.28205128205128205,0.20512820512820512,4.272905092128765,3.451758517780773,10.97410323337207,12.429886335111462,13.230585776903267,0.2564102564102564,999.5759190384689,1684.7299997433074,66.253,111.86,124.51099999999998,0.16293668532618183,158.23848321400246,0.22325009385737798,0.19647987351725035,1.538461538461539,0.4332434835287251,4848.3006731393525,0.814549207672613,0.008180821649178823,0.375218044494852,0.2400476754413137,0.37655345841465554,0.41426959781194167,3.0,1.5789473684210538,0.5749999999999993,0.1767766952966369,0.3074377309506732,11.837550000465503,7.585216248888141,4.984048695039346,14.95381721597334
07_relaxed_arms,WALKING__07_relaxed_arms,WALKING,1,13,27.0,29.0,40,0.19481115115769068,40.90382127155585,0.9339999999999999,159.48,3.1953846153846177,14.0399999999998,1.5000000000000007,0.7416939218239754,12.211026017772541,0.5151016415062727,1.0215,0.9835,0.22325000000000017,1.2070000000000003,1.4054999999999997,0.13749999999999998,0.27180000000000015,0.4054999999999997,0.19355838912328238,2.9788498717968923,6.119999999999916,7.974000000000382,0.4358974358974359,0.20512820512820512,5.203417974923465,3.5010149421330925,9.06033218047509,11.22974938530828,17.721241491498027,0.38461538461538464,1022.6684654753442,1788.9779187830845,59.744499999999995,124.113,136.60699999999997,0.23521739240647985,209.96652926939527,0.252944334027077,0.31624362396964634,1.538461538461539,0.6586962619269623,4975.579242209949,0.767839424713387,0.05541317524915556,0.37515951223771654,0.1615222924903125,0.4079050200228153,0.4886408635927352,2.0,1.0526315789473693,1.2000000000000028,0.0,0.0,14.81187271487316,10.470533711212603,7.531614429587165,23.646205885211877
08_slightly_irregular_pace,WALKING__08_slightly_irregular_pace,WALKING,1,0,1.0,3.0,40,0.14914130066518316,41.61570425886769,0.635,154.79999999999998,1.5989743589743581,5.63999999999997,1.0,0.34905604363273346,15.08305863766143,0.09837263477434215,1.033475,1.0230000000000001,0.13050000000000017,1.2242000000000002,1.29135,0.11387500000000002,0.2714999999999999,0.29134999999999994,0.15102193549282833,1.5476022113541943,3.7039999999999793,5.474000000000018,0.1794871794871795,0.07692307692307693,2.7286272414969166,2.0468508655562396,6.3638768311395495,7.150772240173217,7.565209845073725,0.1794871794871795,628.4533611182281,1256.5809712623277,72.98275,130.372,143.06899999999996,0.30144349874269766,279.035411876241,0.2875120785302769,0.3118106006094275,0.5128205128205128,0.39399816899694196,2083.6316559627912,0.6971651117072454,0.37166243733024606,0.44532402152286826,0.06337528243789248,0.1196382587089933,0.6461043449789133,4.0,2.1052631578947367,0.3833333333333333,0.20207259421636903,0.5271458979557453,5.996266553738242,5.159903595531295,4.391336432849821,12.269899308859573
08_slightly_irregular_pace,WALKING__08_slightly_irregular_pace,WALKING,1,1,3.0,5.0,40,0.15193726775657557,39.7151288586152,0.6609999999999999,145.76,1.6138461538461526,5.180000000000017,1.5,0.5480533866268699,16.05710410337811,0.31868940158993697,1.0327,1.032,0.1825000000000001,1.2299000000000002,1.27515,0.1207,0.2741,0.28059999999999985,0.15354836371645256,1.2858923082202784,3.496000000000014,3.7839999999999754,0.1794871794871795,0.02564102564102564,2.451393987694477,1.1854472081601592,4.1016280225501465,4.332154243158813,5.4547593897439866,0.05128205128205128,591.642795615429,928.5835188270555,61.82750000000001,126.522,132.42649999999995,0.4839889375690634,261.39162198338533,0.05015452047843509,0.11002640548591384,1.5384615384615383,0.3349264297907161,543.3647131784154,0.5678909112698003,0.13598465701385168,0.740849939377649,0.026861459840363654,0.09630394376813567,0.037814892215391215,3.0,1.5789473684210524,0.6500000000000001,0.14142135623730995,0.2175713172881691,4.48423416990284,4.000031637191209,2.3052296382949087,6.41882421136706
08_slightly_irregular_pace,WALKING__08_slightly_irregular_pace,WALKING,1,2,5.0,7.0,40,0.20631513734439336,50.69020569875458,0.876,184.56,2.73025641025641,7.700000000000028,1.5,0.5235719764701472,28.172013765072506,0.29659998831375634,1.02725,1.0499999999999998,0.23425000000000007,1.295,1.3325499999999997,0.1645,0.34800000000000003,0.4161499999999999,0.20553430370621834,1.8131036013878898,5.272000000000019,5.6340000000000225,0.41025641025641024,0.15384615384615385,3.7097337048609007,2.3145055043182556,6.459813353787798,7.104257732067309,11.115646629863729,0.3076923076923077,793.2014198788484,1176.0148333134623,92.33525,150.54800000000003,187.57849999999996,0.543246751305149,245.693100134187,0.2985790172671587,0.16909154547426003,1.5384615384615383,0.6387573706126488,1994.4959876628072,0.6234934479134192,0.05987294205329659,0.6477036238948414,0.1484277246992817,0.14399570935258038,0.27695818627279983,5.0,2.6315789473684204,0.375,0.22173557826083407,0.5912948753622241,6.355797516119975,5.971322840097691,4.360031884704668,10.533041716209972
08_slightly_irregular_pace,WALKING__08_slightly_irregular_pace,WALKING,1,3,7.0,9.0,40,0.20132248495565006,44.81082583755392,0.756,177.93,2.175384615384615,5.919999999999916,1.5000000000000007,0.5578977394838296,28.134785092149716,0.31249057715116196,1.0422250000000002,1.029,0.30625,1.3274,1.3521999999999998,0.16752499999999998,0.34919999999999995,0.3559999999999999,0.20322505997046722,1.3590589742709989,3.872000000000014,4.158000000000072,0.28205128205128205,0.02564102564102564,2.9846746554698065,1.520880725096404,5.072056642614832,5.35484090097421,6.443446282851967,0.1282051282051282,818.4389638333259,1144.734365497265,88.29425,138.08,152.0854999999999,0.36307504183740086,222.58232033756903,0.1896192961233762,0.2282611503082311,1.538461538461539,0.5728945852035064,864.831404134151,0.5366895338682154,0.27612576752897156,0.5894338997146259,0.06807677248736285,0.06636356026903968,0.05908723944308417,4.0,2.1052631578947376,0.36666666666666653,0.11547005383792526,0.3149183286488872,5.400625098507509,4.764973576630605,3.1039612589760797,8.838070583877174
08_slightly_irregular_pace,WALKING__08_slightly_irregular_pace,WALKING,1,4,9.0,11.0,40,0.17667143921952252,46.584601857183536,0.795,182.57,2.0810256410256387,8.079999999999883,1.5000000000000007,0.46824397278421187,19.4194505776283,0.45429675418309273,1.04915,1.0605,0.19299999999999995,1.2275,1.3515,0.1428,0.28540000000000004,0.3514999999999998,0.18124072390056273,1.758449967670072,3.8720000000000825,5.093999999999928,0.2564102564102564,0.07692307692307693,3.7880599091414866,2.526678092015219,7.19562682076946,8.786930310639546,11.275495554520228,0.2564102564102564,896.3366075883577,1615.2482766727433,84.56674999999998,151.653,170.20399999999992,0.3641774125260467,263.6793024553334,0.12488312963177324,0.20231381447957011,1.538461538461539,0.6009943337440644,2805.2664507570835,0.6402895383233016,0.13342174253012504,0.6918332422703493,0.024432150015528266,0.1503128651839973,0.059249831637879107,4.0,2.1052631578947385,0.48333333333333367,0.4481443219916248,0.9271951489481886,7.510363532461302,7.362710915087096,6.453567514085001,16.650382905892673
08_slightly_irregular_pace,WALKING__08_slightly_irregular_pace,WALKING,1,5,11.0,13.0,40,0.1786001101874642,45.2890207558702,0.703,157.96,1.9589743589743556,4.819999999999931,1.5000000000000007,0.5740823367333128,21.579559209120063,0.373150209022634,1.039475,1.0855000000000001,0.18225000000000002,1.2704,1.279,0.149875,0.2789999999999999,0.3307499999999999,0.18071752820354753,1.368986937909685,3.7519999999999474,3.9080000000000843,0.3076923076923077,0.0,3.0308945166168915,1.5819895762558662,5.244384541452439,5.844075999988791,6.357641071970148,0.1794871794871795,799.1716975812412,1204.3316693148972,96.31299999999999,154.68,158.87800000000001,0.32312025514078724,253.57778731677962,0.2521240510700886,0.2099480999850138,1.538461538461539,0.6262052224562198,886.5144918598963,0.5767326847840804,0.26403526255257814,0.5384143307130476,0.10599238859830379,0.09155801813607051,0.03631563526568093,4.0,2.1052631578947385,0.5166666666666669,0.07637626158259841,0.14782502241793233,4.873920803051351,4.987617598601198,3.8343197280585968,11.753730622218415
08_slightly_irregular_pace,WALKING__08_slightly_irregular_pace,WALKING,1,6,13.0,15.0,40,0.14369608018849528,34.977197172604924,0.558,118.92,2.043589743589743,7.839999999999889,2.000000000000001,0.4667748535144009,11.14542039699908,0.2392175944194789,1.026275,1.039,0.21324999999999994,1.1998000000000002,1.24975,0.124125,0.2257000000000001,0.2497499999999999,0.14430081427351682,1.736686935365997,4.340000000000063,5.201999999999928,0.20512820512820512,0.07692307692307693,3.2091539074490743,2.0469509850266907,5.5347893152421035,6.397861556454407,10.384045454445824,0.15384615384615385,769.9519632398928,1203.9374763248275,75.041,120.98700000000001,126.34299999999998,0.3509538100641685,243.4109345691484,0.3166358040895619,0.39100577168435857,1.538461538461539,0.456941822392204,1612.1598253789587,0.7588509193547108,0.296410212741635,0.35998131191994254,0.10450161554134643,0.23910685979707597,0.18583472117319888,4.0,2.1052631578947385,0.5,0.25,0.5,5.296934997687998,5.997881167219694,4.120245144150344,11.303201295499743
08_slightly_irregular_pace,WALKING__08_slightly_irregular_pace,WALKING,1,7,15.0,17.0,40,0.12614133048454124,46.4395735800284,0.519,174.23,1.7323076923076912,6.719999999999904,1.5000000000000007,0.43728193257734355,8.74325861483968,0.4846428619340847,1.055575,1.0675,0.17800000000000005,1.1951,1.26415,0.111625,0.21209999999999998,0.26415,0.1363907071614485,1.3836459494250357,3.2999999999999527,3.9820000000000864,0.15384615384615385,0.02564102564102564,3.320016499526181,2.281235395177926,7.121556669410291,7.834233096656149,8.133166664958866,0.20512820512820512,742.7841902362042,1182.2085349280699,82.16175,154.951,161.47599999999997,0.34235620236677605,368.1550955713094,0.2655423463578913,0.3938849383967533,1.538461538461539,0.4415088332948159,1920.8158340247064,0.7185330017132319,0.1407015984471947,0.5835787292736928,0.03107332188393182,0.24464635039518082,0.09774437930345892,4.0,2.1052631578947385,0.4499999999999999,0.1802775637731993,0.40061680838488745,6.9482567961017025,6.965618676845816,5.47301785065395,16.565783970952022
08_slightly_irregular_pace,WALKING__08_slightly_irregular_pace,WALKING,1,8,17.0,19.0,40,0.21834278948009417,48.826892321568565,0.926,206.08,2.705128205128204,9.899999999999862,1.5000000000000007,0.6343988073881783,29.648324868648526,0.2897608889378927,1.0273749999999997,1.0495,0.2417499999999999,1.2831000000000001,1.4564499999999998,0.17192500000000002,0.32820000000000005,0.45644999999999986,0.2173272302312805,2.2583352879066663,5.567999999999921,7.1419999999999035,0.3076923076923077,0.15384615384615385,3.9819320025589455,2.5673890257002876,7.646985686046412,9.369865302039583,10.017225164684936,0.3076923076923077,902.0059866216556,1637.7160560453144,91.43625,151.55500000000004,190.49299999999997,0.4482719389456605,223.62493599093642,0.24488724441937323,0.0713409859562999,1.538461538461539,0.6254670961203681,3241.825192635523,0.6185892088823088,0.04136456174978787,0.5917303739817533,0.2207221388013193,0.1461829254671392,0.0744421163872965,4.0,2.1052631578947385,0.45000000000000046,0.2645751311064588,0.5879447357921301,7.306298545838226,6.6988706868458205,5.514887400365533,16.17944191887116
08_slightly_irregular_pace,WALKING__08_slightly_irregular_pace,WALKING,1,9,19.0,21.0,40,0.11282893507316105,38.113855108319186,0.5589999999999999,150.66,1.3738461538461466,4.079999999999943,1.5000000000000007,0.6128534548798175,7.451315064189948,0.48821809598741156,1.0238749999999999,0.999,0.14575000000000027,1.1628,1.2003,0.084575,0.19710000000000005,0.21359999999999987,0.1139391284853452,1.0775523320656146,2.843999999999961,3.9239999999999435,0.10256410256410256,0.0,2.475920052953964,1.5050946443735609,4.287562481040771,4.710178508354576,8.579440541200686,0.02564102564102564,739.3389537032728,1355.8792801192913,66.39775,113.04400000000005,146.01399999999998,0.38477108765533385,337.8021345641987,0.2300280083084885,0.10070285608450318,1.538461538461539,0.646142327283902,570.6141393255281,0.622263798506157,0.07939320352053673,0.48167247347155506,0.3145823303334039,0.12435199267450436,0.25173742160634643,3.0,1.5789473684210538,0.45000000000000107,0.07071067811865324,0.1571348402636735,4.230958097684758,5.117519481927625,4.0454920856935415,8.48310269164202
08_slightly_irregular_pace,WALKING__08_slightly_irregular_pace,WALKING,1,10,21.0,23.0,40,0.14615164016553808,42.973999830995005,0.6010000000000001,166.70999999999998,1.7923076923076953,5.799999999999916,1.5000000000000007,0.7049739192830095,13.823284322889807,0.2884866332287689,1.015425,1.0045,0.16275000000000006,1.2217,1.2385499999999998,0.112425,0.23970000000000005,0.2873499999999999,0.14513519559362573,1.4044936557883794,3.5640000000001475,3.9239999999999444,0.20512820512820512,0.02564102564102564,2.7158628269727103,1.8588244381983368,5.918377229658298,6.619787988153676,7.4129076616398235,0.1282051282051282,692.9326806674121,1224.2539294251526,78.61725,134.031,145.77349999999998,0.38943015290540706,294.03706850173336,0.21342570152528392,0.2378862523696946,1.538461538461539,0.6450392723631354,1457.759889538577,0.52649967058309,0.0331687882215393,0.7920288038261052,0.06968844395346362,0.10511396399889177,0.06405591807720418,3.0,1.5789473684210538,0.5999999999999996,0.424264068711927,0.7071067811865455,5.343878040782151,4.603131324487401,4.278726408637122,11.046342600403996
08_slightly_irregular_pace,WALKING__08_slightly_irregular_pace,WALKING,1,11,23.0,25.0,40,0.16494814841842473,49.082014638373785,0.746,170.02,1.8138461538461566,6.559999999999908,1.5000000000000007,0.4118431655674723,18.245675029952082,0.345588559559843,1.048175,1.0175,0.2024999999999999,1.2771,1.2966,0.12237499999999998,0.29600000000000004,0.30934999999999996,0.16984853546616174,1.6072674021531936,3.4960000000001403,5.00199999999993,0.23076923076923078,0.05128205128205128,2.96358152585463,1.8724919861040776,5.542981333494781,6.1316017574087605,8.377827880781389,0.1794871794871795,750.9873113697429,1394.9620587791812,78.16324999999999,141.663,144.33599999999998,0.1643965928363123,297.56026429509967,0.3928241151098277,0.3413292397401869,1.538461538461539,0.6621097991685477,1218.6697318415906,0.6109404840725109,0.23018885966803107,0.6352362690339205,0.03288417356493951,0.10169069773310896,0.052258660917567354,4.0,2.1052631578947385,0.38333333333333286,0.18929694486000775,0.4938181170261078,5.833158497843938,5.0106687376936545,4.242085387962132,9.324140157388001
08_slightly_irregular_pace,WALKING__08_slightly_irregular_pace,WALKING,1,12,25.0,27.0,40,0.1151281309605152,43.14635705571778,0.5049999999999999,137.21,1.685128205128193,5.739999999999919,1.0000000000000004,0.4698123371371526,6.743882296978895,0.23559818932138074,1.058225,1.0745,0.11325000000000007,1.1912,1.2126499999999998,0.10602500000000001,0.19119999999999995,0.21264999999999987,0.12772343167954733,1.4924068723389448,3.8479999999999457,5.023999999999929,0.15384615384615385,0.05128205128205128,2.965759109091539,2.025390432580527,5.964910518615273,7.172768572885157,9.127759856613102,0.15384615384615385,724.4455184552867,1242.3800031076953,79.464,133.536,144.84249999999997,0.31216344785796984,374.7681534977357,0.3005345529996674,0.37602777040756075,2.051282051282052,0.48539720640394995,1719.5854463107696,0.7060816242466409,0.35880674544116853,0.34411747863691017,0.013800043447184747,0.2832757324747365,0.8608380198864292,4.0,2.1052631578947385,0.5166666666666669,0.0288675134594817,0.055872606695771,6.314780733229168,5.871100435378417,5.101765395903129,9.998527894019219
08_slightly_irregular_pace,WALKING__08_slightly_irregular_pace,WALKING,1,13,27.0,29.0,40,0.1833598885196779,44.10592785032939,0.744,166.45,2.228717948717955,6.899999999999902,1.5000000000000007,0.5331493914694152,20.68875703432339,0.16768560350716444,1.00965,0.979,0.26325,1.2503,1.2876999999999994,0.143,0.2539,0.28769999999999946,0.1813103692566975,1.735934723923121,4.9440000000000035,5.314000000000262,0.23076923076923078,0.10256410256410256,3.734908049035201,2.891923475478148,8.891793321924562,9.905423710089277,10.717835602396441,0.2564102564102564,994.6533850706188,1831.928369171556,82.15950000000001,146.66200000000003,164.7615,0.30132298727994333,240.54294647760983,0.17719616629262874,0.11096142578116305,1.538461538461539,0.6354119804662578,4925.159675823291,0.6356700226768581,0.18275695737181058,0.4426501365972524,0.20299274683256316,0.17160015919837354,0.01797362937532457,3.0,1.5789473684210538,0.625,0.03535533905932537,0.05656854249492059,9.060039072599979,6.918034410369478,6.4578179026934,16.00521994330484
09_normal,WALKING__09_normal,WALKING,1,0,1.0,3.0,40,0.13720996450321807,35.49333350189755,0.5439999999999999,146.26999999999998,1.7323076923076928,5.44000000000002,1.5,0.683128774255468,11.643813691426704,0.5045371218316063,1.0417999999999998,1.0055,0.16425,1.2539,1.2756499999999997,0.10619999999999999,0.2539,0.2756499999999998,0.1417855775458139,1.3940370408475755,3.9680000000000137,4.419999999999979,0.1794871794871795,0.02564102564102564,2.8620922174275067,1.7316579932986607,5.833458837938781,6.312396480914448,6.4358060878183645,0.15384615384615385,691.6843817339247,1344.0319104244868,69.97,112.72600000000001,132.70899999999995,0.2828471513699581,258.6789788220163,0.3165191926306302,0.3402466259578657,1.5384615384615383,0.7561904956830857,1345.4993040933575,0.616830051801915,0.12953241902473772,0.623967175587795,0.05975975360043572,0.18674065178703148,0.007750040156551069,5.0,2.631578947368421,0.41250000000000003,0.18874586088176862,0.45756572334974205,5.403698380583579,5.443270833826519,4.147658943223969,10.271400725646636
09_normal,WALKING__09_normal,WALKING,1,1,3.0,5.0,40,0.18545321996361183,45.63417954301472,0.696,187.54999999999998,2.38666666666667,8.940000000000031,1.5,0.5590463860516522,20.971856548376856,0.43857816384603415,1.027225,1.0065,0.26075000000000004,1.3087,1.3212,0.149175,0.30870000000000003,0.3212,0.1851331277756631,2.000196481576826,4.295999999999986,7.142000000000028,0.28205128205128205,0.07692307692307693,3.613788140406126,2.716633344950796,7.8363878165816185,9.604148267123586,11.122194028158331,0.20512820512820512,856.4565471185898,1373.9089575247458,88.696,142.433,169.0345,0.44203304445019437,246.06841311231315,0.32164906048974956,0.37112096382689547,1.5384615384615383,0.6039757754341765,2512.76956369055,0.6871752848917251,0.10927070194521966,0.5575108060456145,0.14328223174411517,0.1899362602650507,0.13160669860881063,4.0,2.1052631578947363,0.4499999999999999,0.1802775637731993,0.40061680838488745,8.74425634668708,6.529285179125962,5.679874807201256,16.186094571056746
09_normal,WALKING__09_normal,WALKING,1,2,5.0,7.0,40,0.15948153176577837,39.295738788360715,0.731,150.29999999999998,2.152820512820512,8.440000000000028,1.0,0.4498254112796928,14.363004212249852,0.39508740448010965,1.0350000000000001,1.044,0.24349999999999994,1.222,1.24765,0.1325,0.24230000000000002,0.25524999999999987,0.16131800891407008,2.07596008063986,5.856000000000019,6.091999999999927,0.20512820512820512,0.1282051282051282,3.1770332167466546,2.364584850887913,6.653611765426434,7.825468710947778,9.216854127086997,0.23076923076923078,799.7398653453654,1291.1792560145889,82.5955,121.46300000000002,153.26149999999998,0.15725464553658708,246.39679813253974,0.4123609331530333,0.31238582042941365,1.5384615384615383,0.7666586016890545,2044.3012784536943,0.6969556647394319,0.3739896408838747,0.33108570143655147,0.09374048519299509,0.20118417248657885,0.17421676814237777,3.0,1.5789473684210524,0.6000000000000001,0.07071067811865388,0.11785113019775645,8.120614324092223,5.590883072916929,3.9784382727477197,9.804644312103903
09_normal,WALKING__09_normal,WALKING,1,3,7.0,9.0,40,0.1384164447581543,44.142784478036255,0.592,170.91,1.988205128205128,6.180000000000021,1.5000000000000007,0.41297554488596633,11.146418493888559,0.3891019420196222,1.061625,1.046,0.1685000000000001,1.2319000000000002,1.30245,0.11837499999999998,0.24450000000000002,0.30245,0.14992589836315806,1.5599103749471408,4.64399999999995,5.031999999999926,0.1794871794871795,0.07692307692307693,3.417887877180498,2.065898911662266,6.180773922870174,6.6137697742175385,9.677892332527811,0.2564102564102564,860.1735610627264,1502.459777713543,80.82124999999999,133.452,153.32199999999995,0.19853154934511427,318.91286151124575,0.29690555093780235,0.3788057884064835,1.538461538461539,0.5613750275086937,2007.966729019473,0.7066455720331605,0.20711428173431037,0.5731488881300448,0.04109403165351701,0.17864279848212788,0.06772821477474246,5.0,2.6315789473684217,0.42500000000000027,0.13228756555322974,0.31126486012524623,6.209433466324128,6.415433142720191,4.990418031873102,14.849379777436669
09_normal,WALKING__09_normal,WALKING,1,4,9.0,11.0,40,0.1302426827513024,38.07171326875044,0.524,133.09,1.8092307692307692,5.480000000000115,1.5000000000000007,0.6074730883091262,9.820974494378751,0.3161159683785266,1.01515,1.0085,0.126,1.1835,1.2591999999999999,0.10085,0.2382,0.2591999999999999,0.12949362918692178,1.3858369779864679,3.923999999999944,4.009999999999942,0.20512820512820512,0.02564102564102564,2.8513383664576284,1.874280993921785,5.4570147648457095,5.887171476769991,8.895549449022436,0.15384615384615385,722.1116167237053,1123.2000579099629,74.30225,121.18100000000001,127.90799999999999,0.2595885235934657,292.31364453270777,0.3944007828623712,0.28596825807736903,1.538461538461539,0.7500346358839421,1594.7695265422574,0.6565474636203551,0.26478628048574115,0.4778969200606028,0.03268944859681736,0.2246273508568386,0.00020600667009811226,4.0,2.1052631578947385,0.4666666666666668,0.2309401076758495,0.4948716593053916,5.53337787483413,5.302282035133983,4.263951228091193,11.464297826738873
09_normal,WALKING__09_normal,WALKING,1,5,11.0,13.0,40,0.16778052666565668,42.44216394634842,0.6170000000000001,176.55,2.178974358974365,5.720000000000122,1.5000000000000007,0.45928520327629957,16.713650420408644,0.36211593643972884,1.0359500000000001,1.0385,0.17374999999999996,1.2723,1.32775,0.1367,0.2723,0.32774999999999993,0.16952566177425765,1.3898500389985309,3.9680000000000546,4.758000000000083,0.23076923076923078,0.05128205128205128,2.9892466031781635,1.7145582910547001,5.8406580457359984,5.960298659403783,7.5244933384250166,0.15384615384615385,712.4948448674526,1036.7226762801897,84.98374999999999,138.45600000000002,146.60349999999997,0.4101236480814996,252.96239551640406,0.4442387531682518,0.37587483794524895,1.538461538461539,0.6500239009759241,1143.0648267525548,0.7037963537606048,0.25519625676048024,0.5008012755582767,0.061428614174005525,0.18257385350723762,0.05983449587447257,4.0,2.1052631578947385,0.4666666666666668,0.15275252316519586,0.32732683535399104,5.392712804657821,4.825974034033701,3.5297936982798057,7.698016734385444
09_normal,WALKING__09_normal,WALKING,1,6,13.0,15.0,40,0.13279768446776472,36.94456817140775,0.5399999999999999,135.36,1.9584615384615363,5.619999999999918,1.5000000000000007,0.542796155461057,8.757149645792582,0.36304122311148024,1.055425,1.0345,0.14149999999999996,1.2333,1.26475,0.107375,0.2495,0.26475,0.1423596677433605,1.5545274090819452,4.152000000000059,4.906000000000085,0.23076923076923078,0.02564102564102564,3.0712402330872095,1.8207015261329424,5.993278769972409,6.149671574261788,7.046502678634173,0.15384615384615385,787.0748428305369,1258.8777635752022,81.82575,120.66900000000003,150.81849999999997,0.1765752448068549,278.20190027767893,0.3108941435703138,0.3293254866575856,1.538461538461539,0.6159033706506599,1380.0409083224058,0.7343969902841981,0.1810811182061843,0.47306311594141576,0.11896765051049922,0.2268881153419008,0.3154447320311054,5.0,2.631578947368423,0.38749999999999973,0.1796988221070656,0.4637388957601696,5.387721181541016,5.549389272747673,3.7636211187596853,9.698873662682725
09_normal,WALKING__09_normal,WALKING,1,7,15.0,17.0,40,0.18011533164144491,42.47597227196475,0.7570000000000001,155.31,2.5215384615384604,9.519999999999866,1.5000000000000007,0.5884310928117765,19.185559904892425,0.39010209313239674,1.027825,1.012,0.17675000000000018,1.2428000000000001,1.38065,0.13352499999999998,0.30580000000000007,0.3806499999999999,0.18001312452151927,2.122686404264681,5.419999999999924,6.7879999999999034,0.3076923076923077,0.1282051282051282,4.059563329549094,2.8473564718774957,7.505401299743711,8.120253877521298,13.740873334689995,0.28205128205128205,970.5898205915103,1466.6245256963427,87.53725,142.742,156.771,0.39140379199154063,235.82652228918275,0.35316506125069197,0.3261009798197528,1.538461538461539,0.7142824673068726,3555.2601219789467,0.6916774929063707,0.10688824866881023,0.6082046007484991,0.08749153699508694,0.19741561358760373,0.01680739516822886,4.0,2.1052631578947385,0.40000000000000036,0.1322875655532311,0.33071891388307745,9.74515193994899,7.623795422047663,5.637007716605236,15.133133475866675
09_normal,WALKING__09_normal,WALKING,1,8,17.0,19.0,40,0.1614463453779535,39.41711971876023,0.7630000000000001,168.23000000000002,2.2123076923077005,8.699999999999877,1.5000000000000007,0.6791536730173867,14.60287043594134,0.3995792508150075,1.032725,1.0285,0.1755000000000001,1.2241,1.2667,0.12667500000000004,0.257,0.2801,0.16273974622076812,1.9375492680166693,4.207999999999943,6.1580000000003015,0.23076923076923078,0.10256410256410256,3.3983053174362476,2.283631213947046,6.126042510833713,7.593581823812585,11.258436836434997,0.1794871794871795,821.3625088347064,1322.9077129706773,88.7325,142.607,157.01299999999998,0.40609203251565307,244.14996590032993,0.30977655297078494,0.26752635045359086,1.538461538461539,0.5164975641788121,1484.4133115602792,0.6139014322100634,0.09443911018166419,0.5137387203560164,0.16827035786677028,0.22355181159554907,0.04197984051358957,3.0,1.5789473684210538,0.5999999999999996,2.5121479338940403e-15,4.186913223156736e-15,7.87596074109197,6.213228426372619,4.400329107395625,12.365940340564189
09_normal,WALKING__09_normal,WALKING,1,9,19.0,21.0,40,0.13353324516427573,46.89354234627676,0.5339999999999999,189.74,1.9394871794871784,5.759999999999919,1.5000000000000007,0.6021042055727169,9.373675026164257,0.416604969004254,1.057725,1.0470000000000002,0.1927500000000001,1.2313,1.29395,0.11207500000000001,0.23130000000000012,0.2939499999999999,0.1439358363994179,1.6692922369075254,4.58400000000001,5.497999999999922,0.1794871794871795,0.10256410256410256,3.524063767178104,2.422108737778316,6.801402196638984,7.899628542959979,10.797888682515516,0.2564102564102564,900.8440958099181,1598.564598170723,77.51125,154.989,158.299,0.18179576987907758,351.17503726197344,0.3812844955481176,0.40356504055137515,1.538461538461539,0.673919454015693,2562.306360595433,0.6754559037251245,0.22412047310880406,0.5004218864124006,0.0605234363748998,0.21493420410389594,0.1169049772463615,5.0,2.631578947368423,0.3875000000000002,0.14930394055973972,0.3853004917670701,6.302676180749759,7.001613555386219,5.946592602005057,15.24474201550794
09_normal,WALKING__09_normal,WALKING,1,10,21.0,23.0,40,0.1940840156432392,46.03012736310973,0.7670000000000001,182.78,2.583076923076919,8.57999999999988,1.5000000000000007,0.5888763894307758,20.538079588310985,0.4047330035295665,1.0251000000000001,0.9844999999999999,0.26749999999999985,1.2571,1.4042999999999999,0.1537,0.2985000000000001,0.4042999999999999,0.19327933153857915,2.2108133224129514,6.159999999999911,6.719999999999905,0.3333333333333333,0.15384615384615385,4.042218947970005,2.479862968891491,7.246438183475308,9.471220399004526,11.132672635086172,0.28205128205128205,1034.3240012878082,1631.17336768303,96.73175,159.47899999999998,180.5125,0.4344511415522529,237.1659881961699,0.21234971304369168,0.2435561973654514,1.538461538461539,0.6008705187423437,2094.299857877441,0.7434059491089204,0.09964696641250616,0.5289024042012529,0.18204622657213765,0.18940440281410315,0.19847320806180044,4.0,2.1052631578947385,0.39999999999999974,0.17320508075688917,0.4330127018922232,7.294871762284885,7.360223308865941,4.96270694526584,12.867227950788369
09_normal,WALKING__09_normal,WALKING,1,11,23.0,25.0,40,0.16098171380466533,41.04516623450256,0.6749999999999999,146.66,2.2143589743589835,7.55999999999989,1.5000000000000007,0.701537656340213,14.059613624125426,0.3662639918422019,1.035625,1.032,0.16575000000000006,1.2298,1.3244999999999998,0.12647499999999998,0.22980000000000012,0.32449999999999973,0.16289989257209472,1.846652440544066,5.204000000000298,5.537999999999922,0.20512820512820512,0.15384615384615385,3.1658758843338144,2.029134930500628,6.07435380858078,7.845723394895835,8.498211576561753,0.1794871794871795,819.9087779569005,1269.3232726029055,79.91575,127.31000000000002,149.07849999999996,0.15643744728374379,254.96787967052347,0.22817607847754456,0.3096684389872173,1.538461538461539,0.6526918831800983,1549.9183335609246,0.6125358929420446,0.19526396584080657,0.5244279021154334,0.028618425441677958,0.251689706602082,0.04634834804449735,4.0,2.1052631578947385,0.4166666666666667,0.20816659994661224,0.49959983987186934,6.402384816241969,5.2453461864679864,3.602541725322756,9.474205652524269
09_normal,WALKING__09_normal,WALKING,1,12,25.0,27.0,40,0.14608638119013959,39.959771052448524,0.567,140.47,2.2630769230769148,7.879999999999886,1.5000000000000007,0.6464831773410766,9.208586974502218,0.49424371746997503,1.059,1.0099999999999998,0.18100000000000005,1.2802,1.3538,0.11055,0.2802,0.35379999999999995,0.15584832369967921,2.142003678121239,5.267999999999929,7.333999999999896,0.23076923076923078,0.10256410256410256,3.537079213138277,2.721080256458785,7.182832528187526,9.095343704326632,11.583453716400658,0.2564102564102564,755.4590273839918,1282.7264730449358,78.485,137.34600000000003,150.8315,0.2369062367856345,273.53522434400406,0.3536828131129059,0.34243699570569985,1.538461538461539,0.6170852012481897,2500.541439868014,0.7288359672793622,0.14724161900597132,0.44714151933458873,0.035402761880404116,0.37021409977903585,0.08793887840992344,4.0,2.1052631578947385,0.5166666666666669,0.17559422921421128,0.3398597984791184,6.5798603858202345,6.464840582102857,5.082231659470272,15.10758442253896
09_normal,WALKING__09_normal,WALKING,1,13,27.0,29.0,40,0.1710900029299319,44.5021261369064,0.651,175.76999999999998,1.9071794871794923,6.580000000000373,1.5000000000000007,0.5602865282090632,19.489791040028365,0.3792307947853267,1.033575,1.041,0.1975,1.2502000000000002,1.2797499999999997,0.139025,0.2785,0.28734999999999983,0.1722419083730786,1.5248571092986867,3.8400000000000047,4.549999999999938,0.15384615384615385,0.05128205128205128,3.2495424237766546,2.225567268946121,6.607313427498902,7.5541170676988765,9.839857722548494,0.1794871794871795,917.1934517069913,1683.6736141763647,93.18525,150.20200000000003,178.67149999999998,0.6005546464107873,260.10944751185593,0.20483223481760834,0.3015819908346408,1.538461538461539,0.7105467268728064,1758.150004354412,0.6253179015771421,0.18577079106367855,0.5509963064781435,0.15862719341852688,0.10460570903965126,0.053750646730849234,5.0,2.631578947368423,0.4499999999999993,0.36742346141747706,0.8164965809277281,5.975950765402906,5.951991895192103,5.32821462681276,16.32707898480138
10_normal,WALKING__10_normal,WALKING,1,0,1.0,3.0,40,0.1362729538416114,34.73499328800783,0.5740000000000001,116.2,1.704615384615384,5.539999999999969,2.0,0.6590860088346682,11.190549525452258,0.3286926587010095,1.0488,1.0234999999999999,0.21675,1.2139,1.2711999999999999,0.1129,0.2327000000000001,0.2711999999999999,0.14313455208299636,1.465221100890212,4.000000000000018,5.035999999999996,0.15384615384615385,0.05128205128205128,2.858744715950582,1.6620308385254097,5.365714736641051,6.053371266319363,7.083727832151618,0.20512820512820512,683.3016932895559,1137.9374996175545,65.5705,111.257,121.02449999999999,0.14409081155040168,254.89278913246383,0.40007684505617863,0.2188108474619115,2.051282051282051,0.5867037045980839,1335.181255869182,0.6509480936310005,0.1750328349629589,0.5752289565574589,0.0516169872514198,0.19812122122816248,0.10192056145379562,4.0,2.1052631578947367,0.49999999999999994,0.086602540378444,0.17320508075688804,5.924330019655589,5.232165672647474,3.852265791223166,9.226467920905773
10_normal,WALKING__10_normal,WALKING,1,1,3.0,5.0,40,0.14724818574477652,41.65568030339274,0.7390000000000001,162.8,2.0461538461538455,8.460000000000031,2.0,0.4055394193281692,12.943576984608907,0.19803302770781092,1.02265,1.014,0.14125,1.2179,1.2426999999999997,0.10655,0.23349999999999999,0.2787999999999999,0.1471495837574813,1.8530552515190148,4.280000000000007,5.214000000000021,0.20512820512820512,0.07692307692307693,3.1595896976188524,2.2379309333054946,6.204547256676529,8.047025600451992,9.441885404939029,0.1794871794871795,806.4885033674585,1376.3663738348353,88.301,134.68,143.89899999999997,0.0707316393144972,282.8943534529792,0.32115701835858934,0.3503633916864528,1.5384615384615383,0.4612669147312203,2106.180103658642,0.7238007364605463,0.30789816205256165,0.43644544077325786,0.058569776087779385,0.19708662108640118,0.014227688630896428,4.0,2.1052631578947363,0.3833333333333333,0.23629078131263032,0.6164107338590357,7.310943693781804,5.867365950916291,4.6651173682507645,12.432961505439375
10_normal,WALKING__10_normal,WALKING,1,2,5.0,7.0,40,0.18412470690352148,53.96072811990929,0.706,227.59,1.9815384615384601,6.960000000000022,1.0,0.5143451670453807,21.634575193585203,0.4491499154725731,1.0776999999999999,1.0955,0.30225000000000013,1.2717,1.3746,0.16899999999999998,0.2717,0.37460000000000004,0.19771608432295032,1.5970194911336335,4.128000000000014,4.623999999999946,0.23076923076923078,0.02564102564102564,3.232194795590931,1.7856721816406356,5.70237178089124,5.963768453224225,7.9528862685191495,0.15384615384615385,878.8740598470596,1313.383199664398,110.82449999999999,179.061,197.63599999999994,0.23623103392119818,293.0661996827177,0.24418515962488974,0.290012946065218,2.051282051282051,0.3149997452930032,853.9408151458546,0.6218914403593668,0.43761495121569344,0.3781577304044119,0.027618059494091848,0.15660925888580274,0.5488214621251064,4.0,2.1052631578947363,0.5833333333333334,0.1527525231651949,0.26186146828319123,6.668310400711231,5.744642653017298,3.5992036265601337,10.598263653951218
10_normal,WALKING__10_normal,WALKING,1,3,7.0,9.0,40,0.17552000397354084,50.22752824168466,0.7679999999999999,163.68,1.9502564102564104,9.539999999999862,1.0000000000000004,0.39555784915782694,19.936539082995605,0.40355671937594484,1.0389,1.029,0.272,1.2591999999999999,1.26585,0.14084999999999998,0.2591999999999999,0.26584999999999986,0.17762404116560346,2.1685108729743146,3.7600000000000127,6.856000000000133,0.20512820512820512,0.07692307692307693,3.1935621097460034,2.5140828661372936,7.412557501848475,8.321414000388678,10.528779606392987,0.1794871794871795,803.4210903866119,1418.521926350853,88.22375,167.372,172.1375,0.2092672928174935,286.1641243425241,0.20106410637284572,0.4500968641517363,2.051282051282052,0.39847485343773803,2074.106436297831,0.5768022347369126,0.3701993842683444,0.520881380964354,0.0049495107271806385,0.10396972404012085,0.9957878257855488,4.0,2.1052631578947376,0.36666666666666686,0.2081665999466129,0.5677270907634895,7.808665511598946,5.706024438016328,4.6393314310295635,10.010120793326454
10_normal,WALKING__10_normal,WALKING,1,4,9.0,11.0,40,0.15178724778367775,44.31777508763215,0.659,133.81,1.7025641025641016,4.999999999999929,1.0000000000000004,0.5117400410497474,15.061334089371593,0.3154490613405176,1.089375,1.109,0.17949999999999977,1.2503,1.34155,0.149525,0.25409999999999994,0.34154999999999996,0.1745029369380355,1.347982347902381,3.9039999999999457,4.222000000000092,0.1794871794871795,0.0,3.1861443887157415,1.9296282259595547,6.089167614415904,6.943375890915194,7.620629895225089,0.20512820512820512,766.4917032480922,1167.6860901186303,97.63399999999999,153.501,156.183,0.16188647028619738,291.9729801728298,0.36011676252986985,0.39029411138783976,2.051282051282052,0.49377585315537836,1876.9693763702164,0.6205975359136076,0.5264242237750811,0.3355226817408227,0.019394670063740842,0.11865842442035514,0.3998329229355266,4.0,2.1052631578947385,0.48333333333333367,0.1755942292142121,0.36329840527078344,6.1716571298736795,6.249911812147951,4.149274791764504,11.628952719675853
10_normal,WALKING__10_normal,WALKING,1,5,11.0,13.0,40,0.19852061670368207,51.46692577738017,0.9029999999999999,195.75,3.0723076923076973,8.019999999999886,2.000000000000001,0.44210723640924987,20.98323338323332,0.316461864543588,1.088975,1.0705,0.1955,1.3759000000000001,1.414,0.161925,0.3759,0.4139999999999999,0.2152712823392846,2.5085437813269404,6.515999999999953,7.382000000000157,0.4358974358974359,0.28205128205128205,4.671375092509699,2.8216099130690457,7.661780564613378,8.776666771093996,12.406643381672403,0.4358974358974359,933.1165576484523,1422.8702745782489,103.50150000000001,160.169,181.67499999999998,0.23261377143700102,259.2522964715613,0.3090621280698624,0.2575786057732103,2.051282051282052,0.4859858678118072,3047.6322716488557,0.7511585159009476,0.1908545864714656,0.4925901630548598,0.03400321481208993,0.28255203566158454,0.006808137008086595,4.0,2.1052631578947385,0.5166666666666663,0.028867513459480677,0.05587260669576909,8.591489300545408,7.822770216612751,6.295585466012993,14.642000190905833
10_normal,WALKING__10_normal,WALKING,1,6,13.0,15.0,40,0.16524689957912317,50.26422298968134,0.678,173.62,1.8323076923076962,7.420000000000158,1.5000000000000007,0.5094733652925681,17.76193777785681,0.2752331078597947,1.028025,1.021,0.12325000000000008,1.2405,1.3412499999999998,0.119775,0.28139999999999993,0.34124999999999983,0.16555746736405458,1.6802356688375701,3.5479999999999756,4.723999999999934,0.23076923076923078,0.05128205128205128,3.0890267221568215,2.010146907974135,5.784897234987061,7.039547461440836,8.38610755952981,0.1794871794871795,803.6384886393474,1196.6794529817153,92.89725,155.409,168.38599999999997,0.27318141373777954,304.17649661023705,0.332596608169547,0.4018446565075173,1.538461538461539,0.6291454810743647,1371.9048833610914,0.6557395416758595,0.24513602951171742,0.6019806851877336,0.04351681759493508,0.10936646770561398,0.055213896220876295,4.0,2.1052631578947385,0.4499999999999999,0.13228756555322874,0.2939723678960639,6.040247644847781,6.005084324788351,4.230021075667004,11.769780014955009
10_normal,WALKING__10_normal,WALKING,1,7,15.0,17.0,40,0.17971147638253307,43.47511967220816,0.6609999999999999,170.18,2.218974358974363,7.339999999999896,1.0000000000000004,0.6130031316501003,21.37815829883853,0.4100482770714478,1.055875,1.074,0.28174999999999994,1.2597999999999998,1.2987,0.159275,0.2695,0.2986999999999999,0.18603984788211367,1.7530601738130498,5.1880000000001125,5.415999999999922,0.2564102564102564,0.1282051282051282,3.2313123405022606,1.8880469006676832,5.609440432843363,6.701427895840741,8.160196076075506,0.1794871794871795,749.6662449611824,1273.8589204445184,95.6795,152.09799999999998,158.86499999999995,0.200549839760305,241.91621229390609,0.2681808300055178,0.35491554592876745,1.538461538461539,0.31297084011105153,1600.7487433319745,0.5364051274530368,0.561037958064776,0.2880770004708954,0.06618914224467498,0.08469589921965377,0.19240206971322413,4.0,2.1052631578947385,0.5500000000000002,0.05000000000000071,0.09090909090909217,6.631571742554522,5.388836067304687,3.488244362724841,8.613936834136668
10_normal,WALKING__10_normal,WALKING,1,8,17.0,19.0,40,0.21703892478492162,48.79837887177012,0.8539999999999999,190.86,2.5282051282051277,6.939999999999901,1.5000000000000007,0.5082428561721378,30.014352468356464,0.38985857233067733,1.05395,1.0445,0.2124999999999999,1.315,1.38205,0.17114999999999997,0.3820999999999999,0.41699999999999987,0.22099513569307355,1.9181060721929613,4.836000000000203,5.2339999999999245,0.46153846153846156,0.07692307692307693,3.7002618701928784,2.127627920502493,6.002664732548033,7.327811804835066,9.291157086175948,0.23076923076923078,860.718016762796,1538.9227020588119,99.273,161.425,173.02549999999997,0.2829955914766395,224.83699142966034,0.23333235019557047,0.2925037113474662,1.538461538461539,0.5428246898457583,1876.6502888679531,0.6754576964219359,0.15241813138209806,0.5905450853444794,0.12125128645788101,0.13578549681554153,0.04770357989026222,4.0,2.1052631578947385,0.38333333333333286,0.12583057392117908,0.32825367109872844,6.661744418802626,6.1048208074285055,4.028362154221742,10.157790583644815
10_normal,WALKING__10_normal,WALKING,1,9,19.0,21.0,40,0.19457484058773783,47.51747054626735,0.7240000000000001,189.6,2.4630769230769163,7.979999999999889,2.000000000000001,0.4541960498409862,24.638164103310395,0.4213306638442555,1.0583749999999998,1.069,0.26249999999999996,1.3281,1.3403,0.165925,0.33820000000000006,0.34680000000000005,0.20079971364521415,1.6409531149627645,4.267999999999942,5.173999999999928,0.3076923076923077,0.07692307692307693,3.664786942120344,2.0824487741579487,6.118470192617211,7.628602781288836,10.386626016180468,0.23076923076923078,852.2658776869221,1366.8933198096831,87.68075000000002,137.88500000000002,163.65799999999996,0.3633927356475604,244.2117922478304,0.28001978568558616,0.36894389314057696,1.538461538461539,0.6080400828743073,1534.0976798114882,0.6636210956126236,0.08627834341438483,0.6545772216710172,0.13088798832320653,0.12825644659139152,0.07536457558372059,4.0,2.1052631578947385,0.39999999999999974,0.18027756377320053,0.45069390943300164,6.767937126900472,5.947524013971585,4.756521460673883,12.1265292395459
10_normal,WALKING__10_normal,WALKING,1,10,21.0,23.0,40,0.17943508039656872,48.4159951186933,0.85,177.85,2.4789743589743565,9.899999999999856,1.5000000000000007,0.6120907287660708,18.024051812156106,0.42777041158881923,1.042975,1.039,0.24949999999999994,1.2383000000000002,1.2611999999999997,0.142875,0.2455,0.2611999999999996,0.1823153175133675,2.250174022360065,5.052000000000207,7.023999999999903,0.28205128205128205,0.10256410256410256,3.7074427404185863,2.7095244520326167,7.856278217047366,8.915118245271135,11.66132067992284,0.20512820512820512,868.8864554112463,1324.4848365234236,98.39750000000001,167.944,179.52449999999996,0.39615083642065596,269.8245795175019,0.2014840735964198,0.2940697734863341,1.538461538461539,0.627299736918329,2554.722655405555,0.7008989693078082,0.050786543038608946,0.611112637201042,0.1276859297974763,0.21041488996287278,0.05184925841580926,3.0,1.5789473684210538,0.5999999999999996,0.141421356237309,0.23570226039551515,9.320607150749014,6.281031117464983,5.305534276011118,15.822484853521798
10_normal,WALKING__10_normal,WALKING,1,11,23.0,25.0,40,0.14191978368078215,37.76445389363674,0.5079999999999999,160.06,1.6887179487179367,4.239999999999942,1.5000000000000007,0.6283464769086174,13.372253994470606,0.4083867152046966,1.023825,1.0075,0.1965,1.2162000000000002,1.2540499999999999,0.113775,0.22900000000000012,0.25405,0.14214543608572175,1.2197393584549319,3.6639999999999495,3.765999999999946,0.15384615384615385,0.0,2.550733730027469,1.5967412546339448,4.535758573257772,5.2076498657075785,6.7571295680931485,0.10256410256410256,649.3419113773788,1161.4127178662052,72.44624999999999,112.68900000000001,133.605,0.02936495350324532,266.0971776745356,0.3707003140618331,0.25129380319989364,1.538461538461539,0.8447708444184028,986.4163674129611,0.5329984724581336,0.2568171125000356,0.587116747592083,0.03555414468330662,0.12051199522457455,0.005619705843853296,5.0,2.631578947368423,0.375,0.25,0.6666666666666666,4.6763523849221915,4.508427759915176,3.643831848634083,9.55747325794537
10_normal,WALKING__10_normal,WALKING,1,12,25.0,27.0,40,0.14687040991190944,38.80797491974806,0.697,130.93,2.122564102564097,7.719999999999888,1.5000000000000007,0.5563859801228217,10.924179822984993,0.32008847917294636,1.0635750000000002,1.0665,0.19325000000000003,1.243,1.2699499999999997,0.124225,0.2430000000000001,0.26994999999999975,0.15834590300983478,1.9536318647298674,4.635999999999936,6.117999999999917,0.23076923076923078,0.10256410256410256,3.098722701713411,2.058640245516884,6.13942253542886,6.480580239313275,9.376481216319773,0.15384615384615385,681.3709219876663,1104.1551256942068,85.19424999999998,133.52100000000002,148.9145,0.0869145873600718,264.232767805472,0.31532308059696684,0.3999863627853592,2.051282051282052,0.3277610472536422,2074.4387025426577,0.7155458784735895,0.16846643057063462,0.5427737109502073,0.11450909907346517,0.17425075940569296,0.24310080502438575,3.0,1.5789473684210538,0.7750000000000004,0.38890872965260165,0.501817715680776,7.345104946504537,4.9631161483290445,3.688621465162985,8.44476866062273
10_normal,WALKING__10_normal,WALKING,1,13,27.0,29.0,40,0.17777723744576007,46.92450247745212,0.804,199.59,2.1815384615384597,9.519999999999865,1.5000000000000007,0.4152865457640326,19.002196291193073,0.38804446849146573,1.02135,1.033,0.21824999999999994,1.2474,1.2973,0.1411,0.27980000000000005,0.3049,0.17683452717159057,2.0186571076383046,4.271999999999943,5.497999999999982,0.20512820512820512,0.10256410256410256,3.2792405393254698,2.6475802155957635,5.705425760248391,6.8454953307456075,14.487801765623178,0.1794871794871795,749.2345991028868,1316.8176045045034,100.73575,138.71900000000002,157.9229999999998,0.4362812359911053,263.95112868017657,0.15112214788626124,0.1591048533668644,0.512820512820513,0.3502578896201785,3090.847456532887,0.7250542963496964,0.17470253671491828,0.5766216381542872,0.12263226689593171,0.12604355823486266,0.11148909777120601,3.0,1.5789473684210538,0.5999999999999996,0.141421356237309,0.23570226039551515,8.256751604557872,5.847746715447496,5.142844504281081,13.442290754318412
11_arm_held_still,WALKING__11_arm_held_still,WALKING,1,0,1.0,3.0,40,0.10663414267773426,34.772919907742235,0.559,160.81,1.6543589743589746,5.780000000000023,1.5,0.4289403773206455,5.295954424349315,0.3639289847947215,0.9986750000000001,0.9969999999999999,0.11899999999999988,1.1152000000000002,1.1296499999999998,0.07797499999999999,0.16100000000000003,0.16459999999999994,0.10530111585353691,1.4088513329207621,3.7880000000000096,4.798000000000012,0.1282051282051282,0.05128205128205128,2.565782352995918,1.5407762548480362,4.377665517956047,5.795031276661435,6.973836820574448,0.07692307692307693,713.1971140990232,1270.290468540246,55.10475,86.83000000000003,111.90999999999985,0.03866768423509968,326.0955547120744,0.2309026316984169,0.1330519446312826,2.051282051282051,0.32611120314422326,1126.7510125897923,0.8353327758933474,0.06748165229148358,0.4300738817338814,0.11477732868975496,0.3876671372848801,0.1694153049885697,3.0,1.5789473684210524,0.5499999999999999,0.07071067811865465,0.12856486930664485,5.9141782000649625,4.769492748591008,3.586227106238626,7.629578154695683
11_arm_held_still,WALKING__11_arm_held_still,WALKING,1,1,3.0,5.0,40,0.139912791061304,26.362290565240226,0.6680000000000001,90.85000000000001,2.2492307692307687,11.67999999999994,1.5,0.6659970712205661,8.382734968424774,0.45437924895930204,1.014475,0.979,0.1895,1.2081,1.2419999999999998,0.114175,0.21210000000000012,0.28119999999999995,0.13890905298071832,2.120371596796657,4.52800000000002,5.500000000000023,0.23076923076923078,0.10256410256410256,3.4320132763254643,2.5296999508673954,6.54158338357063,6.633551126514481,13.16724724458374,0.3076923076923077,607.4496060354421,1161.0531644659675,48.569500000000005,87.94500000000001,94.14349999999997,0.3400469132481612,188.4194458939023,0.28476786410705957,0.26995337277468323,1.5384615384615383,0.48221379614961285,2462.80624701993,0.7480578512829964,0.05786748315508147,0.490162633692788,0.04391871683868429,0.4080511663134464,0.00682861412290527,5.0,2.6315789473684204,0.4374999999999999,0.15478479684172267,0.35379382135250903,7.1987527020752164,6.4853653447165005,5.560440997146948,17.035180450297933
11_arm_held_still,WALKING__11_arm_held_still,WALKING,1,2,5.0,7.0,40,0.1874253201705299,37.72507666302044,0.9909999999999999,176.98000000000002,3.037948717948719,18.080000000000062,1.5,0.35148714128777053,12.11198831908825,0.4041663613902983,1.000425,0.979,0.16725,1.185,1.44035,0.12642499999999998,0.2467000000000001,0.4403499999999999,0.18506816311834945,3.9199564843766175,7.355999999999925,11.402000000000044,0.3076923076923077,0.20512820512820512,4.751143779949258,4.027259347927161,11.368908720165733,11.726048922507827,19.500820495558713,0.3333333333333333,783.098903260794,1583.2903597478803,60.571000000000005,105.73100000000004,128.77849999999998,-0.06954660660462494,201.2805773984864,0.3686511422239289,0.2091255205201604,1.5384615384615383,0.513923799135441,7508.859108039639,0.9169831813875973,0.10193267082873833,0.27870942377236646,0.13562470501748308,0.4837332003814121,0.39997304683429563,3.0,1.5789473684210524,0.5749999999999997,0.03535533905932725,0.06148754619013438,14.134310578383158,9.108350242564294,7.2984816861099295,18.847112769057627
11_arm_held_still,WALKING__11_arm_held_still,WALKING,1,3,7.0,9.0,40,0.16320539010392504,28.615265116582577,0.7110000000000001,116.26999999999998,2.476410256410261,12.740000000000045,2.500000000000001,0.39239776432638995,10.859723218654587,0.3031489753637111,1.022525,1.0145,0.14300000000000013,1.2666,1.3443999999999998,0.119875,0.2906,0.34439999999999976,0.16271900626540223,2.650536675725453,6.332000000000001,7.0560000000001235,0.23076923076923078,0.1282051282051282,3.8263043418218716,3.0582055637530012,7.094826983994566,8.439710608477206,16.220012330451596,0.23076923076923078,656.6032277212487,1109.8348785300113,54.2715,99.369,105.70949999999996,0.1579499202413675,175.33284347018872,0.2388662784157588,0.25558755620019835,1.538461538461539,0.5345107958557227,3733.574745795944,0.8514310698565914,0.10109127863590651,0.23263350166836116,0.21868205210387742,0.44759316759185513,0.2220519774420251,3.0,1.578947368421053,0.8499999999999996,0.4242640687119283,0.4991341984846217,11.306093079295787,7.101351732593384,6.633245960402389,14.751582390502438
11_arm_held_still,WALKING__11_arm_held_still,WALKING,1,4,9.0,11.0,40,0.13102479702673628,23.347136517991743,0.656,84.05000000000001,2.178974358974365,8.260000000000177,2.000000000000001,0.3590114534459086,6.661113586149537,0.2517406625878001,0.9953,0.9695,0.1439999999999999,1.1313,1.1988499999999997,0.09825,0.16420000000000007,0.2159499999999997,0.1294619635259716,1.7595869653981333,3.7879999999999727,5.253999999999956,0.3076923076923077,0.07692307692307693,3.04231675402486,2.034652705131832,5.245164608048443,7.647778905731767,8.788424204600238,0.10256410256410256,515.3452639163305,861.0404238426471,37.426,67.20600000000002,89.2405,0.1283350400262653,178.18868678138566,0.32696642290107686,0.2688321234835338,1.538461538461539,0.5801869573694403,1739.4459830365,0.8620020194252439,0.06162594620065331,0.35809485763482146,0.19366657505504511,0.38661262110947997,0.034800706312341,2.0,1.0526315789473693,0.7000000000000011,0.0,0.0,8.368982535922612,5.078266061376985,4.679040597181735,10.453858427731948
11_arm_held_still,WALKING__11_arm_held_still,WALKING,1,5,11.0,13.0,40,0.12976744485266614,22.03164276845744,0.616,88.7,2.4230769230769353,12.320000000000263,1.5000000000000007,0.4208353511603321,4.418826400840497,0.36721919043036555,1.009,0.9824999999999999,0.15975000000000006,1.1602000000000001,1.24165,0.09970000000000001,0.203,0.2549499999999999,0.1284507687793265,2.6223474355765046,5.303999999999927,8.239999999999917,0.3076923076923077,0.1282051282051282,3.69304872649023,2.934066035595798,6.6029690352655255,8.816844339065229,15.066744837555643,0.23076923076923078,504.4596368233816,854.2851961909437,41.618,67.02900000000002,80.65499999999994,-0.016646814827385698,169.77788838696387,0.37534851350342074,0.19802993671210742,1.538461538461539,0.5228892088541631,4161.551671017401,0.8731483601600497,0.1624945059610729,0.2396786646895227,0.04873859136573045,0.5490882379836741,0.1645109413163894,3.0,1.5789473684210538,0.5750000000000002,0.03535533905932662,0.06148754619013323,10.32992768192597,7.0620947542170045,5.7908487220327025,15.767414131200097
11_arm_held_still,WALKING__11_arm_held_still,WALKING,1,6,13.0,15.0,40,0.1509107734340446,28.98924824561951,0.6930000000000001,100.58999999999999,2.6374358974359007,12.039999999999829,2.500000000000001,0.34732565832027246,7.391700006166744,0.3260831598341072,0.9962,1.005,0.16700000000000004,1.1887,1.2483,0.11635,0.24960000000000016,0.31274999999999986,0.14906089359721417,2.806350615777989,6.4200000000000905,7.294000000000163,0.2564102564102564,0.1794871794871795,3.877032840765177,3.0594376749980743,7.06484547658911,8.948256358979977,14.25704036607909,0.23076923076923078,598.5776687402875,928.1816487640871,51.182,96.996,104.2945,0.16852117225726457,192.09528641299576,0.38228183969466123,0.32355914690306803,1.538461538461539,0.4148097686000221,3899.19893327695,0.8301024938857953,0.013503157086868493,0.31092083826637507,0.18533249862181533,0.49024350602494104,0.7138015334626611,3.0,1.5789473684210538,0.5749999999999993,0.03535533905932788,0.06148754619013552,11.683210515745861,7.091440822239893,6.330502005541596,17.31268718119834
11_arm_held_still,WALKING__11_arm_held_still,WALKING,1,7,15.0,17.0,40,0.1438901624370264,31.3599279008852,0.681,148.28,2.4097435897436017,12.860000000000275,1.5000000000000007,0.49469561509704935,7.584226901730453,0.5825705673372514,1.007325,0.9864999999999999,0.16899999999999993,1.1407,1.29835,0.10722500000000001,0.2018,0.2983499999999999,0.14226884760902508,2.542724903036846,5.668000000000077,7.175999999999898,0.20512820512820512,0.1282051282051282,3.4837702655682063,2.9074986750822007,7.43110835875972,8.177718585270304,13.529020659308925,0.20512820512820512,599.2036915212793,1134.0433366979028,46.318,82.11100000000002,99.64,0.0032225040863172972,217.94351587176703,0.41780136446934585,0.24726982112721593,1.538461538461539,0.6285152019114121,3819.7619381456257,0.7562683337908481,0.040062157882767735,0.4501310560706986,0.05858304439412875,0.4512237416524051,0.02298685478055922,3.0,1.5789473684210538,0.5999999999999996,0.0,0.0,9.297296443219807,5.9673245177630765,5.830865800112427,11.339050737751668
11_arm_held_still,WALKING__11_arm_held_still,WALKING,1,8,17.0,19.0,40,0.12913832774319053,45.50990834915752,0.611,168.26,2.16153846153847,11.020000000000625,1.5000000000000007,0.8327572218693698,5.253691691498507,0.3560844881760466,1.0211000000000001,0.994,0.11224999999999996,1.1772,1.2495999999999998,0.09225000000000001,0.17720000000000002,0.24959999999999985,0.12924782396620843,2.5818980558593663,5.347999999999936,8.017999999999887,0.15384615384615385,0.10256410256410256,3.2759702759761122,2.7687177883878014,7.195819322709121,8.622543684860695,12.727293506477269,0.20512820512820512,624.5341798603866,1187.1649104131307,68.80600000000001,126.213,130.3089999999999,-0.13783505936249185,352.41209286572365,0.3960617836817211,0.33654392948483597,1.538461538461539,0.6258937272447248,3848.624533814696,0.7044317052811992,0.06676057519072423,0.4228333546785478,0.010754352302286748,0.49965171782844114,0.01246021142465935,4.0,2.1052631578947385,0.5666666666666677,0.07637626158259841,0.13478163808693813,7.966496679900036,5.791370938644378,4.83028469335578,12.073177989622497
11_arm_held_still,WALKING__11_arm_held_still,WALKING,1,9,19.0,21.0,40,0.12915911226874888,26.22934904907976,0.6609999999999999,96.61000000000001,2.0533333333333426,9.439999999999863,1.5000000000000007,0.35613108395110554,8.218263505044956,0.3103866160053018,1.002975,0.9804999999999999,0.12449999999999994,1.1502000000000001,1.2541499999999999,0.094225,0.19180000000000014,0.25604999999999994,0.12756909892289747,2.0083684571435527,4.707999999999999,6.003999999999964,0.1794871794871795,0.07692307692307693,3.23952129260696,2.341853573083897,5.851314789911947,7.018072728780392,12.508940802481858,0.1794871794871795,653.489559815989,1033.762355243791,52.89149999999999,86.772,96.77099999999999,0.28173035044367606,203.0778052616437,0.3274780943773698,0.2408072155553615,1.538461538461539,0.6003490470643409,2300.012049999256,0.7561529702162286,0.020620855156349312,0.4995475297567434,0.21410323018460362,0.26572838490230377,0.03227840473651551,3.0,1.5789473684210538,0.5999999999999996,0.07071067811865324,0.11785113019775546,8.692687411695504,6.141433144151181,4.536051752509046,13.036822143189125
11_arm_held_still,WALKING__11_arm_held_still,WALKING,1,10,21.0,23.0,40,0.12432535634684194,32.07714697333162,0.5960000000000001,118.52999999999999,2.0758974358974247,9.15999999999987,2.000000000000001,0.6251360750165518,5.804645281832107,0.3982520393177028,1.012225,0.992,0.11399999999999999,1.1576,1.1982999999999995,0.08647500000000001,0.18160000000000007,0.19829999999999953,0.12336865485203283,2.385739119664673,5.947999999999923,7.84599999999989,0.1794871794871795,0.1282051282051282,3.410733975512585,2.6284358776109515,8.435778859116578,9.319311880143399,10.978105483187734,0.15384615384615385,632.3050571587502,1214.229986213863,59.23900000000001,112.40800000000002,126.26149999999998,0.02015248859332828,258.00969259917537,0.3403765184412377,0.17171383129555418,1.538461538461539,0.46562621040174945,2436.7872598712866,0.7569038099529448,0.01073957801144431,0.4345975452990095,0.13532840973870958,0.41933446695083687,0.15616442330159064,3.0,1.5789473684210538,0.6000000000000014,0.07071067811865576,0.11785113019775934,7.925531550070555,6.571011597420336,5.185421546615373,11.566502918301573
11_arm_held_still,WALKING__11_arm_held_still,WALKING,1,11,23.0,25.0,40,0.14299358959990716,33.26916044812488,0.677,134.51,2.276923076923072,10.239999999999856,2.000000000000001,0.6067919160806933,9.002353774477605,0.3950086495589945,0.9967500000000001,0.963,0.13974999999999993,1.1165,1.2649499999999996,0.10539999999999998,0.19789999999999996,0.26494999999999963,0.14123225552259655,2.3472202527627557,6.088000000000251,7.187999999999901,0.1794871794871795,0.1282051282051282,3.299230352072258,2.3764241396345303,6.497789503168297,8.101161325575163,11.51072543326424,0.20512820512820512,548.6518748225967,1098.043608976156,47.312000000000005,96.105,101.97449999999995,0.0013487570082939338,232.66190142656913,0.4468227623174612,0.20232240233867016,1.538461538461539,0.503374727025666,2228.6372775215773,0.7117246316440083,0.03444588424848112,0.6092762597506672,0.03794280131670459,0.31833505468414725,0.07376365059508862,4.0,2.1052631578947385,0.5166666666666657,0.10408329997330755,0.20145154833543433,7.885862981284101,5.860137375458077,3.689358515570783,9.728013137353303
11_arm_held_still,WALKING__11_arm_held_still,WALKING,1,12,25.0,27.0,40,0.15196634031832046,31.59149938812249,0.637,127.64000000000001,2.576410256410249,10.839999999999845,2.000000000000001,0.44239016805843734,8.84517977283908,0.4476701777888301,1.014775,0.9924999999999999,0.15850000000000009,1.2023000000000001,1.3102499999999997,0.11362499999999998,0.21850000000000006,0.31024999999999964,0.1507803866555594,2.666359125315841,6.316000000000255,8.403999999999881,0.23076923076923078,0.15384615384615385,3.837945792574872,2.9663193196682647,8.288306525367208,9.341584675722062,12.67876965639787,0.3076923076923077,614.2340152372357,1208.1096958362907,54.8615,96.62500000000003,114.77049999999997,-0.02283159448722171,207.88484688088488,0.34940732582816053,0.24961697733506794,1.538461538461539,0.5595659356169485,3708.445884863864,0.7904231569199314,0.07034300459710938,0.5190097328846471,0.06255431060732912,0.34809295191091444,0.17754480378371867,4.0,2.1052631578947385,0.5333333333333338,0.07637626158259493,0.1432054904673654,9.413672920509084,6.915229673648605,5.831986268995066,17.10446493488459
11_arm_held_still,WALKING__11_arm_held_still,WALKING,1,13,27.0,29.0,40,0.11118658088650252,23.652581341210183,0.4959999999999999,109.64999999999999,2.1712820512820503,7.799999999999887,1.5000000000000007,0.7033128351685196,3.376291214930305,0.36285188933553,0.995175,0.976,0.12624999999999997,1.1289,1.21935,0.08702499999999999,0.17410000000000006,0.2193499999999999,0.1098939261287902,1.9328342694319018,4.547999999999938,6.647999999999908,0.23076923076923078,0.10256410256410256,3.1526003725839487,2.077805805857872,6.2388992745766885,7.52317494232273,8.92369878469672,0.15384615384615385,573.3846869702973,1092.3116077574418,57.284000000000006,84.364,88.36249999999998,0.20763556122312468,212.7287407583327,0.3563992258150705,0.13787904600747725,1.538461538461539,0.7762034890442839,1880.4075996181325,0.7914914374995502,0.09177596174398152,0.31856987353832605,0.03544843202272905,0.5542057326949635,0.03689873836590308,3.0,1.5789473684210538,0.5999999999999996,2.5121479338940403e-15,4.186913223156736e-15,7.857215117763765,5.648174141970565,3.8161246330422993,11.416099766176735
12_looking_at_phone,WALKING__12_looking_at_phone,WALKING,1,0,1.0,3.0,40,0.09192354682853823,14.411965734977093,0.43099999999999994,48.669999999999995,1.1897435897435893,3.8600000000000105,1.5,0.4244166369007102,4.765785346627547,0.2659340259191692,1.0144,1.006,0.09550000000000003,1.1143,1.1575999999999997,0.06864999999999999,0.15130000000000002,0.2060499999999999,0.09190239387524135,0.9802563767211943,2.664000000000003,2.767999999999988,0.02564102564102564,0.0,2.04142229662929,1.4037206693394209,3.9040099999374966,4.390413979066814,5.474157469419401,0.05128205128205128,342.40251623816215,654.3430176569105,22.32775,47.511,49.797999999999995,0.37050798856485007,156.78208937976714,0.18291717937284827,0.18399494724235818,0.5128205128205128,0.34518741425777766,1114.4607546956343,0.7497782460489862,0.08081127228345983,0.5211167954910484,0.13490004637222403,0.2631718858532677,0.22979061556065397,4.0,2.1052631578947367,0.31666666666666665,0.16072751268321592,0.5075605663680502,4.084488181850651,4.183177695285938,3.3085305393576436,9.381399827072544
12_looking_at_phone,WALKING__12_looking_at_phone,WALKING,1,1,3.0,5.0,40,0.1584943580650792,19.26654666806744,0.665,73.34,2.463076923076925,8.66000000000003,1.5,0.4819490282536973,8.684625257973035,0.48132766423938805,1.0245000000000002,0.991,0.18999999999999995,1.2032,1.3300499999999997,0.12004999999999999,0.2032000000000001,0.3300499999999998,0.15840675490647488,2.3907080583465086,6.512000000000012,7.774000000000028,0.2564102564102564,0.15384615384615385,4.090420880922254,2.776888753432406,8.43609845425615,9.168090086689562,12.672032196928837,0.2564102564102564,666.8516711231925,1003.7151582234627,40.07000000000001,65.64100000000002,72.273,-0.06586685370521748,121.55982650282368,0.18667256723354025,0.24220917574769485,2.564102564102564,0.3178408139626233,3057.364103311776,0.8189213801721551,0.05034945329204047,0.34544318119601913,0.06459690304470092,0.5396104624672395,0.1543541312923117,5.0,2.6315789473684204,0.42499999999999993,0.1848422751068236,0.4349230002513497,8.570040232869166,8.162552125362781,5.906586065092836,17.386290528659806
12_looking_at_phone,WALKING__12_looking_at_phone,WALKING,1,2,5.0,7.0,40,0.13224282007556576,30.22983856204296,0.5619999999999999,109.46000000000001,2.0287179487179454,9.079999999999869,1.5,0.43854818717310234,6.627366771849176,0.39926648188967373,1.0048750000000002,0.974,0.1227499999999998,1.1956,1.26165,0.10217499999999999,0.19559999999999997,0.2616499999999999,0.13067029119122678,2.1819440625363766,3.496000000000002,7.88400000000003,0.1794871794871795,0.07692307692307693,3.430006805801157,2.7070934071637067,6.823069004295029,9.43662259417565,10.905668250959986,0.20512820512820512,721.5695018946582,1471.0880769445757,52.373000000000005,94.83200000000001,101.30249999999997,0.029056250174788453,228.59342038206026,0.3907524197755911,0.14122601471746044,1.5384615384615383,0.5839748035694888,3176.3060154671507,0.8100284318774476,0.010893436711395676,0.3730454747924729,0.12124274851938646,0.4948183399767449,0.06618449561862848,3.0,1.5789473684210524,0.5749999999999997,0.03535533905932725,0.06148754619013438,10.091346074454002,7.023849022134306,5.223705930803508,15.034108564292925
12_looking_at_phone,WALKING__12_looking_at_phone,WALKING,1,3,7.0,9.0,40,0.10633996944970457,17.12784267815688,0.4869999999999999,53.5,1.770769230769233,6.200000000000133,2.000000000000001,0.4996819992056249,4.32434337372915,0.4523402812518159,1.015625,1.009,0.12349999999999994,1.1468,1.2066999999999999,0.08307499999999998,0.16650000000000006,0.2066999999999998,0.10615849000433267,1.6251240999016006,4.587999999999999,4.96799999999993,0.20512820512820512,0.05128205128205128,3.20199631162859,1.753525510389982,5.59429931267993,5.880557008546393,7.471679864662191,0.15384615384615385,456.35897028710053,724.1569231697381,33.73725,59.428000000000004,62.220499999999994,0.13130334405543423,161.06683843141226,0.4141871407927695,0.2932012191105975,1.538461538461539,0.6060775655374168,1665.9017703054124,0.7836652667606899,0.004970121839064111,0.39337829969228255,0.14190347185755045,0.45974810661110294,0.09992746155139869,3.0,1.578947368421053,0.5750000000000002,0.03535533905932913,0.061487546190137604,6.578007576897098,6.622259302245238,4.333771480095903,12.04319423774695
12_looking_at_phone,WALKING__12_looking_at_phone,WALKING,1,4,9.0,11.0,40,0.11687780162554613,23.712412089776624,0.5670000000000001,90.35000000000001,2.143076923076927,11.33999999999984,2.000000000000001,0.5519638969672289,3.092865005615242,0.4706839936601419,1.0147,1.0145,0.1609999999999998,1.1339,1.2179999999999997,0.08984999999999999,0.1573000000000001,0.22084999999999977,0.11634001891008959,2.2297912975812895,3.8959999999999777,6.322000000000139,0.20512820512820512,0.07692307692307693,3.3247456993081426,2.500320902364063,6.484664410607954,8.481108969366547,11.492971765387589,0.1794871794871795,469.3167177486412,795.9646142476489,36.07725,64.997,75.46099999999996,-0.0034279231368406064,202.88208504936296,0.3210761483887237,0.1543263110632292,1.538461538461539,0.5806255581818603,3451.2715752322906,0.831002879940125,0.033644404782368624,0.29594620956404355,0.0389463114819514,0.6314630741716363,0.0940489549020225,3.0,1.5789473684210538,0.5999999999999996,0.07071067811865576,0.11785113019775968,8.48858053641262,5.999885250156799,5.182843712565291,10.966547541422052
12_looking_at_phone,WALKING__12_looking_at_phone,WALKING,1,5,11.0,13.0,40,0.1054281107601836,17.762614540672576,0.494,72.73,2.0651282051282016,8.879999999999873,2.000000000000001,0.5504816351062334,1.4870665959379101,0.3512988165484253,1.014125,1.0230000000000001,0.11400000000000021,1.1308,1.18935,0.081925,0.15810000000000002,0.18934999999999988,0.10505581849664491,1.7212585233437405,3.5079999999999507,4.932000000000086,0.23076923076923078,0.05128205128205128,3.295775673379022,1.8765719426078582,5.034960663167924,6.268960693823536,10.081170566952883,0.1282051282051282,466.9586917294515,735.1823260047453,36.316250000000004,61.567,73.88699999999997,-0.052166201705660616,168.48081989325445,0.34009238132233127,0.01819218532834216,1.538461538461539,0.7098222028611204,1420.3842248411406,0.8108517179973852,0.017201385281015398,0.15020537407087278,0.09933196808551982,0.7332612725625921,0.6177591183385504,3.0,1.5789473684210538,0.5750000000000002,0.03535533905932913,0.061487546190137604,5.768105698028354,6.703743918375672,4.3195412864714395,12.516580343145494
12_looking_at_phone,WALKING__12_looking_at_phone,WALKING,1,6,13.0,15.0,40,0.10863216870210719,25.35412978928275,0.507,109.05,1.8317948717948707,6.719999999999904,2.000000000000001,0.508473627077609,4.381769571326273,0.41006101802229167,1.0172249999999998,0.995,0.1472500000000001,1.1322,1.1938999999999997,0.085525,0.14390000000000006,0.19389999999999985,0.10863988678197341,1.7065737786800426,4.347999999999942,5.778000000000124,0.1794871794871795,0.10256410256410256,3.213699029898995,2.238452257016605,6.508757707371309,7.439009875807968,8.883085049688413,0.20512820512820512,504.5103804389339,975.7578108761022,52.377250000000004,85.516,89.13999999999999,-0.18552261511247892,233.3943075260629,0.2937408262173393,0.11053351647467172,1.538461538461539,0.5979429689102463,2616.0842670440525,0.8249315885575037,0.019599364514988366,0.45524908168264344,0.06057104455955656,0.46458050924281163,0.09500991704704631,4.0,2.1052631578947385,0.38333333333333347,0.07637626158259668,0.19924242151981736,7.1158361288554595,6.839141176129502,4.966842876020295,13.648871911313547
12_looking_at_phone,WALKING__12_looking_at_phone,WALKING,1,7,15.0,17.0,40,0.11150784725749124,18.080138796764157,0.5430000000000001,75.52,1.8779487179487295,7.36000000000042,2.000000000000001,0.46266139694858704,4.8021326750719595,0.401791201131719,1.012,0.992,0.13249999999999984,1.1383,1.1658499999999996,0.0819,0.15099999999999994,0.17819999999999975,0.11075716681100145,1.7679771067331833,4.6760000000001,5.321999999999928,0.1794871794871795,0.07692307692307693,3.2281431396880245,1.8066993962364837,5.672728190577075,6.8504577985310675,8.139729725243187,0.1282051282051282,488.9410916578073,766.0755281253827,38.74375,61.30500000000001,68.2695,0.20084076225907496,162.1422997702927,0.31597931368116267,0.22996829696921234,2.051282051282052,0.5227976108405625,1329.6327859347082,0.7826472425150568,0.028573091914474266,0.4824732291647775,0.06245765559763841,0.4264960233231098,0.05564068040737397,4.0,2.1052631578947385,0.566666666666667,0.10408329997330783,0.18367641171760193,6.611004908218909,6.44498556146129,3.659657792197748,12.058786565433627
12_looking_at_phone,WALKING__12_looking_at_phone,WALKING,1,8,17.0,19.0,40,0.12751749754244385,20.054343036244905,0.652,79.55,2.0487179487179454,8.699999999999875,1.5000000000000007,0.7715838367569058,6.333287730966164,0.3868928484658496,0.9995749999999999,1.0005,0.15224999999999989,1.1493,1.19085,0.09887499999999998,0.19049999999999995,0.20899999999999996,0.12591415726597227,1.737674155584164,4.171999999999943,5.5639999999999645,0.15384615384615385,0.10256410256410256,2.894217203979874,1.8275232324197517,5.003870660047499,5.79759459414487,9.184726452105018,0.10256410256410256,459.18236942007263,780.6859293826205,49.2165,79.222,88.64249999999998,-0.07732194411990521,157.26738230233755,0.3351537278826186,0.2851100457106097,1.538461538461539,0.7611770678328976,1607.1770509463108,0.7857059200083819,0.03833182558801858,0.47099528271627994,0.06985230114604854,0.420820590549653,0.14588166437260686,3.0,1.5789473684210538,0.5750000000000011,0.10606601717798364,0.18446263857040598,6.813049240958868,5.141802005925157,3.1412222581283493,9.714654753560854
12_looking_at_phone,WALKING__12_looking_at_phone,WALKING,1,9,19.0,21.0,40,0.11812796190832797,30.43625687083897,0.5559999999999999,107.12,1.8533333333333344,7.119999999999896,1.5000000000000007,0.7076488161806523,4.332023042886333,0.4746736212786725,1.0267,1.017,0.13050000000000017,1.1356000000000002,1.2707,0.08660000000000001,0.22920000000000004,0.2706999999999999,0.11965889018372182,1.8211987569402468,4.475999999999937,6.198000000000307,0.1794871794871795,0.07692307692307693,3.512179843137741,2.437468041511487,6.865503544412532,7.749394214027806,9.4310338775766,0.3076923076923077,514.8043834382887,1076.5631000818723,45.956,96.098,97.21799999999996,0.02928487573011406,257.6549732946271,0.273554268565738,0.24563711204281305,1.538461538461539,0.5246370000491728,2917.9147822389205,0.8104525265968725,0.031817098554401325,0.37397569444562423,0.07469385091539837,0.519513356084576,0.20395773897289424,4.0,2.1052631578947385,0.39999999999999974,0.1732050807568861,0.4330127018922155,6.741843340268274,7.4412792568157995,5.60412954022567,17.04343977173041
12_looking_at_phone,WALKING__12_looking_at_phone,WALKING,1,10,21.0,23.0,40,0.10058611567540855,24.542091001076667,0.6120000000000001,103.12,1.9082051282051258,10.839999999999847,2.000000000000001,0.24339006864445242,2.064433125816721,0.20020979631516742,1.00885,0.9984999999999999,0.08600000000000008,1.1034,1.11845,0.0643,0.12050000000000016,0.16500000000000004,0.09971434199752813,2.1692526869806854,3.4720000000000026,4.612000000000207,0.15384615384615385,0.05128205128205128,3.4802145369128596,2.717795954471372,6.052680834958181,9.444781186938357,11.628482274140342,0.15384615384615385,475.94664186421113,1020.3329650002956,48.215250000000005,81.147,87.26799999999999,0.16901631837203296,243.99084144251088,0.21356826526224662,0.35894573418146647,1.538461538461539,0.5046518291547497,4516.538678009697,0.9230723245396388,0.12260508254205658,0.1478061832264318,0.13991097719479062,0.5896777570367209,1.3794574786742926,3.0,1.5789473684210538,0.5749999999999993,0.035355339059330394,0.061487546190139894,7.172405503860285,7.02071471308211,6.862840829238412,13.086163355187761
12_looking_at_phone,WALKING__12_looking_at_phone,WALKING,1,11,23.0,25.0,40,0.08960870779572994,20.434021404736534,0.365,79.13,1.7015384615384552,5.139999999999925,1.5000000000000007,0.576699079786454,2.5709077227802264,0.38739519305043346,1.01085,1.015,0.1282500000000001,1.1241,1.1448999999999998,0.07294999999999999,0.14549999999999993,0.16264999999999988,0.0891442650987712,1.353034675833568,3.4119999999999506,4.719999999999933,0.1794871794871795,0.05128205128205128,2.6948843465478434,1.628101380447098,5.069578475647332,5.564745577685852,7.25228239935529,0.1282051282051282,418.699538887504,818.7362838602717,44.975,76.344,80.2265,0.07992792892210307,228.036112866592,0.34903910805083743,0.16455793635880184,1.538461538461539,0.6884704120197576,1429.0234978033566,0.7443615396048281,0.01852406720849791,0.43721822929013077,0.07223493592773456,0.4720227675736368,0.16068300259834253,2.0,1.0526315789473693,0.8000000000000007,0.0,0.0,5.548899634843096,5.13551413061936,3.9720077172973935,10.420749467285185
12_looking_at_phone,WALKING__12_looking_at_phone,WALKING,1,12,25.0,27.0,40,0.10753269926053383,21.074826495012285,0.4750000000000001,78.46000000000001,2.173846153846155,8.159999999999885,1.5000000000000007,0.6051291519455033,3.040063783436428,0.4041153199404014,1.027725,1.023,0.15225,1.1595,1.2131999999999998,0.086325,0.15949999999999995,0.21319999999999995,0.10974003371605096,1.963960305345215,4.783999999999934,5.775999999999965,0.2564102564102564,0.07692307692307693,3.340072215082918,1.923409707587671,6.137580440118633,6.306943269256881,8.216690331270742,0.23076923076923078,498.9900648431007,912.7285878473182,40.686,63.883,74.15249999999999,-0.016781084071494482,195.9852829877495,0.4111650465663003,0.2108953155319769,1.538461538461539,0.511681457264788,1798.4046142986538,0.8490047030034391,0.05234390262704764,0.36277829857069743,0.07291428149778409,0.511963517304471,0.2380499978424703,3.0,1.5789473684210538,0.5499999999999989,0.07071067811865324,0.12856486930664252,7.150441312419393,6.017730522826911,3.8347007153566586,11.162134960613018
12_looking_at_phone,WALKING__12_looking_at_phone,WALKING,1,13,27.0,29.0,40,0.09687278202589154,22.47626729977131,0.46099999999999997,80.80000000000001,1.6405128205128139,7.939999999999888,1.5000000000000007,0.8044130903816963,1.5642195095473705,0.30369799947594067,1.00735,1.003,0.09875000000000012,1.1405,1.1803,0.07144999999999999,0.15930000000000005,0.1865499999999999,0.09593617670097136,1.7472895532011727,4.359999999999939,4.989999999999927,0.1794871794871795,0.05128205128205128,2.6241050851185586,1.8231900006938346,5.200781517991776,5.738111825484419,8.440734565190281,0.1282051282051282,341.1124592666928,603.2018165500684,40.53675,72.81200000000001,81.14899999999999,0.09606229665523894,232.01839391547563,0.30696690340837207,0.14828321935531966,1.538461538461539,0.7044488952711034,1849.352362932043,0.8199950127177311,0.017320316865791437,0.2064880102708085,0.23913781726297653,0.5370538556004236,1.2339499409828918,3.0,1.5789473684210538,0.5749999999999993,0.10606601717798111,0.18446263857040215,6.107054275729851,5.054306399231191,3.6901458260002613,10.059527669556799
13_sensor_hand_in_pocket,WALKING__13_sensor_hand_in_pocket,WALKING,1,0,1.0,3.0,40,0.17156069233319782,26.52647943504657,0.6910000000000001,119.82,2.327179487179486,8.859999999999953,1.5,0.6921296447085171,16.631454233406284,0.31495573801935817,1.021175,0.9815,0.2410000000000001,1.2289,1.3371499999999996,0.135425,0.22890000000000013,0.3371499999999997,0.17072089795921294,2.03329904176743,4.751999999999999,6.906000000000022,0.28205128205128205,0.10256410256410256,4.200859962404021,2.9877444734789975,7.553218679436177,8.905572900168972,16.621540241505883,0.28205128205128205,1037.5593696254882,1747.0128866104644,56.276250000000005,91.068,100.07149999999999,-0.12673214783901204,154.61863130936766,0.11332035943624048,0.24902056364899056,1.5384615384615383,0.3268725044074783,3795.5076277477106,0.6776849891264287,0.03912798584930174,0.5345685433501595,0.1555351268769189,0.2707683439236198,0.2295530735106386,4.0,2.1052631578947367,0.4000000000000001,0.19999999999999996,0.4999999999999998,7.9426053621802915,8.481878575648524,7.5168682411759535,17.68884779872104
13_sensor_hand_in_pocket,WALKING__13_sensor_hand_in_pocket,WALKING,1,1,3.0,5.0,40,0.16739015533347265,29.854708253000812,0.788,124.69999999999999,2.515897435897436,11.360000000000039,1.5,0.5146331181102503,14.225673172378146,0.5107828454597174,1.01685,0.9624999999999999,0.20699999999999985,1.2451,1.29715,0.13330000000000003,0.28340000000000004,0.29714999999999997,0.16614120500345483,2.1314594924959662,4.883999999999984,5.414000000000016,0.3076923076923077,0.10256410256410256,4.325269526056907,2.5121059395171277,7.077154985702714,9.784124010077356,12.463755453313462,0.2564102564102564,920.2349537026754,1638.47728654304,57.7105,96.41200000000002,113.92699999999992,0.039099341985347466,178.3540268155234,0.4727601916196182,0.16803350825556088,1.5384615384615383,0.41721949242187767,2454.9832148042838,0.6920964041703103,0.011578848190775946,0.6181585152666493,0.05231308822552261,0.31794954831705213,0.09434828002519971,3.0,1.5789473684210524,0.55,3.1401849173675503e-16,5.709427122486455e-16,10.762766635004771,8.827440625697534,5.958027764557537,17.031986940569666
13_sensor_hand_in_pocket,WALKING__13_sensor_hand_in_pocket,WALKING,1,2,5.0,7.0,40,0.1731788000734264,34.63464133656967,0.671,117.47,2.3661538461538463,8.540000000000031,2.0,0.5675990264383945,16.95554604773845,0.5262741526547404,1.0177749999999999,0.9895,0.24624999999999997,1.2619,1.2855499999999997,0.135725,0.2618999999999999,0.2855499999999997,0.17192171183419505,1.7361127409798942,4.843999999999949,5.314000000000021,0.28205128205128205,0.10256410256410256,4.612259031820715,2.30683879340116,8.537783887457305,8.767177797751774,8.919865469837566,0.358974358974359,986.0788720197996,1486.2256999475,69.268,123.212,130.10949999999997,0.11180250112329432,199.99354032875195,0.26261374848445224,0.1065709597583605,2.564102564102564,0.3737771327817243,2322.943568274821,0.6828599100781109,0.03283249064587912,0.6578981532112806,0.06571924516875376,0.24355011097408638,0.03274417113763995,4.0,2.1052631578947363,0.5,0.09999999999999964,0.1999999999999993,8.13319910452751,10.212587866136804,6.325918075413635,18.711954884409913
13_sensor_hand_in_pocket,WALKING__13_sensor_hand_in_pocket,WALKING,1,3,7.0,9.0,40,0.18353315741793055,27.121593043749648,0.7140000000000001,113.48,2.3102564102564145,10.90000000000004,1.5000000000000007,0.6449789383664315,16.869516070210743,0.45001236495720703,1.0078749999999999,0.957,0.25775000000000003,1.2651999999999999,1.2794999999999994,0.149975,0.2669999999999999,0.2794999999999994,0.1813954933288035,2.186922239105012,4.295999999999941,6.306000000000033,0.28205128205128205,0.10256410256410256,4.0650726170338425,2.6010554543524003,7.052466642252797,9.738430475009917,11.417074931872918,0.2564102564102564,975.0281225895701,1632.2711073214484,54.944,96.616,100.3775,0.3115887575001126,147.7748948762975,0.1947343837610428,0.31694426770986617,1.538461538461539,0.31128799667158785,3376.508351724652,0.7106299260676926,0.06055768532508849,0.5646987578019108,0.12356661425986785,0.2511769426131328,0.18358572548837276,3.0,1.578947368421053,0.6000000000000001,0.3535533905932744,0.5892556509887906,8.132024404081045,7.878235942545448,6.887277423519555,17.08337475110683
13_sensor_hand_in_pocket,WALKING__13_sensor_hand_in_pocket,WALKING,1,4,9.0,11.0,40,0.18840231774936672,21.241868181639624,0.784,83.45,2.693846153846154,10.020000000000213,1.5000000000000007,0.6038464328063164,14.652246721851212,0.5063109743478017,1.04595,0.9875,0.18600000000000017,1.33,1.4106999999999996,0.1383,0.3300000000000001,0.4106999999999997,0.19162319796934818,2.589188671323241,6.379999999999908,7.6000000000001675,0.3333333333333333,0.1794871794871795,4.507010639676874,3.392982497433185,10.357212245294686,11.463455156672516,13.758851696271554,0.2564102564102564,839.4876508190488,1509.29846093681,51.769499999999994,77.927,82.33399999999996,-0.041069038896544986,112.7473824918538,0.31435175753699246,0.21586684635292339,1.538461538461539,0.5121668312026948,5693.216227108473,0.7647522852224831,0.06548722679278013,0.47706911364726307,0.03158593356025866,0.42585772599969807,0.03523525431272495,4.0,2.1052631578947385,0.35000000000000026,0.2179449471770331,0.622699849077237,9.371296167851728,9.142443107647967,7.078121228605301,19.75832009778927
13_sensor_hand_in_pocket,WALKING__13_sensor_hand_in_pocket,WALKING,1,5,11.0,13.0,40,0.1637987645142974,28.260291112832707,0.6539999999999999,103.99,2.141538461538463,9.099999999999872,1.5000000000000007,0.5029251399516039,12.619226450518415,0.3251966826787478,1.004375,0.959,0.12175000000000002,1.2662,1.36305,0.122775,0.26619999999999994,0.36305,0.161797481438989,2.4012557443549456,5.084000000000072,7.958000000000169,0.2564102564102564,0.1282051282051282,4.011340694987995,2.652795384220612,8.4501819506255,9.344990116252976,10.3847195436374,0.28205128205128205,919.9802393199955,1564.0374806430755,54.92975,102.08300000000001,117.82999999999998,0.03886995908794032,172.5305511102678,0.2088732524022199,0.3710171137045756,1.538461538461539,0.5414825643095871,3864.938980165305,0.7780212198187884,0.030350730146285126,0.39899909449111737,0.265276623797213,0.30537355156538476,0.20415478868872208,3.0,1.5789473684210538,0.6749999999999998,0.17677669529663814,0.26189140043946396,9.290014645483845,8.011811011608922,5.627711072572085,14.133378278147998
13_sensor_hand_in_pocket,WALKING__13_sensor_hand_in_pocket,WALKING,1,6,13.0,15.0,40,0.18779314690808346,28.039906136680383,0.729,103.05,2.465128205128207,7.439999999999894,1.5000000000000007,0.547298763175719,15.861583104330794,0.46396907228206663,1.030125,0.988,0.29500000000000004,1.3266,1.3812,0.150175,0.33830000000000005,0.3812,0.1878619839137232,2.203598578157379,6.46000000000014,6.961999999999903,0.3333333333333333,0.15384615384615385,4.217830457636831,2.363656528362126,7.908360020727327,8.269758579348258,8.63156996148429,0.28205128205128205,869.8461033398082,1386.3096411071172,60.0835,98.989,102.02499999999998,0.019380240812418403,149.31272305908314,0.31341279210005607,0.20720239312162642,2.051282051282052,0.4343801076986144,2606.126495759233,0.7790646618856218,0.09609651880053088,0.4648122764233349,0.06748187187739615,0.3716093328987381,0.10753161779075678,4.0,2.1052631578947385,0.5166666666666669,0.24664414311581281,0.4773757608693149,7.9908989960857255,8.477339569803007,5.374018710744789,15.121037595816636
13_sensor_hand_in_pocket,WALKING__13_sensor_hand_in_pocket,WALKING,1,7,15.0,17.0,40,0.21713775463327306,28.041207859240444,1.054,113.09,3.3025641025641015,14.800000000000317,2.000000000000001,0.46727876156345666,19.899198338661996,0.49178433943487837,1.014625,0.947,0.20675,1.249,1.4285499999999995,0.156725,0.28970000000000007,0.42854999999999943,0.21490457184527276,3.3125826448071622,7.796000000000019,9.445999999999868,0.358974358974359,0.2564102564102564,5.088753760928866,3.2496170675808154,8.532780262021236,11.851550874316215,14.903435845468973,0.41025641025641024,1030.4696053345847,1739.1911941472847,64.24949999999998,105.901,113.55499999999996,-0.15324196820886277,129.1401760444637,0.3305429565654563,0.2594376947170931,1.538461538461539,0.507332535746715,4603.415263505926,0.8065280247523209,0.058030370530752336,0.46310277408115846,0.05261552893826638,0.42625132644982305,0.05574864872576298,4.0,2.1052631578947385,0.5500000000000002,0.13228756555322874,0.24052284646041583,9.757650409640194,9.469127879909388,6.322690430532434,19.74200789874106
13_sensor_hand_in_pocket,WALKING__13_sensor_hand_in_pocket,WALKING,1,8,17.0,19.0,40,0.1322834078786905,37.54990177101427,0.52,168.84,1.6717948717948663,6.039999999999915,1.5000000000000007,0.5680086190204393,9.87069974249636,0.5275153266044122,1.01265,0.9724999999999999,0.1984999999999999,1.1964,1.2042,0.10769999999999999,0.20009999999999997,0.21844999999999984,0.13123052236427316,1.3642944422800163,3.1840000000001796,3.675999999999949,0.23076923076923078,0.02564102564102564,3.2861286441490516,2.1228021626714506,6.072314924239887,7.2083689008007985,8.802681409661364,0.23076923076923078,847.3048058181228,1484.8024032407736,74.08475,113.51500000000001,131.45599999999988,-0.15528109551468497,283.85949812730195,0.3289809146366573,0.2001044825877041,1.538461538461539,0.3884753765521129,1663.6572608542483,0.6406798583961827,0.02608429833819901,0.6562925957207805,0.1409518775902402,0.17667122835078025,0.09923710773214696,4.0,2.1052631578947385,0.39999999999999974,0.2598076211353312,0.6495190528383283,7.045042481839199,7.529041381648162,5.513434484866862,15.771313388612638
13_sensor_hand_in_pocket,WALKING__13_sensor_hand_in_pocket,WALKING,1,9,19.0,21.0,40,0.16834359704683355,27.72930097041201,0.7140000000000001,129.8,2.392820512820509,8.71999999999988,1.5000000000000007,0.5635212623698485,12.499756961954557,0.37879696331060553,1.02385,0.9655,0.251,1.2586,1.3114,0.1367,0.25859999999999994,0.3113999999999999,0.1679282584915356,2.356717106393572,7.204000000000303,7.887999999999888,0.2564102564102564,0.1282051282051282,4.439725651569945,3.1838234603468036,10.037427966855343,10.55402460963596,11.937202352310022,0.2564102564102564,1104.0540087069603,1844.6807164189552,56.319,93.38000000000001,99.62599999999998,0.006294968793431384,164.71847730981807,0.33482631964234605,0.1861812957344006,2.051282051282052,0.3647483908892023,4483.518598139189,0.7843700544546978,0.1582679780882959,0.4185173613304336,0.038629828196185566,0.3845848323850848,0.055138653899611416,4.0,2.1052631578947385,0.5500000000000007,0.05000000000000071,0.09090909090909208,10.540411412464058,9.637405449083698,7.173142563441486,18.171386881011454
13_sensor_hand_in_pocket,WALKING__13_sensor_hand_in_pocket,WALKING,1,10,21.0,23.0,40,0.18982500544529873,35.08442801538407,0.8779999999999999,150.69,2.2266666666666604,10.059999999999855,1.5000000000000007,0.4373694921407714,21.074283489184406,0.4342218433253884,1.0094249999999998,0.9535,0.249,1.3036,1.3430499999999999,0.149675,0.3365000000000001,0.38469999999999976,0.18767398594371038,2.4075422424378567,5.280000000000006,6.135999999999918,0.20512820512820512,0.15384615384615385,4.317624115928702,2.6265424428147517,7.174201115978901,10.032405703268061,12.21986906640148,0.3333333333333333,1172.6052515118015,2119.569973544037,88.20925000000001,127.40100000000001,148.7385,0.06513291118352252,184.82511265089488,0.2683211395133553,0.2308571133677094,1.538461538461539,0.666730326895633,1926.4453252051762,0.7381548298894829,0.09429370224880597,0.5738239986148366,0.10871514697270408,0.22316715216365338,0.036710905971432665,3.0,1.5789473684210538,0.6999999999999993,0.07071067811865576,0.10101525445522262,8.270165742940689,10.04753478128517,6.803650195589831,17.433292116185164
13_sensor_hand_in_pocket,WALKING__13_sensor_hand_in_pocket,WALKING,1,11,23.0,25.0,40,0.16644265201641198,37.06448981254298,0.647,159.96,2.2907692307692296,7.079999999999899,1.5000000000000007,0.7950364861504193,12.937403460437766,0.49930941868977097,1.0206500000000003,0.9744999999999999,0.1975,1.2545,1.3348,0.12890000000000001,0.25449999999999995,0.33479999999999993,0.16564117845511725,1.7583296269252422,4.967999999999931,5.798000000000281,0.20512820512820512,0.10256410256410256,4.106983008723041,2.2420463636477237,7.107721784558444,7.324632611808767,10.175893081199165,0.3333333333333333,1112.2334622006654,2450.6889404960707,69.73275000000001,99.53200000000001,164.874,-0.21669424520561112,222.6862487680637,0.10027107742047817,0.11864984768080038,1.538461538461539,0.5352202160805394,2484.4185475727554,0.6659742095951602,0.02532080110278482,0.5532978403972801,0.1730947059908756,0.24828665250905962,0.2784922435945888,4.0,2.1052631578947385,0.45000000000000046,0.21794494717703147,0.4843221048378472,7.832373884342189,8.941205284620745,6.043805496306269,19.08907552030313
13_sensor_hand_in_pocket,WALKING__13_sensor_hand_in_pocket,WALKING,1,12,25.0,27.0,40,0.18748523189704086,36.107591288451324,0.876,137.99,2.65692307692309,12.15999999999983,1.5000000000000007,0.7440892422407279,17.75181441885863,0.4515992189748645,1.032575,0.992,0.25825,1.2661,1.3420999999999998,0.144875,0.3132000000000001,0.34209999999999996,0.18797094190326336,2.497352444243571,5.6399999999999215,6.494000000000371,0.38461538461538464,0.15384615384615385,4.561495592240665,2.9778248884431937,9.360383102747004,10.708575585817535,13.931618714277047,0.358974358974359,1109.4692090283825,2240.5933800561384,67.85525,115.235,119.82599999999992,-0.0408438965180689,192.58898913318208,0.1735669106214489,0.293207294745527,0.512820512820513,0.35530594274320115,2733.935828893073,0.6714426194039963,0.06120903033091137,0.5972478756443336,0.07991646264693873,0.26162663137781617,0.07051516982755966,2.0,1.0526315789473693,1.1499999999999986,0.0,0.0,10.7895575901953,9.517257849627779,6.818268856320304,17.828593082455036
13_sensor_hand_in_pocket,WALKING__13_sensor_hand_in_pocket,WALKING,1,13,27.0,29.0,40,0.14888319290035773,34.61616436928023,0.624,146.92,2.1456410256410186,10.999999999999842,1.5000000000000007,0.8584990513584836,9.856924284182563,0.43942759941791726,1.0185,0.982,0.22824999999999995,1.2043,1.2851499999999998,0.11850000000000001,0.2043,0.28514999999999985,0.14816983498674757,2.1430276109818056,4.41199999999994,5.751999999999921,0.23076923076923078,0.10256410256410256,3.653455720982392,2.2529477211329993,6.398541411608286,6.884380295663656,12.53783075336382,0.23076923076923078,988.9641284062807,1910.2419243507825,73.5145,113.19200000000002,141.23499999999999,-0.09249573368302062,232.50552124071925,0.24763906708576328,0.25719827145668417,1.538461538461539,0.44788118583509673,2458.9358884752246,0.6453902197084324,0.034472870579477156,0.5726341916403329,0.14407801976385223,0.24881491801633765,0.2519875669065528,3.0,1.5789473684210538,0.625,0.24748737341529264,0.3959797974644682,8.035561829499775,7.476840779436049,4.555274671427309,12.653225986334729
14_carrying_a_light_object,WALKING__14_carrying_a_light_object,WALKING,1,0,1.0,3.0,40,0.161833910981567,34.06299881403762,0.636,144.35,2.2466666666666653,8.039999999999958,1.5,0.6776830686857,14.974462368962293,0.32181260935314593,0.998875,0.978,0.2652500000000001,1.2241,1.2471500000000002,0.136525,0.2473000000000001,0.2591,0.15980214328975692,1.6218983895315084,4.123999999999979,4.662000000000016,0.3076923076923077,0.02564102564102564,3.5084853491533443,2.5099082161677186,7.772174940375037,9.3360556117106,10.52121665968346,0.1794871794871795,741.4063318478036,1381.0958656008593,64.172,98.12900000000002,123.31299999999992,0.47233774023529407,210.48121872255453,0.11467865183325633,0.24683517479040928,1.0256410256410255,0.2744747650629689,3666.001820261537,0.663887403312167,0.06843046913548967,0.5348114803803785,0.14573895533319645,0.25101909515093535,0.07190336263641195,3.0,1.5789473684210524,0.6000000000000001,0.5656854249492379,0.942809041582063,7.92634307858641,6.761386907708176,5.97288621086093,11.857631138940935
14_carrying_a_light_object,WALKING__14_carrying_a_light_object,WALKING,1,1,3.0,5.0,40,0.17104907078199696,36.48580349048317,0.786,145.35999999999999,2.3964102564102534,10.079999999999947,1.5,0.5326516321244694,13.428335594874738,0.4365964753978255,1.0109,0.9724999999999999,0.21799999999999997,1.2004000000000001,1.31905,0.1336,0.21570000000000006,0.31904999999999994,0.16924878138409152,2.1938376459378452,4.972000000000009,6.07600000000002,0.3076923076923077,0.10256410256410256,3.5575299894398404,2.6069746258592286,6.106707083104637,9.654181083485557,12.231402209068195,0.1794871794871795,727.283525073752,1112.1131701663473,59.477250000000005,110.08600000000001,121.01749999999998,0.012692890788986246,213.30606079108458,0.2561070942106867,0.21853147443867002,1.5384615384615383,0.6366071298192664,2570.4664772430183,0.793025557969417,0.11077205697371365,0.41051815291979965,0.07343876417926574,0.405271025927221,0.1137104491032209,3.0,1.5789473684210524,0.625,0.03535533905932725,0.0565685424949236,9.52076000624252,6.7841706901403676,4.568976566505303,10.203761681813571
14_carrying_a_light_object,WALKING__14_carrying_a_light_object,WALKING,1,2,5.0,7.0,40,0.17009281779859686,39.872897226928856,0.7409999999999999,146.57,2.594871794871796,8.580000000000032,1.5,0.39553170757590517,13.9078813612641,0.39759553069130155,1.0258500000000002,0.9824999999999999,0.22649999999999992,1.276,1.3147,0.13005000000000003,0.2760000000000001,0.31470000000000004,0.16993086829649284,2.327993117862497,5.63600000000002,8.34400000000003,0.358974358974359,0.15384615384615385,3.799079978878309,2.864392381830446,7.636218907584579,9.054939410985556,12.431781851367932,0.28205128205128205,835.0292402884297,1568.6164201942495,73.26275000000001,134.592,147.18299999999996,-0.05998962139946847,234.41846482984056,0.24255529371632908,0.19372150776198574,1.5384615384615383,0.35619811038991356,3305.5543634760297,0.8229362547289274,0.10950631506437758,0.4753087587121089,0.06578310445149115,0.34940182177202234,0.06757487657606452,4.0,2.1052631578947363,0.5,0.1802775637731997,0.3605551275463994,8.215767007311596,6.843409583237401,5.958567625018784,13.64773172585767
14_carrying_a_light_object,WALKING__14_carrying_a_light_object,WALKING,1,3,7.0,9.0,40,0.11432392126916822,29.095032437928346,0.516,114.86,1.8753846153846103,7.459999999999896,1.5000000000000007,0.4000348498413024,5.519738761025685,0.3580652363101606,0.9837,0.9555,0.14075000000000004,1.114,1.2083499999999998,0.09179999999999999,0.15670000000000006,0.20834999999999987,0.11405656491408112,1.8059111217767665,4.072000000000001,5.817999999999919,0.20512820512820512,0.07692307692307693,2.794759843307839,1.9709534114972413,5.19688935244568,6.32836120314609,9.702309003530928,0.1282051282051282,655.1298477964972,1035.4853524020887,54.859500000000004,93.91300000000001,108.5945,-0.15672570283256818,254.49645284144853,0.3837372858310647,0.20528530435605497,1.538461538461539,0.5691529022371414,1969.6166868854757,0.8543167085192196,0.15567525418031694,0.3485542674361389,0.11495393822085566,0.3808165401626885,0.1536098647791827,3.0,1.578947368421053,0.5750000000000002,0.03535533905932788,0.061487546190135425,7.266495582854724,5.405892116663444,3.2600398326924878,9.411719416282148
14_carrying_a_light_object,WALKING__14_carrying_a_light_object,WALKING,1,4,9.0,11.0,40,0.14248782224169015,32.33726582383765,0.5220000000000001,140.86,2.230769230769224,5.719999999999919,1.5000000000000007,0.3471065796949215,8.651989542003905,0.3746128735183914,1.0307,1.0274999999999999,0.20599999999999996,1.2253000000000003,1.2884,0.11800000000000002,0.22530000000000017,0.2884,0.14400590265680085,1.7393395368045466,5.059999999999967,5.417999999999924,0.3333333333333333,0.10256410256410256,3.2443180922231933,2.214031833927304,6.403726028733976,8.040157285416898,8.800659066228947,0.20512820512820512,724.4108686812659,1207.3430588196666,67.84675,103.58200000000002,136.565,0.0032526670177603838,226.94757569518222,0.2755768944561189,0.17748267153658315,1.025641025641026,0.40539276289734094,2261.1640441727204,0.790582751994621,0.19973612640144717,0.3562624390902934,0.03759344932214929,0.40640798518611,0.14732904208576128,4.0,2.1052631578947385,0.5666666666666664,0.05773502691896237,0.10188534162169835,6.31219167613476,5.857110818857554,5.121792616482744,12.025285032120504
14_carrying_a_light_object,WALKING__14_carrying_a_light_object,WALKING,1,5,11.0,13.0,40,0.10646265747151645,29.949279935481687,0.40400000000000014,122.58999999999999,1.6158974358974425,3.880000000000086,1.5000000000000007,0.5041797560494513,5.7069746981724725,0.42119159094158515,1.0176,1.0085,0.15799999999999992,1.15,1.2451,0.08695,0.1617000000000001,0.2451000000000001,0.10658658452169299,1.196355689823151,3.5319999999999756,3.6219999999999617,0.1794871794871795,0.0,2.511828910679737,1.5451035173587626,4.848926326530115,5.790134550158772,6.518005830006738,0.07692307692307693,617.3502091197157,1216.7529112327022,56.81425,92.679,110.7885,0.2298971700047689,281.3125338665763,0.4208797274021857,0.23475895588960577,2.051282051282052,0.48495741074434534,781.3983599662242,0.748924607972668,0.1658221072256018,0.47735058259281343,0.04063747301263037,0.31618983716895466,0.04565910208399133,4.0,2.1052631578947385,0.5,0.15000000000000036,0.3000000000000007,5.342460662552016,4.76439476403153,3.5567718438859424,9.427934473573218
14_carrying_a_light_object,WALKING__14_carrying_a_light_object,WALKING,1,6,13.0,15.0,40,0.14034535928129177,40.61246546983403,0.542,143.88,2.112307692307696,7.339999999999896,1.5000000000000007,0.5257550627436804,8.390728805088216,0.43504057533822243,1.022525,0.988,0.1572500000000001,1.2408000000000001,1.3012,0.106775,0.24080000000000015,0.30119999999999997,0.1403986289106842,1.8939939164278266,5.303999999999965,5.56200000000012,0.23076923076923078,0.1282051282051282,2.875694712630045,2.0929481653645965,6.068996728148631,7.008369727150873,8.332250596327677,0.15384615384615385,676.5865606114783,1134.6245949722895,73.2335,129.525,140.00099999999998,0.10558312742001778,289.37519329324715,0.32976443827763335,0.3895248765522994,1.538461538461539,0.44453119807666025,1467.0262137463724,0.8151939298505352,0.03680485972373786,0.46038625028161884,0.07964696544033897,0.42316192455430435,0.011446602476638078,3.0,1.5789473684210538,0.5999999999999996,0.141421356237309,0.23570226039551515,6.532329419009126,4.664604258015128,3.5023056463630207,10.246674564574942
14_carrying_a_light_object,WALKING__14_carrying_a_light_object,WALKING,1,7,15.0,17.0,40,0.1322984097817099,32.38357600500282,0.5369999999999999,143.15,2.214871794871796,8.699999999999877,1.5000000000000007,0.6420840360200063,5.926364057271005,0.37037424926228213,1.01355,0.988,0.15375000000000005,1.2125,1.2507,0.10234999999999998,0.21250000000000002,0.2507,0.13133506767044362,2.2061240979968533,4.6840000000002,6.513999999999911,0.2564102564102564,0.10256410256410256,3.433448298081887,3.0863906640858567,8.154028948199462,9.762256729484644,13.454590294765383,0.20512820512820512,791.5970227199128,1393.4446539753346,60.42,94.74700000000001,116.75199999999991,0.17561663771510475,244.77675928558148,0.3325676595233039,0.23556543988091994,1.538461538461539,0.49126317126137153,4666.049957564691,0.8192759631809856,0.07980244017324062,0.3677187219545898,0.06390700863487173,0.48857182923729764,0.0481548109583878,3.0,1.5789473684210538,0.5249999999999995,0.03535533905932662,0.067343502970146,6.560925849586916,6.812702539697425,6.829357012576615,17.71465827158147
14_carrying_a_light_object,WALKING__14_carrying_a_light_object,WALKING,1,8,17.0,19.0,40,0.14585858975435148,30.89488441494515,0.629,144.01999999999998,2.2497435897435953,8.859999999999875,1.5000000000000007,0.6007044836516857,8.282841283193822,0.3607560866727154,1.0047000000000001,0.9764999999999999,0.17100000000000004,1.2281,1.2733499999999998,0.1122,0.22810000000000002,0.27334999999999965,0.14410048577294943,2.1458742386992546,6.156000000000003,6.471999999999908,0.23076923076923078,0.1282051282051282,3.235591052839515,2.326238611853747,6.750675508432316,8.027262385166113,9.675432806856618,0.1794871794871795,724.635491663019,1263.9204768526945,56.00875,92.09700000000001,113.60199999999998,-0.04678529089952449,211.81395258912713,0.27698067412795047,0.18471877794887814,1.538461538461539,0.6362709000854707,2243.026896363601,0.8267127709586928,0.08760808981176346,0.33932246384238646,0.12389627827783987,0.44917316806801016,0.11224185548581571,3.0,1.5789473684210538,0.5999999999999996,0.141421356237309,0.23570226039551515,7.273889605025342,5.732309952058695,3.8050444356785817,10.581410445740573
14_carrying_a_light_object,WALKING__14_carrying_a_light_object,WALKING,1,9,19.0,21.0,40,0.13457556975305351,34.704316941253495,0.595,123.28999999999999,2.1092307692307677,8.759999999999874,1.5000000000000007,0.548190150507878,7.481558239027219,0.3577498757544063,1.0043250000000001,0.969,0.18049999999999988,1.1718,1.2203499999999998,0.110025,0.18890000000000007,0.22034999999999982,0.13295309323216212,1.8400734891150592,4.651999999999934,4.885999999999929,0.28205128205128205,0.05128205128205128,3.0355554452177484,2.0976021549764146,5.670977974629778,5.979141583460261,10.818410234410448,0.23076923076923078,670.131932802736,1167.0506987925673,62.379,109.94700000000002,122.20399999999998,0.2727066724398892,257.8797697452517,0.2399096963167865,0.22741900211601512,1.538461538461539,0.7320557710708143,1761.2138515713225,0.7853268205666367,0.07588067741987012,0.36530535424087474,0.14802308559411612,0.4107908827451389,0.052411330418512155,3.0,1.5789473684210538,0.625,0.10606601717798111,0.16970562748476978,7.33408326012384,5.553071413548224,4.034696991958706,11.819301688379918
14_carrying_a_light_object,WALKING__14_carrying_a_light_object,WALKING,1,10,21.0,23.0,40,0.1306822702941404,32.89917401250566,0.497,141.68,2.074358974358973,6.319999999999909,1.5000000000000007,0.6627637334040731,7.741221438476369,0.5762715474811716,1.019125,0.998,0.19225000000000014,1.2107999999999999,1.25925,0.10662500000000001,0.2108,0.25924999999999987,0.1304479781368803,1.671469247905456,4.487999999999937,5.622000000000279,0.2564102564102564,0.07692307692307693,2.9329858502731234,2.202205629302547,6.005372186897828,6.772857816680763,10.304562096469555,0.1282051282051282,635.1606387851671,1060.3685553876412,61.47175,106.091,122.08999999999999,-0.004180480377102082,251.74933017658793,0.32373967291604766,0.22176947201775293,1.538461538461539,0.6262146315806808,1687.9008137700287,0.7191042996411371,0.04303619902863852,0.5204754149255192,0.0433346850822412,0.39315370096360125,0.028289316670490647,5.0,2.631578947368423,0.4249999999999998,0.15545631755148112,0.3657795707093675,5.012448068700634,5.2439990828802765,5.021536252501885,12.697598527757819
14_carrying_a_light_object,WALKING__14_carrying_a_light_object,WALKING,1,11,23.0,25.0,40,0.12966041445608248,29.135557128132405,0.5930000000000001,118.78999999999999,1.8430769230769368,8.120000000000465,1.5000000000000007,0.48894890978530964,8.504061736868136,0.35857919586810966,1.0221500000000003,0.996,0.15174999999999983,1.2000000000000002,1.2156999999999998,0.09589999999999999,0.2000000000000001,0.2156999999999997,0.12993132801599466,1.7545222079351923,3.5199999999999516,5.809999999999919,0.15384615384615385,0.07692307692307693,2.893448265840866,2.0605155728297193,5.5059677036452666,6.823110228288998,8.956360868120361,0.1282051282051282,576.3079745650215,1026.1144430148433,69.68675,106.93700000000001,123.63199999999996,-0.31477300801135233,224.70664813431523,0.30503854042712425,0.3551539790846257,1.538461538461539,0.5477615727525725,1566.1411874325288,0.7413089062491757,0.19086116229838548,0.48664216471740696,0.01444164886022416,0.30805502412398345,0.031209887579377784,3.0,1.5789473684210538,0.6000000000000014,0.07071067811865576,0.11785113019775934,6.119589614805572,5.483422284393434,4.001446581903978,10.413907211405688
14_carrying_a_light_object,WALKING__14_carrying_a_light_object,WALKING,1,12,25.0,27.0,40,0.14959944595742736,37.132081242988484,0.643,138.55,2.2492307692307776,7.519999999999896,1.5000000000000007,0.43524222298482484,11.044407315272613,0.44763760937932456,1.000575,0.977,0.1832499999999999,1.1674,1.33375,0.11392499999999998,0.20249999999999999,0.33374999999999994,0.14771873611698685,1.998593432517486,5.20800000000002,6.4219999999999136,0.28205128205128205,0.10256410256410256,3.3244281445653687,2.1563402411520833,7.21090866646517,7.6102080015788385,8.166370062640937,0.23076923076923078,715.4883713433577,1220.7884857227884,70.273,119.25500000000001,141.73299999999998,0.040494854175324016,248.21001846193627,0.32449409534587803,0.29799478688162867,1.538461538461539,0.5869114988196588,2323.4599269029027,0.7936339106713332,0.05882441322199708,0.5064230383205747,0.10570621873368985,0.32904632972373865,0.028174019682612194,4.0,2.1052631578947385,0.4166666666666667,0.1755942292142131,0.42142615011411144,7.020173344726416,6.029825573717637,4.385215566637627,11.859969346152365
14_carrying_a_light_object,WALKING__14_carrying_a_light_object,WALKING,1,13,27.0,29.0,40,0.14948638348075,38.64997402394059,0.6449999999999999,145.26000000000002,2.145641025641029,8.080000000000458,1.5000000000000007,0.6288875953494414,11.744193476570281,0.3558974130809205,1.016225,0.9944999999999999,0.17849999999999988,1.2316,1.2676499999999997,0.11332500000000001,0.23160000000000003,0.2676499999999998,0.14849503358698568,1.972916349057384,5.04799999999993,6.853999999999906,0.1794871794871795,0.10256410256410256,3.0037011829333813,2.3440236938701675,5.810991294984312,8.319290568791768,10.859944751240526,0.15384615384615385,645.2117372180652,1125.0440800711763,58.56949999999999,121.027,129.91749999999993,0.19470285782356306,258.55180334145757,0.14050028874782722,0.10172264673089727,1.538461538461539,0.43489160030584495,2225.9650062134856,0.7281011488118047,0.10146853055874021,0.5436088861243898,0.14237972715165925,0.21254285616521082,0.1410375459445085,3.0,1.5789473684210538,0.34999999999999964,0.141421356237309,0.4040610178208833,7.023559357616603,5.304166851165515,4.026376205459849,8.88139671182701
15_frequent_gentle_turns,WALKING__15_frequent_gentle_turns,WALKING,1,0,1.0,3.0,40,0.11216173932866218,22.31828590858706,0.45799999999999996,98.74,1.5902564102564103,5.319999999999998,1.5,0.6580088230600911,6.651439901669952,0.42389260358582864,1.001275,0.987,0.14249999999999996,1.1175000000000002,1.2381,0.08612499999999998,0.16250000000000006,0.23809999999999992,0.11075818254196841,1.4285721380372252,3.9119999999999924,4.176000000000015,0.1794871794871795,0.05128205128205128,2.580287475993239,1.813140232536862,5.634114238575153,6.049528605019587,7.614433662459731,0.1282051282051282,509.18168986573886,917.2495596502908,34.8575,66.31700000000001,75.56799999999996,-0.016847200149515757,198.98305823511578,0.4058086258814998,0.03841900791812645,1.5384615384615383,0.6489160246162852,1510.840452059205,0.664691149209954,0.03901631512199996,0.5036926370424186,0.15497498232146595,0.3023160655141154,0.326022381398913,3.0,1.5789473684210524,0.6499999999999999,0.0,0.0,5.619823434359215,5.095339352157899,3.805246409279951,10.035581989394334
15_frequent_gentle_turns,WALKING__15_frequent_gentle_turns,WALKING,1,1,3.0,5.0,40,0.10163736126606301,31.279223995841893,0.41100000000000014,131.96,1.2523076923076932,5.160000000000016,1.5,0.7306719511777304,6.725645259845209,0.5325196358507105,0.9995249999999999,0.9904999999999999,0.13149999999999995,1.1291000000000002,1.19505,0.081525,0.17410000000000006,0.1950499999999999,0.10035997708250038,1.128917650109497,3.020000000000011,3.164000000000008,0.1282051282051282,0.02564102564102564,2.264996657991301,1.4074184601251676,3.925108929074898,5.186860324484458,6.4648588538343414,0.07692307692307693,536.4314263325701,989.2436438864937,59.95225000000001,95.80800000000002,122.11399999999996,0.03468867278447458,307.75320813337675,0.24818187803806224,0.08430608993373673,1.5384615384615383,0.7707223068086158,729.5096023326377,0.53329484947175,0.06767102220209859,0.7546350720037295,0.03801309212754332,0.1396808136666287,0.01704156921859494,4.0,2.1052631578947363,0.4000000000000001,0.13228756555322957,0.33071891388307384,4.267018992721289,4.696578338311378,3.549687985971509,8.766697392229123
15_frequent_gentle_turns,WALKING__15_frequent_gentle_turns,WALKING,1,2,5.0,7.0,40,0.14605861134735587,40.76166404091736,0.7710000000000001,164.55,1.8497435897435917,9.280000000000037,1.5,0.3760563411684633,11.162499058570711,0.24400842508506093,1.0226,1.0135,0.1825,1.1677,1.2006999999999999,0.1091,0.17130000000000006,0.2006999999999999,0.14598133442327482,1.6878567649061422,3.644000000000013,4.0600000000000165,0.1794871794871795,0.02564102564102564,2.6285858068940207,1.882680966181351,4.371352796775655,5.074222175075018,11.126059500110578,0.07692307692307693,580.4181965661262,924.1369615931819,69.806,117.733,136.9194999999999,0.22454444996359404,279.0774447661848,0.26704152685756877,0.16111386829285626,1.5384615384615383,0.46236229619214025,1351.3175733249013,0.8127384749249454,0.09081103481566698,0.4182062611567552,0.23874280613972335,0.2522398978878545,0.4036722880819826,3.0,1.5789473684210524,0.375,0.1767766952966369,0.47140452079103173,4.530645093860127,4.417723221160506,3.062363172883332,8.37931836769248
15_frequent_gentle_turns,WALKING__15_frequent_gentle_turns,WALKING,1,3,7.0,9.0,40,0.19976475748573203,42.91759903194337,0.9229999999999999,145.63,2.6723076923076974,10.279999999999854,1.5000000000000007,0.39472330773038256,20.997698949662478,0.28155244634039056,1.002125,0.9595,0.21200000000000008,1.1801000000000001,1.4548999999999999,0.14482499999999998,0.36130000000000007,0.4548999999999999,0.19726333921943023,2.782469994672918,6.772000000000028,8.350000000000179,0.3333333333333333,0.20512820512820512,3.8933548869996675,3.0950559948644347,8.993673795571736,10.045566884837278,12.454814330209647,0.28205128205128205,827.0468153445622,1576.864990229676,87.746,138.17,151.54749999999999,0.0517886928906055,214.84069348422835,0.2080820454005554,0.052399467574837835,1.538461538461539,0.36310157650635433,4358.417903189898,0.8233660490430109,0.1805545362016307,0.4521791373553734,0.1097733158040495,0.2574930106389464,0.14274272183014092,4.0,2.1052631578947376,0.5333333333333332,0.17559422921421206,0.3292391797766477,8.796892827733728,6.847837959239125,5.736667089150669,13.433565351566358
15_frequent_gentle_turns,WALKING__15_frequent_gentle_turns,WALKING,1,4,9.0,11.0,40,0.11358344667676872,25.482330811559283,0.4890000000000001,112.51,1.6241025641025622,5.219999999999928,1.5000000000000007,0.43008084467204216,7.249469260688075,0.401488079696029,0.9970749999999999,0.9824999999999999,0.13049999999999995,1.1738000000000002,1.2046,0.088375,0.1756000000000001,0.20459999999999992,0.11219280279946661,1.294239703554327,3.700000000000053,4.12999999999994,0.20512820512820512,0.02564102564102564,2.7321884904995457,1.8454317426873674,5.391719505804759,6.297871500270861,7.323196023595058,0.15384615384615385,667.4913045284426,1143.4125866446661,61.553999999999995,91.527,96.89849999999996,0.05213716887876386,224.3489835633875,0.2924754139397819,0.14163231829750908,1.538461538461539,0.5899205091479116,1726.687898549748,0.7661503575615863,0.10251275814784507,0.48933434934627523,0.17791322880728605,0.23023966369859375,0.03649878664260147,5.0,2.631578947368423,0.3875000000000002,0.16007810593582145,0.4131047895117971,5.136013113120245,5.646324416124729,4.40267200723092,12.426195420130483
15_frequent_gentle_turns,WALKING__15_frequent_gentle_turns,WALKING,1,5,11.0,13.0,40,0.1234952090838615,37.100652056437234,0.486,156.96,1.6456410256410294,5.220000000000109,1.5000000000000007,0.7899982842928962,8.139226120603459,0.29395694222985,1.0075999999999998,1.006,0.17774999999999996,1.177,1.19925,0.10189999999999999,0.2005,0.22849999999999995,0.12217835323820665,1.1338425465548105,3.044000000000042,3.744000000000081,0.1282051282051282,0.02564102564102564,2.683746579126566,1.6900005267986906,4.1583869659453985,4.8300095432036585,9.041460059083569,0.05128205128205128,716.828099527151,1181.8564148775788,82.16625,130.677,137.16899999999998,-0.06764727204024033,300.42179232429504,0.2893949898909518,0.23192699498231842,1.538461538461539,0.6214228072257919,1224.583787284395,0.5992112969414173,0.02183817321685255,0.5854975334365269,0.22622644975718095,0.1664378435894393,0.22319189271962334,3.0,1.5789473684210538,0.5499999999999998,0.0707106781186545,0.1285648693066446,5.748354231242419,5.438890553770647,4.266823037203522,8.376540943645832
15_frequent_gentle_turns,WALKING__15_frequent_gentle_turns,WALKING,1,6,13.0,15.0,40,0.12251614231686016,26.529461483463322,0.558,103.99,1.8205128205128243,7.379999999999897,1.5000000000000007,0.5614017176058231,7.329025290989724,0.2857585779247625,1.0335,1.0099999999999998,0.12574999999999992,1.2027999999999999,1.2589499999999996,0.0894,0.20279999999999998,0.2589499999999997,0.12552768618914315,1.7728566729225648,4.5640000000000995,5.385999999999949,0.1794871794871795,0.07692307692307693,3.708896818402161,2.899964116054797,7.5613134632074965,9.091654178088016,12.944017923350042,0.2564102564102564,851.97278211147,1734.2333282439918,65.76624999999999,103.48,110.08899999999998,0.34880944366559735,216.53849837069552,0.3373893789663257,0.2259195562504036,1.538461538461539,0.6880602963307585,3284.2045985091904,0.7232869286584813,0.10504047783194947,0.3839976858556844,0.2360040504078354,0.27495778590453074,0.11854541129216886,4.0,2.1052631578947385,0.5833333333333334,0.02886751345948221,0.04948716593054093,9.334035816624931,8.349129343634853,7.092248140384351,20.261545771707574
15_frequent_gentle_turns,WALKING__15_frequent_gentle_turns,WALKING,1,7,15.0,17.0,40,0.12040814937493823,34.81754087473873,0.5250000000000001,143.42000000000002,1.9476923076923138,6.360000000000363,1.5000000000000007,0.5944832051872758,6.2447820856189855,0.26704860678025005,1.009325,0.9784999999999999,0.133,1.1485999999999998,1.1930999999999996,0.091525,0.16750000000000004,0.19309999999999958,0.11925864748520335,1.7628184095190624,4.587999999999936,5.399999999999923,0.23076923076923078,0.07692307692307693,3.757095252069295,2.7702972261600323,7.418327020934629,9.035868635630862,10.614216881145628,0.28205128205128205,920.1574384716436,1790.1475471554545,68.6575,110.547,128.85349999999997,0.2677541239867639,289.1626609617643,0.24217688299653406,0.09598864383329081,1.538461538461539,0.7827925380164864,3635.7428045274655,0.7717132577991227,0.031769443004321676,0.37015422715346874,0.2443822773071257,0.35369405253508407,0.19286818743147155,5.0,2.631578947368423,0.3624999999999998,0.16520189667999088,0.45572937015169923,7.273736623788525,7.803300443938397,7.260667361962728,19.86360123042106
15_frequent_gentle_turns,WALKING__15_frequent_gentle_turns,WALKING,1,8,17.0,19.0,40,0.15254917450129202,31.449500081632703,0.645,123.04,2.1507692307692263,9.699999999999864,1.5000000000000007,0.7381449742081889,12.668426843631222,0.5207434004833352,1.0169249999999999,0.964,0.15549999999999997,1.2046000000000001,1.3602500000000002,0.116825,0.20640000000000003,0.36025000000000007,0.15157811517498165,2.0578570670729213,4.732000000000203,6.195999999999914,0.2564102564102564,0.07692307692307693,3.1189847010080594,2.6381744234274924,6.835826367887992,7.1362286915162025,13.535331543778113,0.23076923076923078,668.8089696654499,1377.629860928649,67.834,112.667,119.06799999999998,0.40262041372316487,206.15975264662177,0.3341795654962347,0.22764165628445654,1.538461538461539,0.7318417226615329,3069.848748487542,0.6267529539863258,0.04624065664186301,0.676168060401547,0.01507263459067624,0.26251864836591365,0.019902486952745664,3.0,1.5789473684210538,0.5999999999999996,0.141421356237309,0.23570226039551515,9.243435161019356,5.37246424076339,4.948340997793338,10.723456734520195
15_frequent_gentle_turns,WALKING__15_frequent_gentle_turns,WALKING,1,9,19.0,21.0,40,0.11145553327419819,28.69471788143023,0.5740000000000001,143.85,2.0687179487179543,8.44000000000048,2.000000000000001,0.6515132745775737,4.3743441758594654,0.22419990583545651,1.0203499999999999,1.009,0.11550000000000016,1.1579,1.2014499999999997,0.081,0.16899999999999998,0.2451499999999998,0.11191916725923223,1.8171799718059454,4.160000000000002,5.011999999999929,0.28205128205128205,0.05128205128205128,3.216609080251133,2.3193625200007637,6.089078486005001,6.561761728802999,11.220588219875747,0.23076923076923078,611.069645515347,1095.5749280987686,57.186249999999994,93.90600000000002,104.17649999999998,0.35576084832808486,257.4544039086574,0.17923623684999052,0.10139554003903381,1.538461538461539,0.5608016306606662,2725.9833353128943,0.8104371723645113,0.05797066010599567,0.4473067195696662,0.05251958161582192,0.4422030387085162,0.04616398334185996,4.0,2.1052631578947385,0.5833333333333334,0.1258305739211772,0.2157095552934466,7.29954649933355,6.288389210820385,5.103658506362065,13.55076993861736
15_frequent_gentle_turns,WALKING__15_frequent_gentle_turns,WALKING,1,10,21.0,23.0,40,0.09669539471440385,28.512531275626678,0.3870000000000001,155.89,1.4974358974358946,7.1799999999999,1.5000000000000007,0.6687533847942079,3.966931502776027,0.2474271851382959,1.0015250000000002,0.999,0.15499999999999992,1.1301999999999999,1.1400499999999998,0.077375,0.13870000000000005,0.15999999999999992,0.09549122996380348,1.3513983361274169,2.9039999999999573,3.115999999999955,0.10256410256410256,0.02564102564102564,2.293231765764211,1.7656908195638943,3.8710990656880777,4.444766090683511,10.581663385309362,0.02564102564102564,480.3569552990544,709.207838265452,56.2325,83.905,86.81999999999988,0.021845479978848368,294.86958877245706,0.21937431387723608,0.09382707541960912,1.538461538461539,0.7397716543632014,966.4748428363247,0.769918854557148,0.027656090314524265,0.4890016782703398,0.1066586947556247,0.37668353665951104,0.05533983760528766,2.0,1.0526315789473693,0.6999999999999993,0.0,0.0,3.565386829233919,4.440853534665771,3.740851250756745,8.579370741947375
15_frequent_gentle_turns,WALKING__15_frequent_gentle_turns,WALKING,1,11,23.0,25.0,40,0.0931867576154026,39.07355183841406,0.42100000000000004,185.16000000000003,1.2728205128205115,4.519999999999936,2.000000000000001,0.5124184123021216,4.380895843535656,0.34691043948467387,1.02515,1.0234999999999999,0.11750000000000016,1.1289,1.1661,0.07669999999999999,0.15520000000000003,0.16609999999999991,0.09538972691018671,1.304885453165884,3.5959999999999503,4.170000000000206,0.15384615384615385,0.0,2.459328927090326,1.804558175307967,4.956941244335975,5.160833657644205,9.589786233279519,0.10256410256410256,611.3144581143038,1377.011337617024,76.56925000000001,110.03500000000001,134.22949999999986,0.31217846021931134,419.3036954851157,0.26512438601836685,0.21083365256284642,1.025641025641026,0.3707076768611484,1083.8125776261231,0.8064285398985378,0.08438743008994497,0.4596437601400709,0.15048110578644716,0.3054877039835372,0.05074284753413464,2.0,1.0526315789473693,0.5999999999999979,0.0,0.0,5.250406594175907,5.183230994080508,4.205855586171765,8.751343364938558
15_frequent_gentle_turns,WALKING__15_frequent_gentle_turns,WALKING,1,12,25.0,27.0,40,0.0885419790341398,51.63526626052074,0.42699999999999994,208.62,0.9666666666666709,5.080000000000289,1.5000000000000007,0.4489777414274885,4.648384894933805,0.1880595955618292,1.0120999999999998,1.0190000000000001,0.1260000000000001,1.0992,1.12855,0.0713,0.139,0.19709999999999994,0.08826154315442257,1.1007302201465632,1.8599999999999732,3.54599999999995,0.07692307692307693,0.02564102564102564,1.778359977909084,1.1732993938583585,3.443084112629348,4.3993406830015465,5.738675805445342,0.02564102564102564,527.2639683889397,918.5813400510445,99.39250000000001,160.245,191.6185,0.42235863756635417,583.1727144997667,0.2615824016307634,0.09186277888594707,1.025641025641026,0.6548724993116347,491.3909143515837,0.7329894096455492,0.20045003279918863,0.4022052024106732,0.21853776369784136,0.1788070010922969,0.09658515619053455,3.0,1.5789473684210538,0.4750000000000014,0.3181980515339484,0.6698906348083105,4.270088394693496,3.813529477391238,2.179618683184517,6.836472530160532
15_frequent_gentle_turns,WALKING__15_frequent_gentle_turns,WALKING,1,13,27.0,29.0,40,0.10374568264109434,35.27170787396258,0.44099999999999995,142.91,1.6517948717948736,7.199999999999895,2.000000000000001,0.3692671900572724,4.617700487544443,0.24611537210834206,1.0247499999999998,1.0295,0.12850000000000006,1.1401999999999999,1.2097499999999997,0.08349999999999999,0.15640000000000007,0.20974999999999974,0.10538809230648402,1.6358723277213878,4.26799999999994,4.808000000000236,0.15384615384615385,0.05128205128205128,3.021343624872274,2.296570815008776,6.321687419760187,7.05018050280525,10.031649914146582,0.20512820512820512,610.4044441302441,1070.0383948038625,68.20075,122.36900000000001,138.78499999999997,-0.10718033588584872,339.9824163862722,0.27102633814149574,0.13694616063768847,1.538461538461539,0.29970061963242134,2352.760993750571,0.7908990967099946,0.2681833878448805,0.35714663328787133,0.10542402114722345,0.2692459577200247,0.08523502331519267,4.0,2.1052631578947385,0.5,0.05000000000000071,0.10000000000000142,6.7849761852111,6.406746402396,5.425054531810047,15.220464952368106
16_slow_02,WALKING__16_slow_02,WALKING,1,0,1.0,3.0,40,0.09044346229437962,28.091618549959172,0.363,107.48,1.118974358974359,3.9199999999999977,1.0,0.4118335552085654,4.055352246962531,0.22646790009208648,1.001325,1.0005,0.11850000000000005,1.1072,1.1606999999999998,0.072625,0.16139999999999993,0.17629999999999993,0.08931559214381327,0.8974226102737213,2.0079999999999965,2.97200000000001,0.05128205128205128,0.0,2.0095731560977232,0.9945193692560305,3.5347927957692717,3.955850155434569,4.629298002937374,0.0,418.550490817004,778.5668311425318,53.40925,96.265,97.1905,0.2035869783518756,310.5986639313437,0.15813312478766217,0.519750659299973,1.0256410256410255,0.4749119990556245,223.7415745640975,0.7690162431963938,0.2744108299761714,0.14832924679509665,0.2278926798635742,0.34936724336515773,0.24791541527812663,4.0,2.1052631578947367,0.5666666666666668,0.18929694486000911,0.3340534321058984,4.069763027362937,4.249148458437909,2.547524092818578,7.690570430658598
16_slow_02,WALKING__16_slow_02,WALKING,1,1,3.0,5.0,40,0.08633161690205438,31.210194791289855,0.3790000000000001,106.5,1.178974358974359,3.939999999999978,1.0,0.2737137287072194,4.090816061575327,0.24345444589710902,0.997075,0.981,0.12725000000000009,1.0878,1.14205,0.07097500000000001,0.1291,0.1420499999999999,0.08529580880676378,1.0011566859645655,2.5440000000000125,3.232000000000012,0.07692307692307693,0.0,2.0331623583638456,1.4585120586330254,4.2679957862997675,5.1675969556335595,5.905759900300743,0.07692307692307693,540.5760163759054,1038.8904633248712,50.47025,93.06700000000001,103.276,0.44163185032235275,361.51523522024024,0.2752263279415464,0.20251789550514065,2.051282051282051,0.4051565285625976,1140.8479341258003,0.822583705632774,0.2477455467447481,0.27858120377805246,0.18337393053855125,0.29029931893864813,0.922377321704566,3.0,1.5789473684210524,0.42500000000000027,0.03535533905932725,0.08318903308076996,4.943701281820763,4.214599002553606,3.390107855284888,8.109847730713499
16_slow_02,WALKING__16_slow_02,WALKING,1,2,5.0,7.0,40,0.07719532336040798,27.351010931487686,0.30600000000000005,102.7,0.9512820512820515,3.7600000000000144,1.5,0.4085822687648276,3.428854848965847,0.2316852519904858,1.0191,1.036,0.12775000000000003,1.1081,1.1140999999999999,0.06720000000000001,0.1273,0.1352,0.07858085008448305,0.7744036057956909,1.8680000000000063,2.0480000000000054,0.02564102564102564,0.0,1.7924574188831837,1.1516482428302803,3.113450843861784,4.019595767925817,5.838698485107809,0.02564102564102564,517.4762860692069,936.4699838336674,56.690999999999995,88.456,100.11699999999998,0.2809633329781664,354.3091697898827,0.21575980085131893,0.11557161086799571,1.5384615384615383,0.4164273423396214,489.1455007647657,0.7504367582251537,0.3194537177848931,0.34266540986810573,0.11472611760073352,0.22315475474626753,0.07287081871963465,3.0,1.5789473684210524,0.375,0.1767766952966369,0.47140452079103173,3.6404518816186737,3.94017960193586,2.895703555020141,7.9531598530769045
16_slow_02,WALKING__16_slow_02,WALKING,1,3,7.0,9.0,40,0.13486478508643485,46.59788065982379,0.577,197.37,1.7866666666666684,5.67999999999992,1.5000000000000007,0.5516699192287415,10.720497855670699,0.3778201799417187,1.00945,0.992,0.17700000000000005,1.1638000000000002,1.23395,0.1076,0.2257000000000001,0.23395000000000005,0.1335031834826421,1.257159147764121,3.2400000000000686,3.806000000000006,0.23076923076923078,0.02564102564102564,2.870600932515175,1.4586760504277725,4.604871866746853,5.896193203237869,6.596392953728716,0.10256410256410256,720.575094933532,1119.1965488105054,77.28275,140.42300000000003,169.33349999999996,0.4731249771961389,345.51555196531996,0.20663665119881017,0.13167196709246928,2.5641025641025648,0.2505442110143039,1093.8238778595748,0.671802338977761,0.0858126953782394,0.6016019579133427,0.15695776920227572,0.15562757750614237,0.13719796079037547,4.0,2.1052631578947376,0.38333333333333314,0.10408329997330676,0.27152165210427864,4.094064901595699,5.478105820770136,3.2044359318220152,10.16575337288467
16_slow_02,WALKING__16_slow_02,WALKING,1,4,9.0,11.0,40,0.0955027150909522,40.16929638481712,0.3540000000000001,159.61,1.1887179487179496,4.17999999999994,1.5000000000000007,0.5923781900426853,5.749453771469197,0.29304875587197127,1.012475,1.018,0.16674999999999984,1.1267,1.1453,0.082175,0.14400000000000004,0.15859999999999994,0.09512294675839264,0.8857443479540367,2.215999999999983,2.6039999999999734,0.02564102564102564,0.0,2.2300578151560857,1.1194975788200086,3.9576227971770286,4.340532675648793,5.319323265228313,0.05128205128205128,594.8323671374308,1056.7545402912165,75.0885,129.949,150.52249999999998,0.34452500180101925,420.6089465264083,0.0737635098406191,0.16775311079064084,1.538461538461539,0.5836282171789017,358.8327460749293,0.6421976357481942,0.11641488301718561,0.6415920460807676,0.09592064376909118,0.14607242713295587,0.04364527660063869,3.0,1.5789473684210538,0.7249999999999996,0.6010407640085664,0.829021743460092,3.8402951935536564,4.596571325039843,3.1537016467412986,9.066578615710155
16_slow_02,WALKING__16_slow_02,WALKING,1,5,11.0,13.0,40,0.10413265393422284,35.53639618450429,0.4039999999999999,135.1,1.4153846153846137,4.119999999999943,1.5000000000000007,0.458756288154069,4.265292256026025,0.3425959582363028,1.026675,1.027,0.1615000000000001,1.1693,1.1735,0.089575,0.17400000000000007,0.19209999999999994,0.1062265268188695,1.0853033681002278,2.675999999999985,3.379999999999952,0.10256410256410256,0.0,2.5276439305102936,1.5779336109510411,4.482966368480763,5.449106689494436,7.695869021754353,0.07692307692307693,634.5160328814051,1153.3914110442888,70.54225,112.54,116.46599999999995,0.12812823643365354,341.26083261981836,0.1713845790770218,0.10695031252934549,1.025641025641026,0.5021830494082506,860.6465802974114,0.7962999645839417,0.18132452224513412,0.27882315222015747,0.28802419644934973,0.25182812908535834,1.0114706155698858,5.0,2.631578947368423,0.42500000000000027,0.20615528128088317,0.485071250072666,4.477780603827432,5.2334728349485005,4.188135282306987,10.584818952540045
16_slow_02,WALKING__16_slow_02,WALKING,1,6,13.0,15.0,40,0.11034951465509664,38.459999665819964,0.4069999999999999,145.83,1.2748717948717951,3.479999999999954,0.5000000000000002,0.3186818306557892,5.994023829403011,0.06864856362428055,0.9979000000000001,0.995,0.18299999999999994,1.141,1.1504999999999999,0.0936,0.17720000000000005,0.19014999999999993,0.10898164983151981,1.0358390237536446,3.024000000000044,3.1520000000000543,0.1282051282051282,0.0,2.285291313175491,1.4727194764775482,4.461346636496594,5.230636191206264,6.199967741851478,0.07692307692307693,695.6732082963438,1408.2032896854882,80.76275000000001,125.191,150.6385,0.38825642561721396,348.5289426603168,0.08016109135549135,0.17099654948104742,1.538461538461539,0.33045323931053355,851.7744797863318,0.8350231756939991,0.36432356563391893,0.2651698457030289,0.054654506714788345,0.3158520819482639,0.7417277142715619,3.0,1.5789473684210538,0.75,0.6363961030678943,0.848528137423859,3.805782625468737,4.842421187865282,3.722621939967872,8.771093917572953
16_slow_02,WALKING__16_slow_02,WALKING,1,7,15.0,17.0,40,0.08442079811187617,37.93124710138946,0.32500000000000007,149.9,1.0994871794871752,3.6399999999999495,2.500000000000001,0.39242394890724286,4.223716400400431,0.13357190540783725,1.026525,1.0165,0.12875000000000014,1.1422999999999999,1.1492,0.070575,0.14540000000000003,0.15315,0.08747728276529855,0.905683657790726,2.387999999999966,2.6340000000000434,0.05128205128205128,0.0,1.97711420530682,1.1673198874680946,3.0865505137397733,4.083809366683307,6.1371654694980275,0.02564102564102564,605.0883321321535,1008.4344780914256,72.066,119.47300000000001,128.83699999999996,0.2155678260301731,449.3116382425359,0.044007994028880545,0.19921775687004123,1.538461538461539,0.3275710506991614,642.7360518724516,0.7318846932187549,0.22209121484510363,0.24962866157694993,0.3221396750909898,0.20614044848695665,0.0169346679999147,3.0,1.5789473684210538,0.6000000000000005,0.14142135623731025,0.23570226039551687,3.4427710499471424,4.0340616969394985,2.983391778325899,7.503400066076807
16_slow_02,WALKING__16_slow_02,WALKING,1,8,17.0,19.0,40,0.10445565860873508,37.06089363362784,0.45400000000000007,129.45000000000002,1.5379487179487203,3.139999999999954,1.5000000000000007,0.5084228576444095,5.825759154685436,0.17061808330536823,1.0158,1.024,0.14224999999999977,1.1421,1.1648999999999998,0.08609999999999998,0.16579999999999995,0.19239999999999988,0.10434486091801548,0.7879993971650773,2.4439999999999658,2.566000000000126,0.02564102564102564,0.0,2.1919921242101097,0.9850574464764893,3.365872640169399,3.995845251513826,4.407675124144185,0.0,549.0742340769308,1017.1525988467384,74.273,123.685,134.93449999999996,0.24120173008617393,354.80024851931415,0.2640184599721314,0.08151224016211969,1.025641025641026,0.6738033906725855,297.48684635930965,0.7385788224392982,0.12126578575765122,0.5552261756468421,0.08182598235965684,0.24168205623584993,0.0885205894710763,3.0,1.5789473684210538,0.5250000000000004,0.03535533905932788,0.06734350297014831,3.981750864663548,3.845585879973106,2.6754935077735498,8.296489667541316
16_slow_02,WALKING__16_slow_02,WALKING,1,9,19.0,21.0,40,0.11113452231994365,39.659937008593964,0.40900000000000003,152.49,1.2717948717948675,5.219999999999923,1.5000000000000007,0.5384082835111931,7.421727907509537,0.22231652094192814,1.0122,1.0179999999999998,0.14550000000000018,1.1716,1.1818,0.09330000000000002,0.17740000000000006,0.19705000000000006,0.11041263514652662,1.1001025593214542,2.899999999999959,3.1679999999999544,0.07692307692307693,0.02564102564102564,2.6777233776082285,1.730996845503224,5.658843477129527,6.108341277365394,6.290500774978004,0.1282051282051282,757.0535145287038,1376.1195360388263,81.01375,130.34099999999998,135.36700000000002,0.35464217885323485,356.8642414678088,0.08307752033323533,0.19332300050253706,0.512820512820513,0.38790096127853413,1473.8121241475283,0.6871448996368105,0.2735299812133252,0.5177168326182958,0.02248941654297882,0.18626376962540026,0.03616019187875863,4.0,2.1052631578947385,0.5,0.21794494717703394,0.4358898943540679,5.094176728818301,5.913876070171114,4.537044937893205,12.716693101483301
16_slow_02,WALKING__16_slow_02,WALKING,1,10,21.0,23.0,40,0.08505132311788315,29.93217471238634,0.30899999999999994,113.22,1.1410256410256308,3.4599999999999516,2.500000000000001,0.4556123118862008,3.956804622797611,0.42127982434491557,1.013625,0.988,0.12575000000000003,1.1446999999999998,1.16515,0.068975,0.14469999999999994,0.1651499999999999,0.08507952162535941,0.8846164642368429,2.4679999999999636,2.8419999999999606,0.05128205128205128,0.0,2.081233207887348,1.0784036086672242,3.651783026179863,3.7493995459572433,4.584539235299379,0.0,552.0391703784954,1044.9507003699778,62.98875,110.92300000000002,125.84799999999998,0.02642372323869002,351.93073564416676,0.4578004962844208,0.2419535444256673,1.538461538461539,0.5189871216086872,529.4760737799106,0.6983003331748573,0.07281304280295794,0.32101221074254055,0.43481529878955244,0.17135944766494893,0.0432784257143889,4.0,2.1052631578947385,0.5,0.21794494717703394,0.4358898943540679,3.4098512280881184,4.523399640856926,2.746977446258493,8.549869108450084
16_slow_02,WALKING__16_slow_02,WALKING,1,11,23.0,25.0,40,0.09863683389079357,35.127740823807834,0.3670000000000001,140.12,1.412820512820527,4.100000000000234,2.000000000000001,0.3453734127351117,5.018581330356712,0.12310030294003839,1.013425,1.0025,0.13050000000000017,1.1704999999999999,1.1778,0.077925,0.17049999999999996,0.1778,0.09831696191400548,1.0113512293174407,2.8079999999999616,2.9619999999999873,0.05128205128205128,0.0,2.128342200480654,1.0038586033332917,3.5725450636917357,3.6830754631086253,4.355088977277291,0.0,548.3793056729993,839.2469073771908,75.893,114.671,143.4025,0.019725639450987997,356.1320800574332,0.13878428863410733,0.14328212660669154,1.025641025641026,0.4042620191362825,282.3404226585013,0.763223966421642,0.11223468734079245,0.4007922978324377,0.18438754826592327,0.3025854665608466,0.2590232303700439,5.0,2.631578947368423,0.3875000000000002,0.1652018966799896,0.4263274753031988,3.5593579176432826,3.849098828084391,2.2735545055364232,5.901715106793837
16_slow_02,WALKING__16_slow_02,WALKING,1,12,25.0,27.0,40,0.11164072412005971,34.67403893904132,0.4660000000000001,121.89,1.5225641025640986,5.379999999999926,1.5000000000000007,0.36448041671845655,7.207875057006865,0.22434879353788606,1.0051999999999999,0.9784999999999999,0.12149999999999994,1.1626,1.21205,0.08885000000000001,0.16260000000000008,0.21204999999999996,0.11035895976312934,1.2448054549939438,3.0239999999999587,4.463999999999934,0.10256410256410256,0.02564102564102564,2.5218679872299825,1.5872642165920283,4.056139595248536,6.425263485357147,7.634526835370896,0.07692307692307693,660.4322336322131,1141.0025960014427,73.72325000000001,125.041,129.5985,0.4272833749689113,310.58593727636935,0.12582658887278306,0.04481458385419248,2.051282051282052,0.34237951143104867,825.391793756375,0.7525290814925907,0.13834839633532736,0.3826199311618094,0.27346996763105585,0.20556170487180728,0.08145576880280966,3.0,1.5789473684210538,0.75,0.07071067811865576,0.09428090415820768,4.548950907345437,5.09674636764533,3.731790152364345,11.086300289525953
16_slow_02,WALKING__16_slow_02,WALKING,1,13,27.0,29.0,40,0.09756953799003941,35.21820275176038,0.42300000000000004,134.17,1.3005128205128234,3.5399999999999507,1.5000000000000007,0.5749472020947998,4.781570808408239,0.37574682287167455,1.004925,0.997,0.11875000000000013,1.1512,1.17195,0.073325,0.15120000000000003,0.17195,0.09646799987560642,0.9436043682490599,2.5960000000001466,3.0339999999999834,0.05128205128205128,0.0,2.3188384384486707,1.204803364154329,4.027035650509478,4.136099592651715,4.682691533723154,0.0,638.2444144783493,1105.2685855654738,62.574749999999995,105.71200000000002,127.17749999999997,-0.025935266192127358,360.9548992161437,0.19338993941045624,0.2107084804396994,1.538461538461539,0.5427679649223089,605.8651113084387,0.6972086575102817,0.05187713232351088,0.5047073376441453,0.13107374228081095,0.3123417877515327,0.03368791318340801,4.0,2.1052631578947385,0.4833333333333331,0.2020725942163684,0.41808122941317616,4.035535907038248,5.1047143482175334,2.7785510192906333,8.941034557041961
17_slow_03,WALKING__17_slow_03,WALKING,1,0,1.0,3.0,40,0.06671454210444022,26.181946313374226,0.28900000000000003,109.86,1.0912820512820507,4.6399999999999935,3.0,0.4588671460412138,1.5108740582988,0.17921696399188,0.9928750000000001,0.9835,0.09000000000000008,1.0574999999999999,1.1276499999999998,0.05392499999999999,0.09159999999999999,0.1276499999999998,0.06625952761678881,1.0144409388197877,2.1999999999999984,2.506000000000008,0.05128205128205128,0.0,1.8121018087124485,1.1182551535361,3.357333537675964,4.0436399538610495,5.587199656357373,0.02564102564102564,453.4741894392205,725.3007424416206,45.01525,78.543,87.60099999999994,0.3281607120610995,392.44736585895976,0.3261230942798871,0.32370418101924886,1.5384615384615383,0.6509935214270394,509.8625427328383,0.7823571097449893,0.22921242890960075,0.004215031284439434,0.21874974861103427,0.5478227911949256,0.0905514272043324,3.0,1.5789473684210524,0.40000000000000013,0.28284271247461895,0.7071067811865471,4.314896430260503,3.687276552410666,2.4368002417463743,6.864890223099455
17_slow_03,WALKING__17_slow_03,WALKING,1,1,3.0,5.0,40,0.0833987602133761,21.443664103699902,0.32999999999999996,101.27000000000001,0.9902564102564096,2.6800000000000095,2.0,0.35856699775044315,4.389480563951211,0.19438615856758923,1.002075,0.985,0.11725000000000008,1.1093,1.1628999999999998,0.06812499999999999,0.1322,0.16289999999999988,0.08237581562570412,0.7502963876800416,1.9479999999999935,2.427999999999968,0.0,0.0,1.6135051719432536,0.8529244019129022,2.9742225753397573,3.0023227944266186,3.6543672502910627,0.0,467.00101958290645,815.0557177900396,53.67075,75.38900000000001,85.17799999999997,0.19092619528087298,257.1220968853277,0.33801122610096285,0.22979894408931892,1.0256410256410255,0.9003339135565621,264.5777197726794,0.6973685196427828,0.28615786966592216,0.44533905744838564,0.08130164487292742,0.1872014280127647,0.06789417197754119,4.0,2.1052631578947363,0.5666666666666665,0.23629078131263018,0.416983731728171,3.013205001973147,3.2424061899559558,2.0348595590824203,6.1738731835385305
17_slow_03,WALKING__17_slow_03,WALKING,1,2,5.0,7.0,40,0.07452130997926461,19.71212602038628,0.29000000000000004,87.06,0.9969230769230774,2.7400000000000078,2.0,0.4116378962379597,3.3326492000291106,0.3751839012741501,0.9928999999999999,0.991,0.12750000000000006,1.0897999999999999,1.1003,0.0616,0.11109999999999999,0.12064999999999997,0.07392563831310488,0.7103229578532847,1.9840000000000027,2.5420000000000047,0.0,0.0,1.633035970828637,0.8021377228055394,2.986041669921084,3.132046618018156,3.684182405907734,0.0,415.774380520315,682.1325352797933,52.174249999999994,76.21100000000001,78.34249999999994,0.10235731566648744,264.5166332404937,0.1470156220874418,0.04662662425070838,2.051282051282051,0.4664880627458136,178.23323765038927,0.7341649727586772,0.11730138388142607,0.4705481168596462,0.193982491915872,0.21816800734305566,0.03552750372432027,5.0,2.6315789473684204,0.32499999999999996,0.15545631755148012,0.4783271309276312,3.0138208200141774,3.2815543717351026,1.9885295946564439,6.515950339806677
17_slow_03,WALKING__17_slow_03,WALKING,1,3,7.0,9.0,40,0.08239492142676681,28.182536559420566,0.41300000000000003,103.66,1.1748717948717933,5.799999999999918,1.5000000000000007,0.35267936049902576,3.1057026043355505,0.2913267464346145,1.011,1.0085,0.08224999999999993,1.1162,1.13275,0.06215000000000002,0.1203,0.1451,0.08209872106190207,1.106732677737937,2.428000000000052,2.613999999999963,0.05128205128205128,0.02564102564102564,1.9508011668175935,1.6359724091594705,2.88687652179777,4.820833437247144,8.574380444090288,0.05128205128205128,507.9528033965748,951.3847520702461,44.9165,80.433,99.06449999999997,0.2579764920453398,342.04215589269546,0.042682274360770246,0.2852523987173975,1.025641025641026,0.3403067438117275,1271.970557036046,0.8676810261985448,0.13742567011273282,0.30995342729957615,0.19871189396656036,0.3539090086211308,0.22465973516674945,1.0,0.5263157894736844,0.0,0.0,0.0,8.574380444090288,4.044172122062912,3.7691858826784195,6.7282603489507675
17_slow_03,WALKING__17_slow_03,WALKING,1,4,9.0,11.0,40,0.1358447242352978,43.93387030526676,0.673,180.04000000000002,1.616923076923083,7.599999999999894,2.000000000000001,0.4105413740922452,10.617423023608504,0.13266116634861064,1.013425,1.0165,0.16900000000000004,1.165,1.2145,0.104575,0.21600000000000014,0.25229999999999997,0.1348060644036462,1.5508879525276993,2.955999999999959,3.484000000000079,0.10256410256410256,0.05128205128205128,2.632224012908735,1.756935677826898,4.825027312182383,5.9818996117666146,7.9378082617305745,0.10256410256410256,732.434930005665,1151.2997419379262,86.697,148.49900000000002,177.5435,0.2809870557468538,323.4124148183225,0.2937853930523062,0.12807555257985914,1.025641025641026,0.5612739646926012,1021.9188100242866,0.6907393337246959,0.12949218490897624,0.6183272886525748,0.14134389885098395,0.11083662758746517,0.02729245584187845,3.0,1.5789473684210538,0.47499999999999964,0.31819805153394587,0.6698906348083076,5.785610863316008,5.0512045433297725,3.4737379991142734,9.353965323039004
17_slow_03,WALKING__17_slow_03,WALKING,1,5,11.0,13.0,40,0.11839882351719723,47.69088438338328,0.502,170.54,1.4635897435897414,4.659999999999935,2.000000000000001,0.3263370438651902,7.205352231466707,0.2686925255432248,1.0142250000000002,0.9944999999999999,0.1489999999999998,1.1922000000000001,1.22705,0.095125,0.19220000000000007,0.22705000000000009,0.11777170712866483,1.1081123997223135,2.8959999999999835,3.287999999999972,0.10256410256410256,0.0,2.4385301474490397,1.433311018506136,4.3633962445308265,4.805345010677042,7.00399885779535,0.05128205128205128,718.7733833774606,1139.1763125258412,75.45075,147.794,150.75499999999994,0.4817230790817118,402.7986340291317,0.1502685250228501,0.09361042121786112,1.538461538461539,0.6063911765269634,523.1167725343647,0.8049666091258119,0.1080966776915569,0.4400215379044314,0.2009204399382516,0.2509613444657601,0.4305133496721779,3.0,1.5789473684210538,0.7999999999999998,0.7071067811865462,0.883883476483183,4.2047455979941954,4.823968948149662,3.3468802172686805,9.345469659736114
17_slow_03,WALKING__17_slow_03,WALKING,1,6,13.0,15.0,40,0.10760854686768313,41.034341040345524,0.46799999999999997,159.24,1.533333333333332,3.9599999999999427,1.5000000000000007,0.6258843697183833,4.604146370747039,0.34639230687258077,1.0251249999999998,1.0215,0.12625000000000008,1.1584999999999999,1.1718999999999997,0.084175,0.17139999999999997,0.21369999999999986,0.10918504934284728,1.1025170563982756,3.0639999999999565,3.2620000000000684,0.1282051282051282,0.0,2.644430156319574,1.3502648549700658,4.0792918512368015,5.10476480922601,6.9459052685738545,0.07692307692307693,788.4859435534596,1452.4585833173837,73.362,132.379,140.7249999999999,0.09093259990275186,381.329757113084,0.13298578898627444,0.02484069425563965,1.025641025641026,0.4125721021088281,586.7577141378449,0.731308904303574,0.11252222124331954,0.3926950652117507,0.28075275598140725,0.21402995756352233,0.8066978294927557,3.0,1.5789473684210538,0.625,0.10606601717798111,0.16970562748476978,4.386729967628286,5.306022113943042,3.4945791031715747,9.89418573107612
17_slow_03,WALKING__17_slow_03,WALKING,1,7,15.0,17.0,40,0.1155750838199999,41.41894388750647,0.523,158.92,1.4687179487179471,6.5399999999999086,2.000000000000001,0.45215895477702317,7.951577400304682,0.16864222499666004,1.0112,1.0215,0.12750000000000017,1.1285,1.1651999999999998,0.09145,0.1862000000000001,0.2126999999999999,0.11466952515816921,1.282052588393382,2.555999999999992,3.7999999999999488,0.10256410256410256,0.02564102564102564,2.4833276383410907,1.721237848524912,4.892887616581844,6.781861939031987,7.263167353159259,0.10256410256410256,810.6425714832287,1334.9821222736186,76.18525,131.825,143.71249999999995,0.4382606937400029,358.37260522357553,0.02617697554089708,0.2162280549239713,0.512820512820513,0.41018791568233137,1311.0739549833158,0.6783113063598422,0.09388718916417158,0.5055884366970742,0.2123335425891449,0.18819083154960906,0.29580647678867683,3.0,1.5789473684210538,0.7750000000000004,0.8131727983645286,1.0492552236961654,5.126762637149558,4.960048180225433,3.778604349804996,11.139603431380696
17_slow_03,WALKING__17_slow_03,WALKING,1,8,17.0,19.0,40,0.09488170435080104,41.98453846587226,0.32899999999999996,144.7,1.2415384615384597,3.8399999999999443,1.5000000000000007,0.3020858437572848,4.8085382327089325,0.23291428364323744,1.005025,0.981,0.13524999999999987,1.1385,1.16895,0.07992499999999998,0.1385,0.16894999999999988,0.09382283837104907,0.8945140946832679,2.3079999999999665,2.73799999999996,0.05128205128205128,0.0,2.202297990734762,1.1998010672850883,3.851257717192213,4.642896309143469,5.182238898391237,0.02564102564102564,557.2076466401567,934.9930206198301,59.48625,122.41300000000003,135.90949999999998,0.38488228421450593,442.49351076836774,0.3808768314298018,0.02210516266268726,1.538461538461539,0.39436574386159146,630.1037074991459,0.7656291049451456,0.1388006275577213,0.4178177004542551,0.25910316128505295,0.18427851070297074,0.5588626328197207,3.0,1.5789473684210538,0.4499999999999993,0.21213203435596223,0.4714045207910279,4.529044967510541,4.660525950222692,3.170058667106777,9.580823188013769
17_slow_03,WALKING__17_slow_03,WALKING,1,9,19.0,21.0,40,0.11826196204471946,30.294046287162068,0.4580000000000001,115.57000000000001,1.5600000000000007,3.7599999999999456,1.5000000000000007,0.592230226914953,7.375526366977985,0.41575142505100493,1.014425,1.0145,0.16925,1.1714,1.18895,0.096525,0.17980000000000007,0.21364999999999992,0.11766190972443037,0.9774079577072603,2.9239999999999613,3.235999999999977,0.10256410256410256,0.0,2.383470514783363,1.0852948168606609,3.998346833091451,4.41215290159029,4.572264209338673,0.0,699.8431431646027,1139.5774347826552,76.79575,121.628,129.11649999999997,0.23973257082540678,256.16052501908183,0.4040688212731985,0.08545749851577067,1.538461538461539,0.8215239104963723,316.1858982453833,0.707806104578474,0.04662679944849646,0.5387541247034036,0.18334078539316137,0.23127829045493847,0.17773449633241015,5.0,2.631578947368423,0.3624999999999998,0.131497781983829,0.36275250202435605,3.822112532110707,4.4820571932745725,2.582550517628369,8.836722602374621
17_slow_03,WALKING__17_slow_03,WALKING,1,10,21.0,23.0,40,0.11572973600104597,44.36894457853174,0.44599999999999995,184.91000000000003,1.479487179487178,4.039999999999941,1.5000000000000007,0.5346154805542506,5.28019993308575,0.4371002974107936,1.01325,1.029,0.18074999999999997,1.1656,1.1858999999999997,0.09820000000000001,0.18220000000000006,0.18684999999999993,0.11503955841361702,1.1112106927935248,3.155999999999956,3.4399999999999546,0.1282051282051282,0.0,2.6755967790126305,1.2230042084679247,4.274368390622007,4.65932878311376,5.525721672324722,0.02564102564102564,823.6347612263239,1442.5767248150362,78.55325,142.163,148.05349999999999,0.467010892985199,383.3841336865292,0.31264564661342653,0.27679480009463536,1.538461538461539,0.4907515662220081,605.9552746167527,0.7238325031826324,0.16357236948342713,0.33247991620600564,0.24421367931998633,0.2597340349905809,0.7727770167021183,4.0,2.1052631578947385,0.5500000000000007,0.32787192621510114,0.5961307749365468,4.442217398181878,5.49995217625977,3.065067784729783,10.190870268102918
17_slow_03,WALKING__17_slow_03,WALKING,1,11,23.0,25.0,40,0.1182701573864055,31.923138927341704,0.507,135.60999999999999,1.3015384615384649,4.1800000000002395,2.500000000000001,0.35694394382687916,9.73373885993222,0.33001604187522904,1.010375,1.0139999999999998,0.1257499999999998,1.1453,1.2292999999999998,0.09182499999999998,0.2034,0.22929999999999992,0.1172423771509261,0.9267303544168569,2.615999999999963,2.8339999999999623,0.05128205128205128,0.0,2.0061840133679314,0.9933595638270112,3.464551220430409,4.079616170493271,4.980401590233391,0.0,555.6581901581994,932.3184316689167,65.63899999999998,106.97900000000001,116.05199999999995,0.014827401966283073,269.91710870092317,0.1734009975450041,0.08406463349601856,1.538461538461539,0.5214112989554227,232.80670954144546,0.6378789873867879,0.16876435008646584,0.41160805332728423,0.32309645470510645,0.09653114188114334,0.0034368532599978424,4.0,2.1052631578947385,0.5166666666666657,0.12583057392117908,0.24354304629905674,4.031011885903137,3.6966892519357546,2.518368596180654,5.627480679055313
17_slow_03,WALKING__17_slow_03,WALKING,1,12,25.0,27.0,40,0.08489134835565416,25.33605732993279,0.402,119.35,1.0143589743589745,3.8999999999999435,1.5000000000000007,0.4769384314955696,4.392353994568456,0.21376417826967015,1.00935,1.0095,0.10599999999999998,1.0907,1.16275,0.06634999999999999,0.14040000000000002,0.178,0.08434334591418578,0.8601951885956591,2.043999999999971,2.6039999999999655,0.02564102564102564,0.0,1.810292340272045,0.9352233629536142,2.9233090483284228,3.4808427288984762,4.150180718956649,0.0,581.6095288732416,961.154984722421,72.852,98.89300000000003,116.1535,0.299482971618576,298.45276133189475,0.3088086086118703,0.12745035483573744,0.512820512820513,0.7489441211289183,365.3062886866405,0.680865684240817,0.0531907373163622,0.5329770636530801,0.28551413058151853,0.12831806844903923,0.19380105779439205,3.0,1.5789473684210538,0.4250000000000007,0.10606601717798111,0.24956709924230808,3.3560581190090573,3.882633647498244,1.971588337705977,6.443527434052166
17_slow_03,WALKING__17_slow_03,WALKING,1,13,27.0,29.0,40,0.12086079882371989,38.22304235147385,0.5059999999999999,162.73,1.621538461538463,5.999999999999916,1.5000000000000007,0.3686514609261784,8.373112091544838,0.258265951913245,1.0022749999999998,0.993,0.15800000000000003,1.1572,1.2177999999999998,0.09317500000000001,0.18729999999999997,0.21779999999999988,0.11936215899521925,1.2726217002325686,3.015999999999956,4.130000000000205,0.10256410256410256,0.02564102564102564,2.3699396674995303,1.3524408044646266,3.4738152372078095,4.682760684477805,7.363531761322042,0.02564102564102564,658.8076104086076,1011.9932484995893,85.00775000000002,131.74400000000003,151.22299999999996,0.39059774037610523,316.2567410068473,0.23075777065276853,0.0652895905102435,1.538461538461539,0.5854107483009663,585.4364292985636,0.7577321349737081,0.10156704224529893,0.46199604605206845,0.23200629829742822,0.2044306134052043,0.16163692217790304,3.0,1.5789473684210538,0.3500000000000014,0.21213203435596223,0.6060915267313182,5.563107763895175,4.258705397086189,2.577057717541136,7.557744577690391
18_fast_02,WALKING__18_fast_02,WALKING,1,0,1.0,3.0,40,0.15246448724799777,46.661519587260635,0.7209999999999999,160.5,2.433846153846152,8.099999999999957,2.0,0.40081945445546335,12.985241356062966,0.22338571383858216,1.044375,1.0194999999999999,0.20699999999999985,1.2300000000000002,1.2611999999999999,0.123225,0.23000000000000012,0.26119999999999993,0.15695039025118732,1.583541360011283,4.372000000000001,4.75399999999998,0.3076923076923077,0.05128205128205128,4.127925410006609,2.5094738417248474,7.95393511682199,9.721713225837773,11.120179854660664,0.23076923076923078,953.595496551423,1752.6734799444298,83.02275,142.62800000000001,148.91599999999997,0.20623159756411003,306.0484472778327,0.23279607347792794,0.18915437037920754,0.5128205128205128,0.34727028799632736,2786.4246750985294,0.7820361601628251,0.05298566078345917,0.37561291207706277,0.3058926008346936,0.26550882630478456,0.09391503274832216,1.0,0.5263157894736842,0.0,0.0,0.0,7.712379658704528,8.224085398846542,6.519084453290032,19.41394601718958
18_fast_02,WALKING__18_fast_02,WALKING,1,1,3.0,5.0,40,0.1700683855666031,40.256963499403525,0.806,164.06,2.3205128205128216,8.179999999999957,2.0,0.5545478427168555,16.21737376774238,0.390690701956874,1.069025,1.056,0.19700000000000006,1.2300000000000002,1.3067499999999992,0.12687500000000002,0.23000000000000012,0.30674999999999913,0.18156162865539624,2.2559371360198477,5.7120000000000255,7.82400000000003,0.23076923076923078,0.1282051282051282,4.061192680022902,2.351990459463101,8.014925355762808,9.190777130646918,9.511277516716618,0.28205128205128205,1037.5163318597693,1870.7407053554214,116.74025000000002,165.83900000000003,176.99549999999996,-0.3117494387725241,236.71044659642448,0.2929783231331391,0.22240935353071492,2.051282051282051,0.5948167567256488,2570.724506101167,0.6369072066122059,0.25276953733560875,0.4329199702460228,0.08924643578745553,0.22506405663091286,0.020656521007344667,4.0,2.1052631578947363,0.4666666666666666,0.23094010767585013,0.4948716593053932,7.250876976017017,8.03660159042469,4.608379917489629,13.622708033101405
18_fast_02,WALKING__18_fast_02,WALKING,1,2,5.0,7.0,40,0.1431596204349429,66.25931171666868,0.723,266.90000000000003,2.499487179487182,10.560000000000038,1.0,0.5207073538473076,8.044727385694186,0.12796593587027727,1.1012999999999997,1.0979999999999999,0.14625,1.2574999999999998,1.3085999999999995,0.12984999999999997,0.25749999999999995,0.3085999999999996,0.17390802166662697,2.5314131155687414,5.956,8.504000000000032,0.23076923076923078,0.1282051282051282,4.5892331170410845,2.8008412105758627,8.276460727545556,10.96335832758508,11.70417019698539,0.358974358974359,1347.2649446387622,2401.054117473326,132.17825,211.686,261.34799999999996,-0.05812640079894969,462.8352011227872,0.18408853163844247,0.36103950142920077,2.051282051282051,0.5631440393846044,3323.9387162845833,0.8347054093532889,0.4057989009559526,0.07826141769565642,0.10021281649524247,0.4157268648531485,0.1960762649088629,3.0,1.5789473684210524,0.4750000000000001,0.17677669529663625,0.37216146378239207,10.337407597270461,9.258862880282138,5.877216510222963,18.683529935056296
18_fast_02,WALKING__18_fast_02,WALKING,1,3,7.0,9.0,40,0.12745641537605246,55.3439264954692,0.663,225.36,1.9389743589743615,6.920000000000027,1.0000000000000004,0.6958628525983297,8.025644378524149,0.30566633546960686,1.090875,1.075,0.16799999999999993,1.2120000000000002,1.2822999999999998,0.11637499999999998,0.2120000000000001,0.28229999999999983,0.1552329700804568,1.8188773212758411,4.924000000000023,6.285999999999935,0.15384615384615385,0.10256410256410256,4.180896148207448,3.1707752186685685,7.480214864770888,8.912790320569746,15.059707832491627,0.3076923076923077,1197.6523690388406,1972.296909741486,120.66525000000001,181.439,211.01949999999997,-0.42423949878962924,434.2184450439806,0.1468884001975964,0.3784508022282639,2.5641025641025648,0.45784363310731846,3563.0510420807614,0.6869561145604516,0.5064374254514259,0.13112292331681222,0.10790435900947487,0.2545352922222868,0.21012995903351178,4.0,2.1052631578947376,0.38333333333333314,0.1258305739211795,0.32825367109872927,9.460297117551514,8.664255147816236,8.82879802060784,18.220496264350352
18_fast_02,WALKING__18_fast_02,WALKING,1,4,9.0,11.0,40,0.14394940127768902,63.28685372814556,0.5020000000000001,243.35999999999999,1.908717948717948,6.039999999999915,1.0000000000000004,0.48711410028788044,11.94790137190587,0.375116453977056,1.066575,1.0675,0.21175,1.2747000000000002,1.3441,0.125075,0.27470000000000006,0.3441000000000001,0.15695739867874978,1.5963233735964617,4.33999999999994,5.093999999999948,0.2564102564102564,0.07692307692307693,3.5995907333584034,1.7591394093680808,6.4145512880096,6.887961131194858,7.590757537953801,0.23076923076923078,1086.9588612131533,1756.5619077558135,115.40375000000002,184.96400000000003,219.79449999999997,0.03472738310599303,439.6465227810191,0.21607738534090307,0.2861689173755162,1.025641025641026,0.34101737728577675,1015.9279277154119,0.7161954916487664,0.38772627947437743,0.2968985200044928,0.16087382926803745,0.15450137125309224,0.3002908860644354,5.0,2.631578947368423,0.3875000000000002,0.1931105037709411,0.4983496871508155,6.055443015359624,7.285468607534115,4.138473927718477,12.655428674484549
18_fast_02,WALKING__18_fast_02,WALKING,1,5,11.0,13.0,40,0.14808247875025768,56.884971797005875,0.7170000000000001,225.7,2.0107692307692258,8.040000000000173,1.0000000000000004,0.7206253363157682,12.054620866822198,0.3747839240119719,1.0921999999999998,1.063,0.2124999999999999,1.2562,1.2865499999999999,0.12569999999999998,0.25619999999999993,0.28654999999999975,0.17286136063331214,1.9862413387779503,4.035999999999951,6.653999999999909,0.1794871794871795,0.10256410256410256,3.376959070351188,1.8521491787262379,6.078738534661609,8.018899991005764,8.143733787397693,0.15384615384615385,1168.3148357346197,2093.937996564611,128.60875000000001,206.66300000000004,226.7935,-0.24131701877421693,384.1438384681745,0.26651690326910943,0.3738004510605753,2.051282051282052,0.37929000455837125,1325.2759453083654,0.6301967482609145,0.5585461144186218,0.14639080839995972,0.08069912620522635,0.2143639509761921,0.23174513110789216,3.0,1.5789473684210538,0.75,0.21213203435596223,0.2828427124746163,7.372946814254842,5.999829109798253,3.4244004495227385,10.83837472904034
18_fast_02,WALKING__18_fast_02,WALKING,1,6,13.0,15.0,40,0.141579675402861,60.15609438188329,0.601,267.88,2.130256410256406,7.240000000000152,1.0000000000000004,0.6485445402180907,10.662893371455521,0.3848245053269287,1.087625,1.107,0.22249999999999992,1.2671000000000001,1.3057999999999998,0.137825,0.26710000000000006,0.30579999999999996,0.16499037850735415,1.856243358562612,4.115999999999943,6.35399999999991,0.28205128205128205,0.07692307692307693,3.556971696673028,1.865897142858258,5.890760827760163,6.962257922300265,7.826621237801315,0.20512820512820512,1096.0413293532708,1640.876553455113,107.324,173.729,193.10899999999984,0.05038940279690224,424.89216203322127,0.30609666347600767,0.3486024087805453,2.051282051282052,0.47153545301519095,1150.6939542554517,0.6368481151151847,0.47373808193128375,0.22570784110979702,0.03838987763007171,0.2621641993288476,0.4618912319365927,6.0,3.1578947368421075,0.3099999999999998,0.13874436925511544,0.4475624814681146,6.1421178715271845,6.5975641085996335,3.541680816977754,10.948012754597622
18_fast_02,WALKING__18_fast_02,WALKING,1,7,15.0,17.0,40,0.16230532915402027,46.651279269017884,0.77,199.24,2.351282051282054,10.000000000000213,1.0000000000000004,0.6294149887917686,10.061772433090447,0.35852503902471516,1.052175,1.0379999999999998,0.16725000000000012,1.2413,1.3422499999999995,0.12177499999999997,0.24670000000000006,0.34224999999999955,0.16854279871890107,2.08298770682274,4.088000000000055,5.221999999999934,0.23076923076923078,0.05128205128205128,4.435602516811199,2.569772579541854,9.079897451847742,9.494775521290867,10.158306945549754,0.3076923076923077,1260.3000286202168,2131.4974058285434,108.83800000000001,176.26600000000002,191.33999999999997,-0.08047115794678128,287.4291282496829,0.1292017138626828,0.32925424030915734,2.5641025641025648,0.34005807242417996,2390.557343043427,0.7415265672369385,0.3530264525947917,0.16952447491249983,0.17765966373046296,0.29978940876224547,0.490215034660392,4.0,2.1052631578947385,0.5000000000000006,0.14999999999999947,0.2999999999999986,9.708400018047858,9.494230332135123,7.262856847484409,19.44784763214388
18_fast_02,WALKING__18_fast_02,WALKING,1,8,17.0,19.0,40,0.1597389196028865,58.05675680049918,0.704,216.43,2.4066666666666734,7.1999999999999,2.000000000000001,0.42970067076416396,13.383141481418727,0.25817062662390067,1.095125,1.091,0.22575,1.2681,1.3555,0.14832499999999998,0.2681,0.3554999999999999,0.18419385168892038,1.9900718491834233,5.716000000000237,6.625999999999955,0.23076923076923078,0.15384615384615385,4.179130900986052,2.3443646405825946,7.1006805662437475,7.643915360262218,10.69732676887142,0.38461538461538464,1083.3828664779976,1831.1637561616767,118.04475,190.0240000000001,234.36849999999998,0.015607606460267046,363.44778683134456,0.16648088939707115,0.21234258750228735,2.051282051282052,0.38036166818340866,2447.3686480913675,0.6757954312643515,0.3475219515680161,0.3959126883175383,0.01141830826058466,0.24514705185386074,0.24151319060101362,5.0,2.631578947368423,0.3874999999999993,0.08539125638299665,0.22036453260128208,7.529763534251984,7.915036071888363,5.148833145717382,14.944519480720684
18_fast_02,WALKING__18_fast_02,WALKING,1,9,19.0,21.0,40,0.1622200764551916,49.56945518081752,0.779,193.28,2.5635897435897377,8.519999999999877,1.0000000000000004,0.6981100463386152,11.606594248888724,0.38880167412749755,1.101925,1.1195,0.14775000000000005,1.2886000000000002,1.3392,0.15907500000000002,0.2886000000000001,0.33919999999999983,0.1898583024257828,2.2990701635083033,5.700000000000015,6.927999999999905,0.358974358974359,0.1794871794871795,4.130356071170746,2.367173477112838,7.020288207288557,8.344463443549023,9.54727186163657,0.358974358974359,1266.3983173132142,1963.6564892205258,116.7995,174.273,180.40649999999997,0.015183827989521231,305.56917654091717,0.21336733463092286,0.404660005333619,2.051282051282052,0.4858149200735413,2626.4901086564437,0.7127445369980716,0.4449563932996097,0.1284674946786716,0.062438381609660386,0.3641377304120583,0.2714955443852142,4.0,2.1052631578947385,0.5,0.05000000000000071,0.10000000000000142,7.583144517443409,6.917196505320474,4.860562270414103,15.538927006908809
18_fast_02,WALKING__18_fast_02,WALKING,1,10,21.0,23.0,40,0.17684522423105845,55.93330368359748,0.7250000000000001,199.8,2.756410256410255,9.13999999999987,2.000000000000001,0.5823264737279604,16.366782083065615,0.3385887403335473,1.07285,1.0835,0.18625000000000003,1.3252,1.3378499999999998,0.15165,0.32519999999999993,0.3378499999999998,0.18920755798857508,2.4071860479335014,6.744000000000008,7.483999999999895,0.358974358974359,0.15384615384615385,3.9959895729898993,2.4459366194917123,7.851294714762924,8.605149212569545,10.873122826492704,0.28205128205128205,1100.18438567841,1760.8533333026228,108.93825,181.52,191.72699999999995,0.24407511573522536,316.2839365710968,0.31987451847764464,0.3974510474298316,2.051282051282052,0.42321285316205626,2551.8703314823997,0.6534202503905386,0.28042685808016954,0.4609820399998554,0.07898070726484381,0.1796103946551315,0.04608873451712226,4.0,2.1052631578947385,0.5166666666666657,0.028867513459479646,0.05587260669576716,8.153243235909374,6.370722757455226,4.067255685069611,12.394026971219406
18_fast_02,WALKING__18_fast_02,WALKING,1,11,23.0,25.0,40,0.14874403888077029,54.787503042933864,0.8019999999999999,220.06000000000003,1.8610256410256454,7.199999999999895,1.0000000000000004,0.4224106203520447,13.405963656539422,0.29403209580065254,1.095075,1.0950000000000002,0.14050000000000007,1.2498,1.3067,0.131425,0.2498000000000001,0.3066999999999999,0.17495978109268426,1.5436521882446819,3.4999999999999494,4.358000000000205,0.1282051282051282,0.05128205128205128,3.6372450996089585,1.9222949232174653,5.754131689151252,7.3203496972085995,10.719570886933708,0.1794871794871795,1117.0896230515264,1793.2805299652655,135.78975,221.788,241.833,0.15604468343958933,368.3341090855428,0.2861164004661643,0.30018246672559834,2.051282051282052,0.46628387150547207,993.4974386636549,0.6697990241076893,0.3806760078359053,0.21216568915338496,0.28133159804582164,0.12582670496488807,0.4999040279698491,3.0,1.5789473684210538,0.32500000000000107,0.10606601717798364,0.32635697593225627,7.896056076885595,7.372820068607987,4.776446255419876,12.417861182380168
18_fast_02,WALKING__18_fast_02,WALKING,1,12,25.0,27.0,40,0.1812065951564819,48.23934833669209,1.162,220.82999999999998,2.8046153846153787,10.63999999999985,1.0000000000000004,0.4215552242824557,17.0129157641514,0.20921222409970994,1.0696249999999998,1.0405,0.22125000000000006,1.2516,1.2726499999999998,0.132525,0.2664,0.32504999999999984,0.19199628902663715,2.383855618810815,5.091999999999926,7.7159999999998945,0.3333333333333333,0.1282051282051282,4.7812238440141686,2.507937103549994,7.446033493334309,8.832106548083251,12.071868123865332,0.41025641025641024,1272.6106277526644,2209.7896004860004,103.49549999999999,165.723,170.35,-0.21434113763852003,266.2118798437482,0.09981888335430514,0.39555097222646884,0.512820512820513,0.38253236887302255,2606.067339634801,0.7764069168853088,0.33592577939918883,0.18240219834085106,0.24247414269096002,0.23919787956900027,0.36413092677364844,3.0,1.5789473684210538,0.375,0.10606601717798615,0.2828427124746297,7.86048392668967,9.465519187587024,5.2693341029654786,15.952123156505548
18_fast_02,WALKING__18_fast_02,WALKING,1,13,27.0,29.0,40,0.19903277497141147,52.46921488370891,1.073,196.22,2.279487179487165,10.819999999999844,1.0000000000000004,0.6289189029062554,22.872158469768408,0.3408620228279238,1.1111749999999998,1.044,0.2430000000000001,1.3308,1.3848999999999996,0.144925,0.3308,0.3848999999999997,0.22579542732305277,2.47542229115923,5.763999999999918,6.073999999999916,0.28205128205128205,0.15384615384615385,4.422349968324309,2.2750593372760086,7.2407339871998255,7.450345376173695,11.371860006172971,0.38461538461538464,1319.7793006708619,2297.5968662301675,128.7285,179.27300000000002,192.8784999999999,-0.2618499333093369,263.6209784606854,0.13959889248441998,0.4506486208961234,1.025641025641026,0.44355752060773324,2091.4900925491097,0.6184395946273773,0.5088858189555954,0.24077194581516748,0.14796928882162808,0.10237294640760912,0.3109830127691968,4.0,2.1052631578947385,0.40000000000000097,0.1802775637731971,0.45069390943299165,8.302680929854473,8.705220092153109,4.527643516135169,15.056239137145592
19_fast_03,WALKING__19_fast_03,WALKING,1,0,1.0,3.0,40,0.1793583131253734,55.90810743406519,0.8150000000000001,227.24,2.5035897435897434,7.719999999999995,1.0,0.6419400737342799,18.342287774263024,0.3215333246546513,1.126675,1.1055000000000001,0.21650000000000014,1.3249000000000002,1.4693999999999998,0.163525,0.32490000000000013,0.4693999999999998,0.21774233626008518,1.9509504932879418,4.772000000000012,5.745999999999999,0.358974358974359,0.07692307692307693,4.08558031264346,2.2588988167774513,6.267653949753396,7.571551613506717,11.066797187985319,0.3076923076923077,1241.2980331516455,1882.5550359256756,124.50275000000002,191.05200000000002,208.00099999999998,-0.20264907821655567,311.71182678878574,0.17653129991362398,0.5377065564230421,1.0256410256410255,0.31938545721268563,2018.1906346874136,0.6864549360187768,0.5042466907298964,0.14872306843289987,0.09256974554427493,0.2544604952929289,0.25225469709325465,2.0,1.0526315789473684,0.55,0.0,0.0,10.565823456819722,7.192957861073682,5.934895791666356,13.312683807840134
19_fast_03,WALKING__19_fast_03,WALKING,1,1,3.0,5.0,40,0.17480267996537388,60.8721239303745,0.7020000000000001,235.96,2.2661538461538444,9.319999999999952,1.0,0.5804614431217627,18.218876497528534,0.3285861400568657,1.10215,1.1035,0.24049999999999994,1.3261,1.4102,0.15819999999999998,0.3261,0.4101999999999999,0.20056594925360588,1.9267051441646639,4.0520000000000005,4.640000000000016,0.28205128205128205,0.05128205128205128,3.80547271006643,2.0687748768715473,6.010206171396114,7.869863184802644,10.26126697830238,0.20512820512820512,1145.1260034880572,1863.4204247806802,133.475,207.64700000000002,231.706,0.005656100235044998,348.23335627595907,0.14295613473876365,0.26847688405589737,0.5128205128205128,0.4221274474080103,1394.4074587704833,0.6571629711401774,0.4821340005934262,0.1147723865422676,0.19151166044437015,0.21158195241993608,0.1705037353932346,3.0,1.5789473684210524,0.42500000000000027,0.1767766952966369,0.41594516540385124,7.144071161208136,6.390903548912421,4.279665201356921,10.723229359636562
19_fast_03,WALKING__19_fast_03,WALKING,1,2,5.0,7.0,40,0.17071316286203292,53.41436223778424,0.7750000000000001,210.34,2.3953846153846166,8.780000000000033,1.0,0.5849901707849414,17.337350658639846,0.35205026641962367,1.0848749999999998,1.0470000000000002,0.19725000000000015,1.3453,1.3829999999999998,0.136875,0.3453,0.38299999999999984,0.1887277801490814,1.9915371557957455,5.2840000000000185,6.036000000000023,0.358974358974359,0.1282051282051282,4.0229178914909705,2.063019847689774,6.436580745830442,7.014418780378977,10.384392134352437,0.3076923076923077,1378.0646383230376,2274.2650879296943,123.37875,197.019,220.21949999999995,-0.2806000095510435,312.88953553600726,0.2357744791354292,0.3348825504130596,2.051282051282051,0.6458089891888409,1705.236316359699,0.6652833168335552,0.49843069345503177,0.21607136631313664,0.1052775690590827,0.1802203711727488,0.22970251975131906,5.0,2.6315789473684204,0.3999999999999999,0.14719601443879743,0.36799003609699366,7.537585241374383,7.363471046818584,5.102204624797925,13.62011216143378
19_fast_03,WALKING__19_fast_03,WALKING,1,3,7.0,9.0,40,0.15421522589367076,53.619031408920186,0.6749999999999999,247.39999999999998,2.1328205128205133,7.900000000000029,1.0000000000000004,0.7958131612515147,13.345648296553188,0.35482545707539237,1.08585,1.0619999999999998,0.21649999999999991,1.2767,1.3194,0.13365,0.27669999999999995,0.3193999999999998,0.17480846661417748,1.9674160835684802,4.672000000000033,5.881999999999919,0.28205128205128205,0.07692307692307693,3.4193153960934795,2.0625470116459392,5.315454165982702,6.794531506463331,9.265527507918833,0.15384615384615385,1116.3033951588743,1799.6605076840337,111.28699999999999,170.841,179.2565,-0.14897841264594944,347.689607807531,0.1849794409283444,0.48172865656294783,2.051282051282052,0.5244555419835498,1860.2107135333822,0.5337609430533663,0.6655814544213565,0.11576460666058928,0.05257955689228953,0.16607438202576452,0.17027525892566608,3.0,1.578947368421053,0.7500000000000004,0.5656854249492367,0.7542472332656485,6.891767360134004,6.203503603728241,4.147830657132251,10.818817534412933
19_fast_03,WALKING__19_fast_03,WALKING,1,4,9.0,11.0,40,0.18260254582997945,47.97062537075724,0.767,187.01,2.3205128205128225,8.80000000000019,1.0000000000000004,0.6546761431499332,16.83568966084801,0.45297768639420405,1.0824500000000001,1.0230000000000001,0.2197500000000001,1.3138,1.4261,0.14040000000000002,0.3138000000000001,0.42609999999999987,0.1982627045109594,2.1136523001392757,4.655999999999936,6.550000000000141,0.358974358974359,0.07692307692307693,3.9027214989757693,2.1370382305514672,7.086603822817813,8.142336286935832,9.738357150977984,0.23076923076923078,1340.5322050896784,1909.4677084746963,120.19299999999998,175.849,180.98649999999998,-0.2982660455855025,262.70512906990086,0.17246491816699705,0.27830310879812914,1.025641025641026,0.5659106790585702,1121.6512382235053,0.5836884538474542,0.46568102126989525,0.23138864626420783,0.14625980857097445,0.15667052389492242,0.490023376650958,5.0,2.631578947368423,0.42500000000000027,0.09574271077563379,0.2252769665309029,6.809042985047387,7.4612054439741105,3.681571013071083,11.443676713204674
19_fast_03,WALKING__19_fast_03,WALKING,1,5,11.0,13.0,40,0.16140449069150653,55.32189668900761,0.7099999999999999,268.07,1.8374358974358977,7.340000000000156,1.0000000000000004,0.6951042938683795,15.919677424564163,0.3882031071009273,1.0759750000000001,1.0765,0.1905,1.2554,1.2862499999999994,0.144025,0.2554,0.2862499999999995,0.1765568605294056,1.7375856176538362,3.695999999999948,6.08999999999991,0.15384615384615385,0.07692307692307693,3.3068406301864184,1.7735112126675174,6.380455884832721,6.703699319700724,7.722590239032662,0.20512820512820512,1229.9930849390505,2028.5310925867138,117.07075,190.95000000000002,197.58499999999998,-0.11886377217717913,342.7531443021912,0.259565878743882,0.39858441861958616,2.051282051282052,0.3655239952299078,1207.2317623529523,0.49558165441972135,0.5817650102241254,0.24388368811045716,0.08264663307773452,0.09170466858768307,0.4103185961286833,5.0,2.631578947368423,0.3875000000000002,0.2136000936329388,0.5512260480850031,5.554678888973943,6.232127004749488,3.8080778887078828,10.255993681802872
19_fast_03,WALKING__19_fast_03,WALKING,1,6,13.0,15.0,40,0.22448438926936776,53.436802140592405,1.0090000000000001,231.07999999999998,2.6748717948717893,10.979999999999848,2.000000000000001,0.4870587957068069,24.61830923994771,0.40584824053530993,1.0762,1.069,0.3235,1.2768000000000002,1.3650499999999994,0.19045,0.29840000000000005,0.3650499999999993,0.23439251267905298,2.5908328998045724,7.507999999999892,7.78599999999992,0.2564102564102564,0.1282051282051282,4.070244882164377,2.4830412028364326,7.929224434125111,8.515583168972762,12.192866767089509,0.20512820512820512,1072.626278887062,1795.958550115702,122.81025,191.81,204.57049999999987,0.23201780981007467,238.04239713288686,0.33269596730706985,0.23837717484714163,1.025641025641026,0.46277086006809814,2044.3774981856131,0.7067696271943359,0.1621643801283231,0.4757766970882573,0.2320341204369724,0.1300248023464473,0.00909789097396335,4.0,2.1052631578947385,0.48333333333333367,0.16072751268321553,0.3325396814135491,8.660336867011642,6.795598597294861,3.372384676545574,10.683106238022289
19_fast_03,WALKING__19_fast_03,WALKING,1,7,15.0,17.0,40,0.21750812540083328,66.32485459599204,0.8069999999999999,252.55,2.815897435897458,11.040000000000628,2.000000000000001,0.6901983240832784,31.243397183625234,0.3491537935232785,1.1073999999999997,1.141,0.3380000000000001,1.3721,1.4418999999999997,0.1994,0.3721,0.44189999999999974,0.2401287154840087,2.202874578875694,5.663999999999921,6.8060000000001715,0.3333333333333333,0.1282051282051282,4.350694270776486,2.2393873405998965,7.524514504543888,7.975168770401217,11.187993564532213,0.28205128205128205,1082.069020859179,1690.1742363178591,124.3625,220.12600000000006,250.9975,0.16686023168681796,304.9304685687753,0.3097824915051819,0.2444362221620356,2.051282051282052,0.5189946016320502,2111.6660038236028,0.5440152697368065,0.12028341082260967,0.7172738424954234,0.0720195784262568,0.09042316825571027,0.015849130147534356,6.0,3.1578947368421075,0.31999999999999995,0.12549900398010963,0.3921843874378427,7.694583204013468,6.985653775403094,3.9195591220989385,11.75438788807257
19_fast_03,WALKING__19_fast_03,WALKING,1,8,17.0,19.0,40,0.16485990750502105,52.49147005124762,0.627,166.03,1.759487179487176,6.139999999999912,1.0000000000000004,0.5840258246251117,18.095999885435916,0.361571444606207,1.091075,1.0765,0.2530000000000001,1.298,1.38875,0.150875,0.29800000000000015,0.38874999999999993,0.18653143166769506,1.5681063818603818,3.879999999999945,5.481999999999923,0.15384615384615385,0.07692307692307693,3.141280979969332,1.7844872357305201,5.80533629666762,6.454681076854461,8.254404884666595,0.1282051282051282,994.1283751054938,1485.4515495554951,101.16775,159.303,170.8345,-0.09168802009165349,318.4004579745922,0.19749062470729786,0.3759301675713158,2.051282051282052,0.642867851165787,1367.2195450605816,0.4918801326501736,0.5548055405924188,0.34551949528381143,0.012126244759607907,0.08754871936416168,0.6079077328919164,4.0,2.1052631578947385,0.4666666666666662,0.07637626158259841,0.16366341767699677,5.732290714686281,5.653085503046604,3.887861775866047,10.85718342655782
19_fast_03,WALKING__19_fast_03,WALKING,1,9,19.0,21.0,40,0.1693481299057185,59.32420661079253,0.623,243.57999999999998,2.384615384615376,6.919999999999901,2.000000000000001,0.6738052450284836,17.06555675375998,0.38642230864761096,1.0759250000000002,1.0819999999999999,0.1975,1.3087,1.32075,0.151325,0.30870000000000003,0.32075000000000004,0.18364755647707376,1.8361542277755691,5.179999999999925,5.396000000000267,0.3076923076923077,0.1282051282051282,3.9483308918860733,1.806096718565879,6.180777510656827,7.397345138055974,9.223470062834139,0.2564102564102564,1272.6291412229064,2048.3089698240015,126.2385,209.66000000000003,216.3945,0.01942561536032426,350.30919233545836,0.2281585685016411,0.24539022243098815,2.051282051282052,0.5456183884730123,1276.638429499322,0.5108213717719174,0.24592189647932525,0.5881360173566532,0.03162501798901813,0.13431706817500366,0.00033223051485723127,4.0,2.1052631578947385,0.5500000000000007,0.25,0.454545454545454,6.221733161237313,7.355357874375108,3.5606628852306255,11.17185354684948
19_fast_03,WALKING__19_fast_03,WALKING,1,10,21.0,23.0,40,0.18683273748160892,59.1201043921045,0.836,243.71,2.3210256410256425,7.979999999999887,1.0000000000000004,0.5352315350429224,18.313571448575722,0.4521339294660222,1.0957000000000001,1.0350000000000001,0.2490000000000001,1.3345,1.4185499999999995,0.14425,0.3345,0.4185499999999994,0.2078275727616526,1.8803412272521558,5.196000000000003,6.001999999999914,0.28205128205128205,0.1282051282051282,3.847123536858363,1.8015401246964473,6.111396773857928,6.421774371154592,8.41477272420343,0.28205128205128205,1145.2161694821075,1807.414897230696,130.7405,215.15800000000002,230.17749999999998,-0.07143098387726449,316.43332527803943,0.25086131160578246,0.38350487034492,1.025641025641026,0.4097544252361927,1508.7384019800775,0.606998524838788,0.37789908242183395,0.31485358099765337,0.1674888955303329,0.13975844105017976,0.8101737999482512,4.0,2.1052631578947385,0.5166666666666669,0.17559422921421128,0.3398597984791184,6.417976245806113,7.000362251950331,3.8243996285819675,11.585042693897368
19_fast_03,WALKING__19_fast_03,WALKING,1,11,23.0,25.0,40,0.1650263673570891,48.6569191057035,0.7530000000000001,153.32,2.240000000000001,10.899999999999848,1.0000000000000004,0.7041220294456426,14.209341622871468,0.3905630308176558,1.0888749999999998,1.0725,0.18774999999999997,1.2634,1.3422999999999992,0.129475,0.2634,0.3422999999999992,0.18561148940731012,2.4630447567358944,4.723999999999939,7.564000000000364,0.23076923076923078,0.10256410256410256,4.162885413415175,3.4126954016013604,7.757364961292151,9.684710920040702,18.21850707385187,0.23076923076923078,1221.7748604070496,1985.4645036677853,107.70974999999999,168.115,174.588,-0.28602120559069083,294.84330222465707,0.19323143858861092,0.44201744781229463,2.051282051282052,0.31880573105621224,3926.1818945042537,0.6203771034374495,0.5510794665708182,0.1052251610946598,0.1688856622989866,0.1748097100355357,0.14275978251637808,3.0,1.5789473684210538,0.7249999999999996,0.10606601717797862,0.14629795472824644,11.85091320184766,8.454856693479815,6.82978989061796,16.354812311312394
19_fast_03,WALKING__19_fast_03,WALKING,1,12,25.0,27.0,40,0.2214375975650581,60.66693983314098,0.8469999999999999,250.55999999999997,2.6046153846153897,8.979999999999874,2.000000000000001,0.4802681960238952,33.02820774426254,0.4349885564867441,1.081575,1.0895000000000001,0.29974999999999996,1.3725,1.4028999999999998,0.19412500000000002,0.3725000000000001,0.40289999999999987,0.23337357391101504,2.0550551870600255,5.535999999999923,6.020000000000296,0.38461538461538464,0.1282051282051282,4.676328511911943,2.1805872838737996,7.6573534731257995,8.177569724485933,9.730878685915128,0.38461538461538464,1789.309543902026,3531.869854848658,128.88400000000001,204.87900000000002,244.6255,-0.13885798624468093,273.96856044429,0.20679151679889884,0.25581691574944204,2.051282051282052,0.517948935624198,1121.5578403643174,0.5119554479108067,0.39703091636566795,0.46044175824952444,0.08912074947142956,0.05340657591337818,0.01831356016354255,6.0,3.1578947368421075,0.35,0.0707106781186545,0.20203050891044144,7.964977266761167,9.384357925015356,4.448661880752249,16.38442144221121
19_fast_03,WALKING__19_fast_03,WALKING,1,13,27.0,29.0,40,0.16722540446186965,65.16705223048113,0.6749999999999999,370.34999999999997,2.181025641025637,7.539999999999891,1.0000000000000004,0.6258123795514664,16.94654183375668,0.30368220611766394,1.0848499999999999,1.0645,0.24124999999999996,1.306,1.3554,0.152,0.3060000000000001,0.35539999999999994,0.18564684214928084,1.912050146435249,4.87599999999993,5.66999999999992,0.28205128205128205,0.10256410256410256,4.045673176911067,2.2660364961945842,6.691364599137099,7.7802028578306,10.849387079461984,0.28205128205128205,1341.9926940319112,1775.343764401436,126.654,180.105,198.07049999999995,-0.05336518167621599,389.69588646048317,0.28256401676302406,0.31233557537054973,1.025641025641026,0.691796797809406,1361.534705235056,0.6242837038833027,0.532743006550335,0.19370628931317044,0.12467770544852495,0.1488729986879696,0.2802570506463447,4.0,2.1052631578947385,0.5333333333333327,0.27537852736430374,0.5163347388080701,8.569709861574864,7.694378988300848,5.326023226034088,14.314472030101479
20_large_arm_swings_02,WALKING__20_large_arm_swings_02,WALKING,1,0,1.0,3.0,40,0.2655498601112947,64.60624284155955,1.018,241.96,2.5794871794871788,7.580000000000025,1.5,0.466117495519457,50.679296239674514,0.32101123923168773,1.1113,1.1989999999999998,0.37150000000000005,1.3892,1.4071999999999998,0.24955,0.4099,0.4689999999999999,0.2848534711040046,2.1037084407727873,5.427999999999998,6.825999999999966,0.358974358974359,0.1282051282051282,4.0231796894526415,2.6119088717714263,7.192221749050801,8.233418995829576,14.489320204895796,0.20512820512820512,1065.2389900672533,1483.7711561048711,134.59250000000003,218.22400000000002,237.18799999999996,0.579595774996844,243.29232489327012,0.19524421955673796,0.38547828563728953,1.5384615384615383,0.6438666353702679,2006.8025731346772,0.6074104297001193,0.24630058842216412,0.5033371069551996,0.1769635008633746,0.07339880375926154,0.35218183734519065,3.0,1.5789473684210524,0.7,0.35355339059327406,0.5050762722761059,9.754999069106558,7.006181594483944,6.456019515554544,14.058729403170178
20_large_arm_swings_02,WALKING__20_large_arm_swings_02,WALKING,1,1,3.0,5.0,40,0.33768949096424705,51.89717708591845,1.292,207.66000000000003,2.5148717948717976,7.7200000000000255,1.5,0.6176862137485876,82.98143746524649,0.12338649102883792,1.0387499999999998,1.136,0.52325,1.3823999999999999,1.4233999999999998,0.28735,0.5255000000000001,0.61525,0.3356857161095777,1.8262052570906853,4.712000000000015,4.984000000000013,0.4358974358974359,0.05128205128205128,3.902284130439521,1.8892839359723177,6.101551597452303,7.163298342059701,8.43599431009761,0.3333333333333333,965.2371854810984,1569.5474677170664,133.2705,188.571,201.19449999999998,0.6252960865261276,153.68312747231175,0.15882018765432557,0.5372492448999543,1.0256410256410255,0.28918247723597496,1233.9277320816766,0.4711959164140214,0.2832081081647985,0.6030598391842111,0.05155866969394759,0.06217338295704276,0.03320715030825506,4.0,2.1052631578947363,0.4666666666666666,0.30550504633038916,0.6546536707079769,7.012907738131949,7.342636173504586,4.571219600884683,13.874981854796049
20_large_arm_swings_02,WALKING__20_large_arm_swings_02,WALKING,1,2,5.0,7.0,40,0.28860946907720414,82.79318477464317,1.0939999999999999,296.2,2.8256410256410254,12.200000000000044,1.5,0.5163558835353068,59.697409764716454,0.2642879394737594,1.1844000000000001,1.2414999999999998,0.3212499999999998,1.4809,1.5654,0.29975,0.516,0.5653999999999999,0.3394354135914519,2.463155651290261,5.884,6.988000000000028,0.3076923076923077,0.1794871794871795,4.534300447627849,2.746464993860453,8.090232064938613,9.56403251052096,12.930738571326899,0.3333333333333333,1597.59632237382,2953.7406917816174,169.719,266.788,302.01899999999995,0.3823183589170446,286.86925983185836,0.22119987758218215,0.28209793751756557,1.5384615384615383,0.4985218878820745,2134.4462315042383,0.574451607389952,0.2767669111904095,0.6110872593523715,0.06932494953229783,0.04282087992492121,0.0428036743726633,4.0,2.1052631578947363,0.3499999999999999,0.08660254037844406,0.24743582965269736,8.762762654348581,6.888671096898106,4.6453815653707355,11.793458677799663
20_large_arm_swings_02,WALKING__20_large_arm_swings_02,WALKING,1,3,7.0,9.0,40,0.3231962014247454,74.57002819540907,1.133,259.9,2.497435897435896,6.319999999999907,1.0000000000000004,0.4479108995865164,77.43130096661957,0.4071170144963311,1.0764,1.1715,0.4562499999999998,1.3975,1.47975,0.29314999999999997,0.48250000000000015,0.5449499999999999,0.32814836583472423,1.8561090002429028,5.011999999999947,5.940000000000104,0.3333333333333333,0.10256410256410256,4.472355425364008,2.763574349411026,7.0848658288532596,11.333543423024725,12.055355656304622,0.38461538461538464,1488.8738075360202,2327.0942122589076,163.57775,243.11200000000002,258.1805,0.43015750224593874,230.72680887548213,0.20458745918944485,0.5306000091762124,1.025641025641026,0.4006410221874656,1437.880735961027,0.4650657543230282,0.49402080281172783,0.4197876652668627,0.06083877038313513,0.025352761538274024,0.0016651138146582028,6.0,3.157894736842106,0.33000000000000007,0.05700877125495666,0.17275385228774742,7.711822735524493,8.25648441641048,6.531308128114787,17.812161354192895
20_large_arm_swings_02,WALKING__20_large_arm_swings_02,WALKING,1,4,9.0,11.0,40,0.2863490059440197,72.02655054623777,1.188,272.14000000000004,2.6953846153846084,7.780000000000168,0.5000000000000002,0.32165802408913857,56.60521079101021,0.07826910692490127,1.189875,1.2395,0.2015,1.4886,1.52495,0.305875,0.5246000000000001,0.5441999999999999,0.3405853417280315,2.002931859147639,5.5319999999999245,6.967999999999901,0.38461538461538464,0.1282051282051282,4.303836044564534,2.2602120112408084,7.269196109032698,8.08164925340993,11.159103906676219,0.2564102564102564,1562.0311372800716,2728.14955721528,159.08100000000002,242.228,281.09149999999994,0.3164276398261977,251.53413859002092,0.3077368322428068,0.3591706223139234,2.5641025641025648,0.40996716199351757,819.9128462607107,0.7015994251026246,0.4839974946231307,0.3443258841359201,0.08591600323595941,0.08576061800498971,0.6673065937072188,4.0,2.1052631578947385,0.3000000000000001,0.13228756555322874,0.44095855184409566,8.434126189627621,7.111732407265247,4.790912108822823,11.020180868405495
20_large_arm_swings_02,WALKING__20_large_arm_swings_02,WALKING,1,5,11.0,13.0,40,0.31996063459792623,70.44503991747297,1.151,285.36,2.4066666666666694,5.759999999999919,1.5000000000000007,0.46293946279804254,78.21913958226546,0.35949173693698433,1.07625,1.208,0.42900000000000005,1.386,1.4344999999999999,0.29124999999999995,0.4867,0.51055,0.32500692300318773,1.5399681017430056,4.560000000000097,5.419999999999921,0.3333333333333333,0.07692307692307693,4.19537824633149,1.599480618317045,5.983467227726444,6.466250598806589,8.883557845818181,0.28205128205128205,1515.7920983634986,2558.696729975865,155.9615,236.38600000000002,258.6885,0.32033278333289944,220.16783410245662,0.21651830738591438,0.3300901171497793,1.025641025641026,0.37004174986567806,1079.6136507789786,0.5097494859408729,0.43036581602406404,0.48257138353292,0.07145338719129432,0.01560941325172174,0.00026591828631474955,3.0,1.5789473684210538,0.6500000000000004,0.49497474683058273,0.7614996105085884,7.060240394753063,8.59201460175067,4.715648472316682,14.165520816847131
20_large_arm_swings_02,WALKING__20_large_arm_swings_02,WALKING,1,6,13.0,15.0,40,0.38436531017596615,77.00931598281487,1.24,270.12,2.6425641025641036,7.120000000000154,1.5000000000000007,0.37823932636378926,106.75643393564187,0.38731972556216065,1.0957750000000002,1.254,0.5039999999999999,1.4618,1.49065,0.354825,0.6059,0.6364499999999998,0.3914283139988726,2.01554578993112,5.659999999999959,6.223999999999913,0.38461538461538464,0.15384615384615385,5.236026614389221,4.842158572706411,7.61304388761073,16.446783336538306,23.237710730620275,0.3333333333333333,1601.0766312800454,2590.526212376093,156.01575,241.80100000000002,272.4195,0.3304426229205114,200.3544907514137,0.0645385108347493,0.5055144508410394,1.538461538461539,0.2854293352394543,8968.614413558293,0.5846127387420181,0.4802319076518101,0.3767889596698082,0.11061463994785296,0.032364492730528716,0.09539961232860711,2.0,1.0526315789473693,1.4000000000000004,0.0,0.0,19.624241052458395,10.015575419842984,11.773177000184646,17.163853959653327
20_large_arm_swings_02,WALKING__20_large_arm_swings_02,WALKING,1,7,15.0,17.0,40,0.3149148847155126,70.99087929815802,1.138,300.73,2.4482051282051387,7.94000000000017,1.0000000000000004,0.33383616967330265,66.37345881428392,0.2612012770433159,1.142,1.2469999999999999,0.19599999999999995,1.4199000000000002,1.4881,0.31315,0.5134000000000001,0.56625,0.3418422150642018,2.0920990111858124,5.52800000000008,5.6919999999999185,0.38461538461538464,0.15384615384615385,4.118981679424189,2.405600959264545,7.330404252238065,7.692666866942451,9.47455539854002,0.3333333333333333,1153.416709909305,1553.5530271751807,156.52275,234.50500000000002,247.11049999999994,0.19585930469043916,225.42878327993188,0.09142231525682831,0.3480766495226856,1.538461538461539,0.485209901155804,3043.066185426494,0.7146872306150476,0.4894219636032249,0.3072932427604184,0.10489210644830348,0.0983926871880535,0.2777880460473578,3.0,1.5789473684210538,0.6250000000000009,0.31819805153394465,0.5091168824543107,8.06133053942142,7.344372180650955,5.130568063311405,13.800920930049678
20_large_arm_swings_02,WALKING__20_large_arm_swings_02,WALKING,1,8,17.0,19.0,40,0.30442588989095104,53.34177394046232,0.9870000000000001,193.48,2.0897435897435885,5.799999999999918,1.5000000000000007,0.44233936078718233,67.70576400764239,0.14028878009616597,1.045425,1.1635,0.42800000000000016,1.3590000000000002,1.4133499999999999,0.275675,0.4603,0.4754999999999998,0.3040093337382917,1.6671745514957979,3.9999999999999427,5.70399999999996,0.3076923076923077,0.07692307692307693,3.4627862636921245,1.84785893448993,5.583457117615893,6.6224865914787685,7.362336585622696,0.15384615384615385,1177.8093898323393,1880.6685839661482,134.81125,199.763,213.6,0.5566037644991514,175.22088531816388,0.11476910744714529,0.41025290363662753,2.051282051282052,0.4368139961585,1400.0840418077119,0.6007156123501687,0.3803890026965416,0.49560947109249937,0.08457250027654027,0.03942902593441903,0.030751098189840197,4.0,2.1052631578947385,0.5,0.14999999999999858,0.29999999999999716,6.6890688441677,6.199438753511005,3.872759452892486,10.753622682883034
20_large_arm_swings_02,WALKING__20_large_arm_swings_02,WALKING,1,9,19.0,21.0,40,0.25385901094091073,66.63359449497312,1.041,266.52,2.4723076923076976,4.92000000000028,1.5000000000000007,0.38212987021144335,42.46559909503341,0.1533680495390281,1.10275,1.1404999999999998,0.2622500000000002,1.3974,1.4666,0.22225,0.4682000000000001,0.5047499999999999,0.2709074565234409,1.4248295586683677,4.579999999999934,4.661999999999933,0.38461538461538464,0.0,3.552849485097059,1.5406078850961884,5.246722951780802,5.762092932770683,7.505651204259255,0.1282051282051282,1273.6771662251492,2048.78896395998,148.88025000000002,229.345,240.207,0.2523136566368463,262.48268378577677,0.1902438103796817,0.31268059345843124,1.025641025641026,0.4147805008452131,408.969975203783,0.6938633872396825,0.3726754020756913,0.3536023145382922,0.17669119182061097,0.09703109156540556,0.10283958544384837,4.0,2.1052631578947385,0.39999999999999974,0.08660254037844407,0.21650635094611032,6.107686524498153,6.054441782735226,3.905597022449268,10.184470710260205
20_large_arm_swings_02,WALKING__20_large_arm_swings_02,WALKING,1,10,21.0,23.0,40,0.30459404572694404,69.04003100951557,1.051,312.20000000000005,2.446153846153848,6.5199999999999045,1.5000000000000007,0.6005961390323943,64.50757605829914,0.2837628150067913,1.0631749999999998,1.1435,0.39574999999999994,1.361,1.4033999999999998,0.268725,0.48190000000000005,0.5231999999999999,0.30732584499192384,1.810432654577676,5.071999999999929,5.996000000000294,0.3333333333333333,0.10256410256410256,3.8935601907244166,1.8914306240114411,6.7334530221282405,6.936541395900134,8.359377967289074,0.2564102564102564,1418.7771383002796,2419.4733894847454,141.9805,211.594,216.26749999999993,0.3973296225117203,226.6624445817536,0.17551970412878787,0.33070737676966094,2.5641025641025648,0.36475341524813026,1297.1035378400206,0.5483646605068646,0.2981668443799088,0.5404822783226116,0.10055469277319151,0.060796184524287915,0.07489996398994372,3.0,1.5789473684210538,0.5750000000000011,0.31819805153394587,0.5533879157112092,7.312152429894316,6.413260100563968,4.208751474163168,10.81845737468285
20_large_arm_swings_02,WALKING__20_large_arm_swings_02,WALKING,1,11,23.0,25.0,40,0.2417231887924698,72.34904719128774,1.0470000000000002,252.75000000000003,2.1107692307692307,5.639999999999921,1.5000000000000007,0.354001309494148,40.287043176450254,0.08978986024019323,1.15855,1.1815,0.21275,1.4111,1.417,0.2495,0.41700000000000004,0.4820999999999999,0.28654397568261664,1.579512557413936,3.939999999999946,4.963999999999933,0.28205128205128205,0.05128205128205128,3.5864908887884153,1.8934613325646572,6.002451439093,6.645247317187324,8.039726363502565,0.23076923076923078,1384.3212798436314,2549.5399682140755,144.2475,218.81100000000004,246.8924999999999,0.2708718821946671,299.3053647550655,0.12433318259098611,0.30980947227457883,1.025641025641026,0.3636239106999863,1322.7875685762835,0.6651790100841717,0.42813580953406216,0.4114916362599972,0.09403612233973578,0.06633643186620482,0.15252284714561254,4.0,2.1052631578947385,0.4166666666666667,0.05773502691896134,0.13856406460550721,6.6770650745509625,6.540042462158626,3.701009401517636,11.07743521730921
20_large_arm_swings_02,WALKING__20_large_arm_swings_02,WALKING,1,12,25.0,27.0,40,0.31396284179125566,65.99892830860676,1.0139999999999998,257.91,2.6184615384615415,6.359999999999909,1.5000000000000007,0.5422974692088891,72.90408297444985,0.4285153412041939,1.073525,1.1395,0.5155000000000001,1.4677,1.4939,0.28102499999999997,0.4757,0.49390000000000006,0.31861304901086523,1.757224993025469,5.180000000000217,5.475999999999924,0.3333333333333333,0.15384615384615385,4.160613404915875,2.179102589904819,6.696637809387025,8.320941950783265,10.598301750752182,0.28205128205128205,1434.4157821042827,2092.44389051113,172.11425,244.00900000000001,249.689,0.45191047413351365,210.21254595627417,0.15703330170650465,0.44674661362676393,0.512820512820513,0.35143701001200317,1536.3638246713176,0.4942666549328708,0.3707848503798586,0.5523643100194302,0.052052323253578954,0.02479851634713208,0.04643925331289407,5.0,2.631578947368423,0.3875000000000002,0.17969882210706428,0.4637388957601657,7.542881707905417,7.298984471046519,5.247917853304391,15.61438255701322
20_large_arm_swings_02,WALKING__20_large_arm_swings_02,WALKING,1,13,27.0,29.0,40,0.23147918442165127,64.69330994173933,1.1440000000000001,199.63,2.4189743589743564,7.479999999999896,2.000000000000001,0.2754830645305271,34.52887775614205,0.20409461660903291,1.1269500000000001,1.1755,0.1865000000000001,1.3286,1.3572999999999997,0.22350000000000003,0.41630000000000006,0.4610999999999998,0.26145621048274986,2.016661904278275,5.555999999999922,6.413999999999911,0.3333333333333333,0.15384615384615385,3.878194105983821,1.8716753582663654,6.510230772761839,7.517965442934674,8.035421581970553,0.2564102564102564,1233.1414513061484,2154.8573203195115,129.81225,209.919,218.264,0.10002221024262187,279.4778722906554,0.2550331367171137,0.3480590368668032,2.5641025641025648,0.40729174469995205,854.6276351161607,0.7162674093148979,0.35856250063791234,0.45261761321264077,0.040535276757143454,0.1482846093923036,0.05532785255141628,5.0,2.631578947368423,0.2999999999999998,0.05773502691896237,0.19245008972987468,6.700020775150986,6.4746185027398715,3.204072290435223,9.469637028941554
21_large_arm_swings_03,WALKING__21_large_arm_swings_03,WALKING,1,0,1.0,3.0,40,0.31590898458015015,70.76868632047398,1.112,261.78999999999996,2.7779487179487186,9.060000000000032,1.5,0.6254764330832874,74.23891907928534,0.10134899227924282,1.0477750000000001,1.072,0.4222499999999998,1.4115,1.43755,0.265925,0.47410000000000013,0.5627499999999999,0.3155724560223849,2.353464612334648,5.600000000000021,7.493999999999992,0.358974358974359,0.1794871794871795,4.159481858320983,2.3571644212889984,7.918620030697854,9.270826182370312,9.391464209589506,0.2564102564102564,1344.0698159107221,2201.0789138708847,136.74575,219.78500000000003,241.8655,0.3290424523306187,224.01606087439103,0.2076585653198619,0.11592726306780578,0.5128205128205128,0.46490036090995085,1504.212917600091,0.49776620676317507,0.23031550405064474,0.6686866723887654,0.061235376783527945,0.03976244677706177,0.04324987785234002,3.0,1.5789473684210524,0.5,0.2828427124746193,0.5656854249492386,7.753100430542726,7.391551936844866,3.9568889657989708,12.234613707201074
21_large_arm_swings_03,WALKING__21_large_arm_swings_03,WALKING,1,1,3.0,5.0,40,0.29298280338088634,68.24571014788947,1.084,236.48,2.612307692307692,6.780000000000026,1.0,0.5133632314825697,61.10360325133109,0.1488019600217221,1.1780000000000002,1.2745,0.28600000000000003,1.4539,1.4967,0.31215000000000004,0.4965,0.5108999999999999,0.3396718269153331,1.8162576642189316,4.911999999999986,6.191999999999974,0.38461538461538464,0.10256410256410256,4.101313931358242,2.055704114367384,6.504168479649707,8.54641894920948,10.91393604525887,0.23076923076923078,1053.677719742683,1706.8580766811667,147.75050000000002,227.353,241.21999999999994,0.12067680972635193,232.934183714421,0.056987252603831244,0.46951649070491214,0.5128205128205128,0.26077575170574013,1527.798309272637,0.5880474260160978,0.6763159391715646,0.18719613896745252,0.06182190507571938,0.07466601678526338,0.08823435706766684,3.0,1.5789473684210524,0.5249999999999999,0.3181980515339465,0.6060915267313267,6.8312969901125085,7.109284543739259,6.126611982160406,13.536408187319514
21_large_arm_swings_03,WALKING__21_large_arm_swings_03,WALKING,1,2,5.0,7.0,40,0.3227238152002977,71.57409053444782,1.084,347.77,2.2097435897435878,7.480000000000026,1.5,0.39339205043824454,75.87606922215495,0.4229569933117908,1.101175,1.2175,0.40149999999999986,1.3921999999999999,1.4153499999999999,0.30427499999999996,0.4845,0.5273999999999999,0.3343400589220502,2.0680877096073247,5.864,6.02600000000001,0.3076923076923077,0.15384615384615385,3.9253522712956532,2.1497023802765196,7.230293156339121,8.00674644575384,8.366074348223336,0.3076923076923077,1331.1510413872318,2234.1176221544274,164.09525,230.09600000000003,259.22999999999996,0.388888492026484,221.7812481239587,0.20568393052601125,0.22442496837084178,1.0256410256410255,0.5183835590219478,1824.5995304619578,0.6028309251142377,0.37206565645414064,0.4526776937173786,0.11574179093163979,0.05951485889684096,0.0008121467813464604,5.0,2.6315789473684204,0.3125,0.11086778913041723,0.3547769252173351,7.08490281360446,7.559929665265232,5.068753003608177,14.282511292620399
21_large_arm_swings_03,WALKING__21_large_arm_swings_03,WALKING,1,3,7.0,9.0,40,0.32462603237792853,69.48825390318007,1.015,246.97000000000003,2.3066666666666698,6.700000000000025,1.0000000000000004,0.540962463418337,76.42291924324196,0.42921794667589713,1.0711249999999999,1.196,0.5265000000000001,1.4079000000000002,1.4470999999999998,0.296825,0.4688,0.49209999999999987,0.32833865900926135,1.5793825131382966,4.351999999999968,5.714000000000021,0.2564102564102564,0.07692307692307693,3.560354185981454,1.6622372744065788,5.800863923704808,6.279994193394967,8.251181733545838,0.20512820512820512,1400.4703311896553,2147.7771995309668,142.12449999999998,229.523,241.14599999999996,0.3265836071787329,214.0563201113892,0.4480448227317453,0.6189018136261618,0.512820512820513,0.6066580479244688,545.2726432061431,0.5175776892724959,0.5778967682886452,0.29709436326203953,0.07688549848971515,0.04812336995959989,0.018359728051199304,5.0,2.6315789473684217,0.3749999999999998,0.18484227510682286,0.4929127336181946,5.934941831224846,6.468825220965097,5.994554470165109,13.086801992515129
21_large_arm_swings_03,WALKING__21_large_arm_swings_03,WALKING,1,4,9.0,11.0,40,0.2811547149132461,71.22164074572292,1.1389999999999998,259.49,2.2861538461538484,5.200000000000111,1.0000000000000004,0.4803007988759342,56.65704371645185,0.1762815458892178,1.1582249999999998,1.245,0.2709999999999999,1.4263,1.4321,0.286625,0.4378,0.5216999999999998,0.3195417421871515,1.5550742330980025,4.524000000000065,5.141999999999927,0.3333333333333333,0.07692307692307693,3.4947289351944186,1.7167006077378315,5.979552201191336,6.706033053042793,7.228914164658633,0.15384615384615385,1297.0841462745082,1945.8369327572314,158.9765,239.93200000000002,247.10049999999995,0.08113529393210278,253.3183225033209,0.12485400684017325,0.4498702289022149,0.512820512820513,0.36467096944691657,846.3690596753186,0.5614966439910203,0.7303224542197715,0.1908605786688002,0.026955997985071645,0.05186096912635661,0.23304639436434907,4.0,2.1052631578947385,0.3333333333333333,0.12583057392117825,0.37749172176353474,6.454757863862151,6.2251278624768185,4.126898257936761,12.519643441229512
21_large_arm_swings_03,WALKING__21_large_arm_swings_03,WALKING,1,5,11.0,13.0,40,0.3819475657059722,70.05549052175418,1.242,265.48,3.004102564102558,9.63999999999986,1.5000000000000007,0.5249735083767051,109.69737479078933,0.3397129930526836,1.063825,1.1965,0.5980000000000001,1.4654,1.4933999999999998,0.349125,0.5628000000000001,0.61305,0.3825055228359455,2.0250337462408385,5.243999999999967,6.40999999999991,0.4358974358974359,0.15384615384615385,4.45120892373818,2.184257223936462,7.829358792353023,8.125878829760223,10.246931247939404,0.2564102564102564,1505.1474224158887,2648.0886947161025,171.18625,259.034,271.69849999999997,0.5075449416959251,183.41651266258816,0.2473323717713705,0.4660576622949595,1.025641025641026,0.3264031453736106,1370.3127103441393,0.46747841219427444,0.43938230687812796,0.5135436396905773,0.021287637725648255,0.02578641570564659,0.012036279553445831,3.0,1.5789473684210538,0.5750000000000002,0.31819805153394465,0.5533879157112079,8.348628106666991,9.254495173693353,7.106937631065477,15.008563240330455
21_large_arm_swings_03,WALKING__21_large_arm_swings_03,WALKING,1,6,13.0,15.0,40,0.30015277733779133,74.3555992541834,1.119,262.49,2.2410256410256455,10.30000000000022,0.5000000000000002,0.3352925724447217,67.36042102580478,0.04488953547296355,1.19195,1.3010000000000002,0.22075,1.4231,1.4482,0.32925000000000004,0.4715000000000001,0.55565,0.3531064995153728,1.9877358117265116,4.263999999999968,4.666000000000082,0.28205128205128205,0.05128205128205128,3.444775530702207,1.845807056261798,5.606116877968223,5.850537572947836,10.582060290888762,0.15384615384615385,1342.127580985781,1984.6801319435078,151.60675,257.83500000000004,270.70849999999996,0.24939986129004854,247.7258411988764,0.18340732968005022,0.33334757019078587,1.538461538461539,0.3497969063876522,808.1827925874395,0.6017465601990559,0.5204655058068576,0.4077018524500492,0.03684451858479542,0.03498812315829809,0.6128647771577599,5.0,2.631578947368423,0.30000000000000027,0.0707106781186545,0.23570226039551478,6.200012773808718,5.657751395225353,2.893176789002903,8.71059216100667
21_large_arm_swings_03,WALKING__21_large_arm_swings_03,WALKING,1,7,15.0,17.0,40,0.32114437902520915,71.6462618556238,1.131,336.44,2.595384615384627,9.220000000000196,1.5000000000000007,0.5575980576414818,75.7071755882889,0.05078541336719145,1.022675,1.1255000000000002,0.37224999999999997,1.3144,1.3840999999999999,0.266125,0.5383,0.5894999999999999,0.31791433594602175,2.065370931581148,5.307999999999924,5.898000000000313,0.358974358974359,0.1282051282051282,4.078738860148399,2.042658762224413,6.977798790342355,8.153614889740663,9.342076856888072,0.2564102564102564,1299.3758725785972,2080.207633571114,155.50325,216.64800000000002,263.31149999999997,0.5019515658673233,223.09673322975934,0.10799690562000068,0.2535679759502862,0.512820512820513,0.40642862889498566,837.3487811118156,0.5294603982740717,0.2907551842681115,0.6204003288890656,0.06875806234313919,0.02008642449968359,0.06998779418119636,4.0,2.1052631578947385,0.5166666666666663,0.4618802153517,0.8939617071323233,7.160486920663514,7.303233166718298,4.095712251505428,12.274299972078309
21_large_arm_swings_03,WALKING__21_large_arm_swings_03,WALKING,1,8,17.0,19.0,40,0.20945115090489386,54.750505450775385,0.7859999999999999,219.87,1.6564102564102494,4.319999999999938,0.5000000000000002,0.533199416571896,30.901743382594713,0.06990078329714225,1.1086,1.165,0.2160000000000002,1.3126,1.3409999999999997,0.20805,0.33809999999999996,0.3533499999999999,0.23359580475684916,1.183312672074462,3.1639999999999557,3.7199999999999487,0.15384615384615385,0.0,2.7684282784820167,1.3740794986686802,4.965391431069049,5.269666023729503,5.744562646537946,0.10256410256410256,1017.5009162530428,1457.2219373521557,112.48875000000001,172.204,175.079,0.24912608592506646,261.39987875089844,0.16465529182710084,0.40234203383150213,1.538461538461539,0.46849786878540256,890.7559698404403,0.5786072541217739,0.7218470175401971,0.14994480494513376,0.05430924352641291,0.07389893398825625,0.4905635638591993,4.0,2.1052631578947385,0.5333333333333338,0.17559422921421278,0.3292391797766487,4.36621996826807,5.319817059573957,3.532534452786905,11.288638573742036
21_large_arm_swings_03,WALKING__21_large_arm_swings_03,WALKING,1,9,19.0,21.0,40,0.261248127216941,60.95765111260987,0.939,229.5,2.4948717948717993,6.379999999999908,1.5000000000000007,0.5354370635851214,47.67560711987241,0.113557710143008,1.0280749999999999,1.0905,0.3450000000000001,1.3342,1.3554499999999998,0.220775,0.41990000000000005,0.45809999999999995,0.25948511518004264,1.6292569694816683,4.668000000000001,5.293999999999926,0.38461538461538464,0.07692307692307693,3.661889976504849,1.7883887941160963,5.809555947041304,7.0628664828995005,8.736635508020111,0.1794871794871795,1069.727615372661,1883.2603034741312,134.46375,214.117,226.00099999999998,0.4214912080422512,233.3323946165191,0.206308691366434,0.2688490526513235,2.051282051282052,0.39272722215097033,818.0455668460296,0.5474416489683165,0.20809805439888499,0.6739395420514332,0.069400127269377,0.048562276280304795,0.10449091737339733,3.0,1.5789473684210538,0.47499999999999964,0.17677669529663437,0.3721614637823884,6.268630782853781,6.406896071881684,3.616080671562028,9.714203693837442
21_large_arm_swings_03,WALKING__21_large_arm_swings_03,WALKING,1,10,21.0,23.0,40,0.25974960329181723,69.09555241865037,0.9410000000000001,281.06,2.234358974358977,7.020000000000401,0.5000000000000002,0.31374608336881205,46.87190516894825,-0.020181897754605976,1.1353,1.221,0.32025000000000015,1.3736000000000002,1.4072999999999998,0.25855,0.4332,0.4563,0.28998137871249596,1.6689482898107233,4.171999999999943,4.669999999999934,0.3333333333333333,0.05128205128205128,3.715617459418372,1.9499317728641274,6.086334117902032,7.076699893621033,9.160829656751051,0.20512820512820512,1186.8791695886825,1837.3661100105967,131.84525,214.29000000000002,231.96049999999997,0.2491311134929543,266.0083077818008,0.1262024689981078,0.14816313228449188,1.538461538461539,0.6525651796599053,1390.6412814611715,0.6525127642671273,0.5505736285104988,0.30044891767438414,0.10768023404532961,0.041297219769787466,0.9594781512355857,3.0,1.5789473684210538,0.3249999999999993,0.10606601717798111,0.32635697593225027,6.93981868859672,7.096940015522861,5.278551856470352,14.877969984182435
21_large_arm_swings_03,WALKING__21_large_arm_swings_03,WALKING,1,11,23.0,25.0,40,0.32737400786507326,60.09254380931431,1.094,210.48,2.287179487179477,8.479999999999878,1.0000000000000004,0.3735955587483973,79.06732911244593,0.2684319487080636,1.0744500000000001,1.178,0.5964999999999998,1.4217,1.4406999999999999,0.30010000000000003,0.4758,0.5198499999999999,0.3317185554050301,1.5990687235781855,3.5880000000001453,4.927999999999936,0.1794871794871795,0.05128205128205128,3.537335305895251,1.603058740863235,5.042388555606835,6.361388764853823,8.521525684993147,0.1282051282051282,983.1833355323737,1698.9725278788824,154.51125000000002,215.41,220.86999999999995,0.35469837860679326,183.5593002669942,0.15431231498636747,0.607892055784362,1.538461538461539,0.34521796329552773,512.1889388151051,0.5101203798182417,0.6190586120355156,0.315449940278083,0.0371288548169948,0.028362592869406702,0.0003899182548214571,5.0,2.631578947368423,0.2999999999999998,0.05773502691896237,0.19245008972987468,5.7825232281282295,7.135827861645457,3.802756635145636,11.834538940004382
21_large_arm_swings_03,WALKING__21_large_arm_swings_03,WALKING,1,12,25.0,27.0,40,0.2757848473924593,81.53724025340216,1.145,323.49,2.626153846153838,7.059999999999899,1.5000000000000007,0.3790602099608486,53.17734115765751,0.11444208380053622,1.191,1.2255,0.31299999999999994,1.4732,1.4929499999999998,0.29415,0.4844,0.49294999999999983,0.3326211809250878,1.7653098958369893,4.8199999999999354,5.959999999999915,0.38461538461538464,0.10256410256410256,4.168226336201595,2.219429035144524,6.865267030087284,8.27362723688829,10.021696463174145,0.3076923076923077,1384.4749228493113,2431.84477639404,152.50574999999998,240.11300000000003,302.175,0.3278596566053452,295.65525816351146,0.2129108356313594,0.3223193433836219,1.538461538461539,0.39453383023374244,2088.428489539071,0.6541596012079026,0.43330781224808296,0.4191407251533554,0.09182448374878094,0.05572697884978092,0.12817003631543492,3.0,1.5789473684210538,0.4499999999999993,0.0,0.0,7.469852532965631,7.055467690624765,4.051847719258861,11.763184208813279
21_large_arm_swings_03,WALKING__21_large_arm_swings_03,WALKING,1,13,27.0,29.0,40,0.3236061382179079,66.42131557773395,1.125,263.31,2.7451282051281973,10.939999999999845,1.5000000000000007,0.4598382018543865,76.13242106232507,0.3407674383421554,1.050125,1.1965,0.4472499999999999,1.3639000000000001,1.3979999999999997,0.289025,0.5193,0.5420499999999999,0.32344307845430853,2.301746329928935,5.515999999999923,6.305999999999912,0.3333333333333333,0.1794871794871795,4.047400272358294,2.5721764815098798,7.159440262232029,7.954307453461768,13.154238860534464,0.3333333333333333,1301.0505365778845,2032.4628368624883,155.169,217.448,225.17849999999984,0.25415656971231937,205.25357134297488,0.18914294297419773,0.27547221307277053,0.512820512820513,0.6580616703402624,2843.2384064296702,0.5395496077353755,0.45533275501482723,0.4549153111051704,0.03653292208673803,0.053219011793264465,0.0006363476300139083,4.0,2.1052631578947385,0.5500000000000007,0.3464101615137742,0.6298366572977704,6.708003345785011,7.938085441452599,5.333577551319875,16.103469847978594
01_normal_walking_cadence,ARM_SWING__01_normal_walking_cadence,ARM_SWING,0,0,1.0,3.0,40,0.09538958914865249,29.289470356803164,0.3480000000000001,107.56,0.683076923076923,2.4599999999999866,1.5,0.4716132119150598,6.906078938897969,0.39212947695800204,1.022575,1.048,0.11775000000000002,1.149,1.1512,0.084125,0.15130000000000002,0.15569999999999998,0.09685724030757846,0.5520209466189414,1.4800000000000013,1.5580000000000072,0.0,0.0,1.2694564079255928,0.5379477744825896,2.0322106812593717,2.144914047648392,2.5563254878829347,0.0,437.355519957177,686.8691107085045,60.77075,99.891,101.99149999999996,0.446018839071918,307.0510169737629,0.13841048776413453,0.49164668137139167,0.5128205128205128,0.36983715031783054,89.52988804471636,0.49591875742835395,0.41038153952617495,0.4775879070500958,0.08810943691770537,0.02392111650602386,0.029396972733701204,4.0,2.1052631578947367,0.4833333333333334,0.27537852736430524,0.5697486773054591,2.096315791646546,2.561825750488603,1.516487405702467,4.307482856604174
01_normal_walking_cadence,ARM_SWING__01_normal_walking_cadence,ARM_SWING,0,1,3.0,5.0,40,0.0937042230118601,32.339665190217794,0.3510000000000001,110.4,0.864615384615384,2.080000000000005,1.5,0.4915566536563776,6.528904236544767,0.2666061473324689,1.0283250000000002,1.0335,0.15500000000000025,1.1433,1.15905,0.081125,0.15540000000000004,0.1605499999999999,0.09676401707246346,0.5133473542085066,1.6720000000000055,1.8219999999999772,0.0,0.0,1.1834162125462857,0.500039910181426,1.9560624003992861,2.120073266098769,2.348531456037973,0.0,454.2582554189143,648.4034510884444,65.893,107.99000000000001,111.33449999999999,0.5519769178001864,345.1249490231041,0.29289031355066963,0.47511171999252233,1.5384615384615383,0.6574100436284809,53.62097347310451,0.6102312503346853,0.2236032719401264,0.5809071832116398,0.1532336601127404,0.04225588473549333,0.12586176355103754,4.0,2.1052631578947363,0.4333333333333333,0.17559422921421217,0.40521745203279735,1.8928003706475018,1.9757858366936212,0.9964252683133265,3.4703886264528467
01_normal_walking_cadence,ARM_SWING__01_normal_walking_cadence,ARM_SWING,0,2,5.0,7.0,40,0.07780998798849176,24.650601177201253,0.30600000000000005,91.11,0.6712820512820511,2.3400000000000083,1.5,0.4135124598893597,4.47621537566636,0.37487076297095095,1.0073750000000001,1.0265,0.1100000000000001,1.0814,1.10345,0.066025,0.1312,0.1471,0.07718435722346854,0.47651795949575504,1.2360000000000055,1.407999999999984,0.0,0.0,0.9782166175307443,0.4317101158941118,1.4662190380323277,1.63258435017471,2.4794354196066584,0.0,366.56196284478426,608.4894982826521,59.887249999999995,86.146,88.83849999999997,0.5579544765950109,316.80510194715777,0.19758372408640318,0.5314707541207631,0.5128205128205128,0.4249598627032447,60.8368209680326,0.5510747305735926,0.390981688570832,0.45771033615864676,0.10185190235320309,0.04945607291731818,0.025239912419141832,4.0,2.1052631578947363,0.4833333333333334,0.448144321991625,0.9271951489481896,1.5908484584567704,1.7809645055323295,0.9602393114946471,2.992572559231208
01_normal_walking_cadence,ARM_SWING__01_normal_walking_cadence,ARM_SWING,0,3,7.0,9.0,40,0.07295818524930425,25.32395668111876,0.31899999999999995,83.69,0.6112820512820512,2.2000000000000055,1.5000000000000007,0.5170570115107573,3.7509499310215486,0.3021972082629481,1.030025,1.0299999999999998,0.07400000000000007,1.1161,1.1183500000000002,0.06237499999999999,0.12050000000000001,0.15219999999999992,0.0780469410034756,0.5251525066070639,1.3240000000000247,1.532000000000003,0.0,0.0,0.8852394112902336,0.5066010628960749,1.5176620854140297,1.6804363430915186,2.559218630754325,0.0,326.41996975157286,551.0628473562266,50.39975,83.046,89.59049999999999,0.5172223914081164,347.10233806645095,0.2311804148955346,0.38466222990998705,0.512820512820513,0.356907563902923,121.32857936374208,0.5703877197362771,0.28526278877708516,0.5634529228217283,0.07485646986143935,0.076427818539747,0.031145300603686546,4.0,2.1052631578947376,0.38333333333333347,0.07637626158259668,0.19924242151981736,1.3386836488531622,1.5127667594564866,0.8553644034157571,2.649947569566489
01_normal_walking_cadence,ARM_SWING__01_normal_walking_cadence,ARM_SWING,0,4,9.0,11.0,40,0.07806709803029567,26.778102553133852,0.262,102.99000000000001,0.6051282051282048,1.4999999999999822,1.5000000000000007,0.5995752420510778,4.325419615346188,0.23581370927162218,0.9951999999999999,0.991,0.13875000000000015,1.1031,1.11585,0.0672,0.1141,0.12534999999999996,0.0772343835347962,0.3947742312477074,1.1039999999999857,1.2720000000000233,0.0,0.0,0.9138447672536,0.3185089403506537,1.299620351123803,1.4612647691890739,1.625053845261727,0.0,360.0653872537504,494.19144066242785,53.976749999999996,84.50000000000001,96.75099999999996,0.5478860563809121,343.01393581636677,0.2134936307663829,0.4756174509302091,1.538461538461539,0.4704019737174154,36.17717772923393,0.5005416247030093,0.31432807381554306,0.5833030615448755,0.09134611410283384,0.011022750536747585,0.13222596847728443,4.0,2.1052631578947385,0.6000000000000002,0.13228756555322874,0.22047927592204783,1.3639813024157534,1.7394327501346254,0.7896451007454557,2.7774731551283995
01_normal_walking_cadence,ARM_SWING__01_normal_walking_cadence,ARM_SWING,0,5,11.0,13.0,40,0.08064133555441652,28.153345493919545,0.32900000000000007,97.32,0.6841025641025646,3.020000000000065,1.5000000000000007,0.5626764875524383,4.064163824238015,0.26117901343546374,1.025725,1.0285,0.0794999999999999,1.11,1.12405,0.06797499999999998,0.14220000000000002,0.16205000000000003,0.08367929851522418,0.6962634027764831,1.3039999999999976,1.9919999999999725,0.02564102564102564,0.0,0.96410146236516,0.6803216429777379,1.6526646920407093,2.2164614174735955,3.162973284743397,0.0,330.16023864601226,515.6772262292311,53.05125,88.625,91.23849999999996,0.43084547597841727,349.1180459793074,0.20849831193525903,0.2853304206707368,1.025641025641026,0.714510687397811,120.05193786401495,0.6938609332790363,0.23538826880810804,0.5304891277746346,0.08133900077728726,0.15278360263997012,0.0700424157534219,3.0,1.5789473684210538,0.3000000000000007,0.07071067811865576,0.23570226039551867,1.758480119008641,1.580426109735923,1.0508160362188197,3.1461481180373356
01_normal_walking_cadence,ARM_SWING__01_normal_walking_cadence,ARM_SWING,0,6,13.0,15.0,40,0.1002530100577585,28.36892963532192,0.366,94.83,0.7153846153846156,2.2799999999999674,1.5000000000000007,0.5608603401300735,7.03806822123189,0.3725850417235394,1.0074750000000001,1.0365,0.12749999999999984,1.1191,1.12985,0.08252499999999999,0.16230000000000003,0.16774999999999993,0.09927373771547035,0.5946509199515184,1.3520000000000307,1.9619999999999742,0.0,0.0,1.0479137573872919,0.5258675420088248,1.7749673187594561,2.0040973972771177,2.4121359828997693,0.0,392.502243766806,617.4210109470444,61.49175,97.48100000000001,98.4125,0.605705752838957,282.97334532876175,0.19483010495326383,0.5884967408638477,1.025641025641026,0.5787092038478133,76.884803609731,0.5973784624147583,0.24407440563450228,0.5641110545473491,0.13671941278676927,0.055095127031379164,0.07789097928157661,4.0,2.1052631578947385,0.4166666666666667,0.20816659994661355,0.4995998398718725,2.0587017248288246,1.8196397213626767,0.9575297158425043,3.200159187315453
01_normal_walking_cadence,ARM_SWING__01_normal_walking_cadence,ARM_SWING,0,7,15.0,17.0,40,0.10822578191814958,28.41231025634072,0.3929999999999999,100.74000000000001,0.9379487179487185,2.439999999999963,1.5000000000000007,0.6329242276809022,8.570449401524408,0.38563806839087517,1.010475,1.028,0.16725,1.1453,1.1572,0.08852499999999999,0.16110000000000002,0.17149999999999996,0.10737655703178417,0.6176661484856962,1.7799999999999745,1.820000000000091,0.0,0.0,1.2820305845903217,0.5778523219379552,1.9447398845330275,2.4051033454096373,2.5892856157635085,0.0,446.67654320040486,670.5547335634863,63.1845,99.28500000000001,105.0195,0.45054183706796064,262.528112551118,0.10435297841477562,0.3312501440395087,1.025641025641026,0.3685148193043784,101.57257032206822,0.4798129318494248,0.22885925908324442,0.6226805576319357,0.13900696515072625,0.009453218134093609,0.08459412244664069,5.0,2.631578947368423,0.375,0.20207259421636808,0.5388602512436482,2.003072886211717,2.1160498388614846,1.3839150219651544,3.109764409380558
01_normal_walking_cadence,ARM_SWING__01_normal_walking_cadence,ARM_SWING,0,8,17.0,19.0,40,0.08641459026261948,29.622198423193996,0.35,103.38,0.653846153846154,2.179999999999971,1.5000000000000007,0.477279206925258,5.552798728255848,0.25229117770545495,1.039825,1.0474999999999999,0.07100000000000017,1.1337,1.1463999999999999,0.08077499999999999,0.1501,0.15479999999999988,0.09416382001597003,0.5230508447893154,1.24000000000007,1.6719999999999742,0.0,0.0,0.9898596781725922,0.45243594730124115,1.4502062422346156,1.83457334447404,2.243390291500757,0.0,404.1101335931781,568.1765900519223,62.86375,96.696,104.43199999999999,0.4443182371841399,342.79163198217145,0.29091042283457474,0.43614277423369535,1.538461538461539,0.36172178720743464,74.73539882921048,0.53699892847228,0.3513078457056546,0.6037770984675211,0.007121516898111799,0.037793538928712414,0.013615128984119507,3.0,1.5789473684210538,0.3000000000000007,0.14142135623730648,0.47140452079102046,2.0255019107562755,1.7816330385156043,0.7149347649718859,2.7227444721321064
01_normal_walking_cadence,ARM_SWING__01_normal_walking_cadence,ARM_SWING,0,9,19.0,21.0,40,0.0660359993119526,24.301292134844946,0.2340000000000001,84.1,0.537435897435899,2.0399999999999707,1.5000000000000007,0.6054946731808676,3.276202509929127,0.3275082594970434,1.006375,1.014,0.09624999999999995,1.075,1.07865,0.05497499999999998,0.10250000000000009,0.11189999999999994,0.06551621936589443,0.4635147073617226,1.1119999999999868,1.3599999999999897,0.0,0.0,0.8473915216798843,0.4168294094589864,1.3590420355709831,1.6594817331258327,2.1118712081942577,0.0,334.36351822836866,535.3216400313181,50.695750000000004,81.17,82.67899999999999,0.4701979834365247,368.000672179521,0.15510045786590232,0.29984118899759193,0.512820512820513,0.4688383724836301,25.917062179593742,0.4804778646834257,0.2495069502058728,0.6106127780251137,0.11661341901146816,0.02326685275754526,0.014022195244362925,4.0,2.1052631578947385,0.35000000000000026,0.05000000000000071,0.1428571428571448,1.3309983006663924,1.59400132284178,0.8153843272298904,2.665065911847248
01_normal_walking_cadence,ARM_SWING__01_normal_walking_cadence,ARM_SWING,0,10,21.0,23.0,40,0.048973403299844606,23.05902092652122,0.20099999999999996,78.14,0.38974358974359086,1.0999999999999832,1.5000000000000007,0.5439420558046,1.572790153190039,0.25180576213518957,1.004625,1.0135,0.05499999999999994,1.0603,1.0681,0.03947499999999999,0.08149999999999998,0.09519999999999997,0.04857803001357711,0.31428688854785386,0.9599999999999854,1.0619999999999916,0.0,0.0,0.7590568287586498,0.39695805485292457,1.1302483209259324,1.3028017362849589,2.030664915735702,0.0,259.5925825631362,399.95092536312205,43.34525,73.79299999999999,81.5285,0.39839631103125356,470.8478352084301,0.18371345620686133,0.5544858478136069,1.025641025641026,0.40965869642820196,54.38124746016226,0.5593204624586451,0.35289606212103874,0.4654504847997075,0.11692254817705051,0.06473090490220326,0.18064786494364898,5.0,2.631578947368423,0.39999999999999947,0.1471960144387951,0.3679900360969882,1.251774606269695,1.6734667046377587,1.0351056171596762,2.6012938747572667
01_normal_walking_cadence,ARM_SWING__01_normal_walking_cadence,ARM_SWING,0,11,23.0,25.0,40,0.059592585797658436,21.619371226832424,0.237,74.53,0.49025641025640865,1.3599999999999797,1.0000000000000004,0.4306242650822833,2.3447125625513445,0.24660081126485592,1.010575,1.0145,0.0807500000000001,1.0791,1.0841500000000002,0.04882499999999999,0.09729999999999998,0.1022999999999999,0.05978565881547179,0.36014242197019875,1.0319999999999843,1.1499999999999828,0.0,0.0,0.808466473320163,0.34156360658983437,1.2022078128570748,1.37738745769855,1.6304600577750814,0.0,306.2551801172836,502.5197911935668,48.61675,73.984,79.314,0.26362682562347073,362.78625834829796,0.2254258755053641,0.577025855191487,0.512820512820513,0.6368719758500119,35.732686630225494,0.6349232641688684,0.4777006634186883,0.3463552177313544,0.13841146674543547,0.03753265210452183,0.6647301757379002,4.0,2.1052631578947385,0.3333333333333333,0.05773502691896442,0.17320508075689328,1.2088750432581592,1.5739708221790611,0.8774876436122404,2.6743611314998654
01_normal_walking_cadence,ARM_SWING__01_normal_walking_cadence,ARM_SWING,0,12,25.0,27.0,40,0.0678568204156596,20.16080551243567,0.277,71.63,0.6164102564102557,2.959999999999956,1.0000000000000004,0.4226409844145332,3.1886803168501294,0.318903620236124,1.0073750000000001,1.0225,0.07725000000000004,1.0904,1.1064,0.055025000000000004,0.1149000000000001,0.12389999999999995,0.06740790013047433,0.5506144279921147,1.1400000000000483,1.267999999999981,0.0,0.0,0.8802465500065373,0.5291172996222251,1.3128152397089554,1.343483959373305,3.2866396212544657,0.0,273.2056942860922,418.93847604845865,47.70925,70.78300000000002,75.80600000000001,0.5516155945990983,297.1080193404269,0.15474536412953052,0.5249144390940201,0.512820512820513,0.6238292683970039,90.18449035421699,0.6068925570411433,0.40678339033733685,0.43439693605164537,0.07548411477886552,0.08333555883215239,0.29314962818797957,3.0,1.5789473684210538,0.7750000000000004,0.6717514421272196,0.8667760543577023,1.3401972407185454,1.5239043869177864,0.8770990192085697,2.5645890833167666
01_normal_walking_cadence,ARM_SWING__01_normal_walking_cadence,ARM_SWING,0,13,27.0,29.0,40,0.08083695207337312,24.475462436374087,0.382,93.99,0.726666666666669,2.359999999999966,1.5000000000000007,0.4106040779842462,4.551883532951808,0.18586595482281965,1.00705,1.0185,0.061000000000000054,1.1003,1.1232,0.05744999999999999,0.13000000000000006,0.1654499999999999,0.0801308305210922,0.5794795002656071,1.3680000000000039,1.8339999999999892,0.0,0.0,0.9347774068256306,0.5957007547031015,1.9639285088014597,2.0812040954234337,2.4082358688467025,0.0,285.76019639661723,433.19709756570506,44.82725,79.691,88.92199999999998,0.2879434805022167,302.7756713805648,0.11219949355170343,0.24094798421756242,0.512820512820513,0.5394814936892895,142.64277786842896,0.6219477778105104,0.290561835095152,0.5510703454343714,0.06809281887018921,0.09027500060028752,0.024005352975770788,4.0,2.1052631578947385,0.35000000000000026,0.13228756555322738,0.3779644730092208,1.745566912303858,1.412821960594653,0.9690867182981652,2.7104051005661023
02_slow_cadence,ARM_SWING__02_slow_cadence,ARM_SWING,0,0,1.0,3.0,40,0.07988894535380718,25.9662056507576,0.34399999999999986,88.14,0.7507692307692307,2.74,1.0,0.42873115603353973,4.486642125951441,0.12144797766238483,1.00025,1.02,0.08799999999999997,1.0828,1.0942999999999998,0.06135,0.12749999999999992,0.15799999999999997,0.0788844091059824,0.5273737544882922,1.2919999999999974,1.8220000000000058,0.0,0.0,1.471075093800795,0.7736513676198129,2.4470805183179345,2.8522008151096583,4.121601630434437,0.0,305.95215338103316,483.35485527685825,55.75999999999999,85.946,90.75,0.4133748145492675,325.02877007275646,0.2975161108933523,0.41448946857451274,1.0256410256410255,0.3566072893654053,234.91735357628994,0.6394433122694667,0.6473874311258556,0.1780161154821019,0.08520821683493959,0.08938823655710298,0.3446206611564476,3.0,1.5789473684210524,0.40000000000000013,0.1414213562373093,0.3535533905932732,2.685528047876545,3.313599506520883,2.1948962801642806,6.614897867980801
02_slow_cadence,ARM_SWING__02_slow_cadence,ARM_SWING,0,1,3.0,5.0,40,0.08233318410658128,23.762980339498338,0.30299999999999994,78.69,0.7697435897435897,2.980000000000009,1.0,0.31846548991103657,4.761664725673521,0.0313095900605729,1.000375,1.02,0.09800000000000009,1.0863,1.1025500000000001,0.06532500000000001,0.12670000000000006,0.17705000000000004,0.0812983702173666,0.6082394229918945,1.5520000000000025,1.7619999999999927,0.0,0.0,1.2095789653574915,0.7700415288873349,1.9105948596002023,2.2451799099667924,4.64801032701092,0.0,291.85492100458185,430.2850760680826,48.0375,77.637,82.582,0.45385479070879725,288.619717521636,0.18666784081298152,0.2042234410421567,0.5128205128205128,0.3986111261173463,181.77778693111424,0.6418029700975054,0.4841085309420091,0.38923740285344105,0.0349087786731925,0.09174528753135731,0.4297793687132133,2.0,1.0526315789473681,0.5,0.0,0.0,3.1900883003924485,2.4172162380885904,1.8036051551128092,4.092495330441598
02_slow_cadence,ARM_SWING__02_slow_cadence,ARM_SWING,0,2,5.0,7.0,40,0.09478530395664639,29.024831738287435,0.347,102.56,0.7251282051282046,1.839999999999971,1.0,0.5241238255624112,6.583008102264302,0.17072164576257254,1.0090499999999998,1.0274999999999999,0.08750000000000013,1.1104,1.12165,0.0754,0.15660000000000004,0.19114999999999993,0.09402951664238203,0.542968797178852,1.592000000000005,1.6879999999999806,0.0,0.0,1.3613988617679538,0.7357619113598464,2.196162745609515,2.413243698634581,3.7337916385358327,0.0,394.641440686589,583.9032371104053,64.213,100.286,102.9305,0.48895965732482466,306.21658133377963,0.2503171016034951,0.25304665858025754,2.564102564102564,0.5099852745639162,244.28793718543037,0.4850158507560382,0.8200716437267597,0.1039455674354199,0.02832150018432117,0.047661288653499216,0.06105752236929115,4.0,2.1052631578947363,0.36666666666666653,0.07637626158259754,0.2082988952252661,2.295490088025441,2.9907035592536575,1.888732498775509,4.896352341418898
02_slow_cadence,ARM_SWING__02_slow_cadence,ARM_SWING,0,3,7.0,9.0,40,0.14060235800626913,32.51916237350463,0.5159999999999999,115.5,0.9933333333333365,3.660000000000077,0.5000000000000002,0.4762496029532995,14.396634094086306,0.06973388112118968,0.9695499999999999,1.0175,0.1914999999999999,1.1159000000000001,1.1675,0.11364999999999999,0.2484,0.26409999999999995,0.14213373983681707,0.8934537755938058,2.0400000000000396,2.760000000000054,0.05128205128205128,0.0,1.488751012638454,0.9075936441803834,2.773259316487562,3.0092951148657843,4.176314164427857,0.0,447.2039202385505,732.1181153545128,65.69625,112.087,115.6135,0.40908506805164757,231.2846159525623,0.1276186670389806,0.21725999420604536,0.512820512820513,0.34354350946802004,426.2523099229771,0.5613461995562448,0.7258253523166661,0.1735077239791,0.04996147073512051,0.05070545296911324,0.6257541954333663,2.0,1.0526315789473688,1.1499999999999995,0.0,0.0,3.367023532387657,2.8694087912651276,1.7418652636335066,5.809942281878618
02_slow_cadence,ARM_SWING__02_slow_cadence,ARM_SWING,0,4,9.0,11.0,40,0.08706877623391636,29.391701968674504,0.30800000000000016,96.17,0.6830769230769224,2.299999999999967,0.5000000000000002,0.4831308691256852,5.35340612026264,-0.026518105891978724,1.0100500000000001,1.039,0.09650000000000014,1.0912000000000002,1.1021500000000002,0.07235000000000001,0.14830000000000004,0.17915000000000003,0.08655893945745871,0.584871348184471,1.512000000000034,1.8819999999999732,0.0,0.0,1.2617234671856008,0.7900449987479485,2.3807074267193036,2.6303750537144217,3.444531898531426,0.0,338.1136681955023,522.7292910791488,68.327,98.651,100.815,0.4699957092739003,337.56879607118447,0.23975747171421496,0.43520144281417344,1.025641025641026,0.6198140861426789,338.2257146657106,0.5118574161350324,0.7000783001961735,0.23204235443007676,0.018102527005242695,0.04977681836850701,0.5411642998882042,3.0,1.5789473684210538,0.5750000000000002,0.45961940777125615,0.7993381004717496,2.677996938244197,2.6331288766230867,2.01788770719851,5.075401738393925
02_slow_cadence,ARM_SWING__02_slow_cadence,ARM_SWING,0,5,11.0,13.0,40,0.1089071116794444,31.477369974520116,0.4650000000000001,110.19,0.8030769230769228,4.439999999999936,1.0000000000000004,0.4125739144157461,8.587138755749605,0.03125324275525269,1.0074,1.0415,0.07075000000000009,1.1118000000000001,1.1441,0.08345,0.18240000000000006,0.2251999999999999,0.1077914653393301,0.8030145631705307,1.4880000000000209,1.7559999999999842,0.02564102564102564,0.0,1.2797412754093362,0.8202796129904267,2.144010322922012,2.498966635764281,4.513313638558641,0.0,357.4670043517338,565.5134463328232,60.21500000000001,111.345,112.895,0.3124960815089507,289.0295178075252,0.11909018726431542,0.19715615270344042,0.512820512820513,0.49607658696729057,302.09736889996213,0.5562683454953634,0.6105978803807159,0.2976106174494901,0.04310252170410102,0.04868898046569276,0.02847695015279567,3.0,1.5789473684210538,0.4500000000000002,0.2121320343559635,0.47140452079102985,2.4510284098388815,2.4092317565742993,1.4653074689093863,4.610454808154846
02_slow_cadence,ARM_SWING__02_slow_cadence,ARM_SWING,0,6,13.0,15.0,40,0.09244234516436274,26.77254420134218,0.3649999999999999,101.19,0.8543589743589747,2.280000000000048,1.0000000000000004,0.4264597068725129,5.669758667777659,0.08364131705102582,1.0080500000000001,1.0245,0.11575000000000002,1.1043,1.1224,0.07409999999999999,0.13330000000000003,0.17759999999999995,0.09163378198022823,0.6489335172816653,1.808000000000026,2.051999999999969,0.0,0.0,1.4069260808463881,0.7211066261462071,2.2386820991918523,2.5717195458169635,3.6175682440003283,0.0,389.0213371824108,619.332679785828,65.72274999999999,93.36400000000002,102.4965,0.4926689836884876,289.6134250352533,0.2881304889265876,0.3881671156282573,2.051282051282052,0.36144594619055165,134.679581815356,0.647069025885016,0.638563995861227,0.21125202471342602,0.0655535710771743,0.08463040834817244,0.2749713222108242,3.0,1.5789473684210538,0.47500000000000053,0.03535533905932662,0.07443229275647702,2.7740763969293076,2.831932474581626,1.7942361037100787,4.755957446106237
02_slow_cadence,ARM_SWING__02_slow_cadence,ARM_SWING,0,7,15.0,17.0,40,0.1114606404026747,29.74397812356956,0.394,94.18,0.755897435897435,2.5999999999999632,0.5000000000000002,0.4897470366517716,8.843871340762563,-0.05310511222035229,0.9752500000000002,1.0139999999999998,0.15649999999999997,1.0741,1.0983,0.0849,0.20029999999999995,0.21774999999999975,0.11280713629908348,0.6086772455117505,1.5320000000000225,1.823999999999976,0.0,0.0,1.2874915274069108,0.6142830032553763,2.062227397380225,2.294469418901941,2.7504908652820106,0.0,334.38617747834013,551.8940790221873,60.87750000000001,95.468,96.78499999999998,0.4945244988234592,266.85633615699015,0.11991473364623248,0.4760465949896051,0.512820512820513,0.37903112964306135,188.26946425491224,0.5855189314667234,0.46401557243925895,0.3580378220434629,0.10150059383911154,0.07644601167816681,0.03271158152835754,4.0,2.1052631578947385,0.566666666666667,0.24664414311581162,0.4352543702043732,2.099288057558727,2.7250894075849748,1.6090795743032753,5.311568904995364
02_slow_cadence,ARM_SWING__02_slow_cadence,ARM_SWING,0,8,17.0,19.0,40,0.10406592769822556,29.59491421030621,0.42400000000000004,98.64,1.0000000000000002,3.4400000000001962,2.000000000000001,0.339187574482867,6.620128365085107,0.2303808359938368,0.9989750000000001,1.0185,0.11024999999999996,1.1064,1.1133,0.079575,0.16810000000000003,0.25105,0.10276198226970906,0.9563637273273056,2.459999999999968,3.367999999999953,0.07692307692307693,0.0,1.4810048629277286,0.9176738218164326,3.045874757619635,3.5402087930836172,3.8757708910614905,0.0,378.39054955388184,638.8641053863219,64.43625,101.092,103.339,0.36649048895606917,284.3862046387238,0.18964817483052718,0.041858892253394425,2.5641025641025648,0.2876154109116186,210.4845618892112,0.7255579615691894,0.38374955678781053,0.3802567048657355,0.04611635115839966,0.18987738718805444,0.019224706976830597,5.0,2.631578947368423,0.3874999999999993,0.08539125638299665,0.22036453260128208,3.179997980840027,2.7020595557359424,1.4320638735173825,4.946746883996892
02_slow_cadence,ARM_SWING__02_slow_cadence,ARM_SWING,0,9,19.0,21.0,40,0.09185411719761856,30.19899153945376,0.4119999999999999,114.84,0.7984615384615393,2.08000000000012,1.5000000000000007,0.45696982108654977,6.051299268705133,0.17768726847646782,1.009525,1.0255,0.06474999999999986,1.1072,1.1324999999999998,0.06407499999999998,0.16150000000000003,0.20554999999999987,0.09119745062226246,0.5933914056707329,1.7999999999999738,1.873999999999973,0.0,0.0,1.366167508093658,0.6967946774023571,2.059631021735747,2.1707751800207538,3.663659372812874,0.0,378.8313620125983,609.42446708923,59.5585,98.925,111.54149999999998,0.4561910067392001,328.7712348754326,0.2132449820762973,0.2105105925419791,0.512820512820513,0.4032313724822897,148.6678482632924,0.5885762452658069,0.36811232797909804,0.5458465814072002,0.035398629641309874,0.05064246097239193,0.04304223714849757,5.0,2.631578947368423,0.34999999999999964,0.07071067811865407,0.20203050891044042,2.32264764647232,2.7613800831290853,1.6810319365618727,4.851972831159503
02_slow_cadence,ARM_SWING__02_slow_cadence,ARM_SWING,0,10,21.0,23.0,40,0.07924353892613871,23.1325408439591,0.33899999999999997,87.16,0.6266666666666632,2.519999999999964,1.5000000000000007,0.4388772615877687,4.426015729948788,0.13357179606536537,1.0010000000000001,1.011,0.06674999999999986,1.0866,1.09325,0.054649999999999976,0.10470000000000006,0.16889999999999994,0.07825311495397484,0.6878392305019632,1.7559999999999751,2.09799999999997,0.0,0.0,1.0623657867868292,0.640669437458057,1.9861979226977635,2.3029852512369478,2.5748009631813886,0.0,299.54635214107685,568.5518431099206,52.7755,83.79299999999999,85.44899999999997,0.3754927627614883,291.9170592005043,0.20368002103776917,0.1290747917261135,0.512820512820513,0.6939169643036783,122.10651983895688,0.6162713750337175,0.35977261617489986,0.5359477863450213,0.03544189339402814,0.06883770408605078,0.05243415888465626,4.0,2.1052631578947385,0.2833333333333338,0.1040832999733047,0.36735282343519243,2.1040024330266736,2.0161800884278103,1.207093030463733,3.6599909610410006
02_slow_cadence,ARM_SWING__02_slow_cadence,ARM_SWING,0,11,23.0,25.0,40,0.05379591062525106,18.949990459032847,0.21900000000000008,60.89,0.4507692307692292,1.4599999999999806,1.0000000000000004,0.6849748390414814,2.0830247157940445,0.34268070100827525,0.9949999999999999,1.0085,0.07450000000000001,1.0595999999999999,1.0663,0.042599999999999985,0.07920000000000008,0.09474999999999993,0.05335400641001573,0.3147211348361401,0.9399999999999853,0.9399999999999855,0.0,0.0,0.8179250332473175,0.3172806726704322,1.2334052733843057,1.3328964756935267,1.5774663229368564,0.0,230.2358549200147,341.84516169180966,39.977250000000005,64.625,67.8835,0.6220170711398987,352.25708123133774,0.20706575101219463,0.29371971495316435,2.5641025641025648,0.3702894235725013,20.40229680424768,0.4698495952026903,0.7256272406140865,0.1753378627772624,0.03722788885278756,0.061807007755863334,0.09577192967904859,5.0,2.631578947368423,0.35000000000000053,0.09128709291752768,0.2608202654786501,1.2284854114190602,1.7253303647156968,0.9580097527451663,3.1410643810439423
02_slow_cadence,ARM_SWING__02_slow_cadence,ARM_SWING,0,12,25.0,27.0,40,0.07577916211107386,20.596700731564777,0.30600000000000005,76.17,0.6533333333333328,2.8599999999999572,1.5000000000000007,0.4545677237337346,3.8993168107751606,0.30847502269132065,1.011325,1.0314999999999999,0.07775000000000021,1.083,1.11005,0.06042499999999999,0.11220000000000001,0.1636,0.07567810119182432,0.5188922073099692,1.272000000000002,1.4219999999999808,0.0,0.0,1.1187627650781624,0.500579273482024,1.6341295951505133,1.9824903483580758,2.8739519828973776,0.0,296.6139831260978,514.0821178272487,48.661,76.909,83.1955,0.5623252232414031,271.79900328503254,0.13320696265902465,0.13030827099482659,1.025641025641026,0.361776078630786,57.11708159401656,0.6416490397611174,0.30207658593430387,0.5575927244069009,0.07432008572757032,0.06601060393122495,0.1368037625508465,4.0,2.1052631578947385,0.4666666666666674,0.11547005383792576,0.24743582965269767,1.7448815745918593,2.0867344758513537,1.4666397012353902,4.255339861584806
02_slow_cadence,ARM_SWING__02_slow_cadence,ARM_SWING,0,13,27.0,29.0,40,0.09569309918050116,25.22586762376658,0.359,84.71000000000001,0.7641025641025682,1.8800000000001063,0.5000000000000002,0.44223741668900496,6.757337700680409,0.003393165954320221,0.9806000000000001,1.0150000000000001,0.14100000000000001,1.0652,1.08475,0.0755,0.16510000000000005,0.19679999999999992,0.09646035455045766,0.5144681359306892,1.5039999999999785,1.623999999999988,0.0,0.0,1.04776465258226,0.4770352541084623,1.6684063338984048,1.8162806489620924,1.8861601204564802,0.0,310.419238401491,567.2084236235105,54.527750000000005,83.929,84.974,0.5094189576225872,263.61219189049643,0.2336516190011103,0.3828100611442012,0.512820512820513,0.3186753209497268,89.73627699673888,0.609536910627627,0.4892717179657612,0.32656872569645196,0.15347871807319766,0.030680838264589016,0.1638143670849385,4.0,2.1052631578947385,0.5,0.05000000000000071,0.10000000000000142,1.6626028749427357,1.6612219732192521,1.0675383625289796,3.1709201438698376
03_fast_cadence,ARM_SWING__03_fast_cadence,ARM_SWING,0,0,1.0,3.0,40,0.26979412854039614,55.069540908140254,1.179,202.32,2.54974358974359,7.140000000000025,2.0,0.5348227829034705,54.41347992156549,0.4455034335341482,1.1380000000000001,1.1604999999999999,0.3364999999999998,1.4311,1.5714,0.25044999999999995,0.4392000000000001,0.5714,0.300021915866158,1.678776947002422,4.752000000000018,5.7199999999999696,0.28205128205128205,0.10256410256410256,3.5992211453370877,2.024077949477874,6.368299434860774,6.958916558747607,9.006708610807868,0.20512820512820512,924.835900846739,1599.2028049238174,124.24225000000001,202.025,215.90849999999998,0.4404718869348485,204.11689908179272,0.21337835032919183,0.41629457611860937,1.0256410256410255,0.5139308572995712,1828.120084689937,0.43240804926115145,0.3659723294980025,0.5687017546973777,0.026489750590231783,0.03883616521438802,0.03261203268945671,4.0,2.1052631578947367,0.3499999999999999,0.13228756555322957,0.3779644730092274,6.171569042661352,5.804626050112381,3.991998414200743,11.338925666016918
03_fast_cadence,ARM_SWING__03_fast_cadence,ARM_SWING,0,1,3.0,5.0,40,0.2662702393896385,64.18244354362623,0.9520000000000001,224.26,2.7425641025641,6.059999999999967,2.0,0.7414028997461153,54.41999800347253,0.44303719410022535,1.1451749999999998,1.1545,0.3910000000000001,1.4902,1.5382,0.24762500000000004,0.4902,0.5382,0.3003383508644875,1.5039959370548353,4.724000000000017,4.85999999999997,0.46153846153846156,0.05128205128205128,4.283644846760055,1.4223024906469022,6.116161265127575,6.7573786839323216,6.886508549330375,0.3076923076923077,1104.337808418139,1805.0697476077698,126.06649999999999,213.888,229.22199999999998,0.5878775853539182,241.04249761726768,0.22151548317314246,0.43207319997204024,1.5384615384615383,0.4037486382579381,467.1085957025868,0.32956532056977245,0.20370949015576112,0.7417364898979898,0.04005659741220718,0.014497422534041847,0.005750125371434431,6.0,3.157894736842105,0.31999999999999995,0.05700877125495681,0.17815241017174008,6.145151564533317,8.06652220411008,5.328070334768205,14.474107102218968
03_fast_cadence,ARM_SWING__03_fast_cadence,ARM_SWING,0,2,5.0,7.0,40,0.20624927505700102,58.61864081523591,0.7520000000000001,198.26,2.0194871794871827,5.380000000000018,2.0,0.6114170721108373,32.622083749724304,0.4411056018574672,1.0995750000000002,1.104,0.3267500000000001,1.372,1.3755,0.19092499999999998,0.3720000000000001,0.37549999999999994,0.22669467351484024,1.1603310523928563,3.480000000000014,3.962000000000018,0.1794871794871795,0.02564102564102564,2.9748187746357773,1.1337974972921623,4.167300089058191,5.110010393823283,5.8544342168992065,0.07692307692307693,833.390964799905,1318.2014565193379,107.8395,178.812,189.16749999999993,0.5309158050121898,284.21259080321863,0.23249253588043803,0.45787890511561247,0.5128205128205128,0.5141166984475243,133.5037746093512,0.37082655587761315,0.3126248098327287,0.6380083776548056,0.033504190497856724,0.015862622014609154,0.0008890371161192019,4.0,2.1052631578947363,0.36666666666666653,0.20816659994661302,0.5677270907634903,4.75934316646208,5.134966928258736,2.871396930341391,8.209076154250962
03_fast_cadence,ARM_SWING__03_fast_cadence,ARM_SWING,0,3,7.0,9.0,40,0.1685483096690907,48.35576295832847,0.692,177.57000000000002,1.5579487179487184,4.600000000000018,2.000000000000001,0.43129377458406115,21.37339127034182,0.42759945317981946,1.079075,1.134,0.20350000000000001,1.2476,1.26905,0.163275,0.27010000000000006,0.3003499999999999,0.1842584462107504,1.1721396977259808,3.4199999999999666,3.5100000000000073,0.1794871794871795,0.0,2.3115808695711983,1.009376585269941,3.545050293194047,3.758382596473785,5.679507020860193,0.02564102564102564,757.6343182147488,1195.902496622106,93.787,146.62300000000002,160.30849999999998,0.5268072138646667,286.89556752758233,0.19175022611244807,0.6085929695884751,1.025641025641026,0.5228193236653833,399.90638392698213,0.48837581605586783,0.38361287721813764,0.4624249092076805,0.13800249934705042,0.015959714227131546,0.0006284807009294881,4.0,2.1052631578947376,0.35000000000000026,0.08660254037844407,0.24743582965269717,3.6099958755082424,4.098217013088161,2.1221028853135655,6.3754808236295215
03_fast_cadence,ARM_SWING__03_fast_cadence,ARM_SWING,0,4,9.0,11.0,40,0.18553823989015975,48.04368024290033,0.719,165.1,1.6497435897435928,5.260000000000113,2.000000000000001,0.4619733919192268,25.444882857564746,0.391738190839528,1.0906500000000001,1.1469999999999998,0.16599999999999993,1.2942,1.3083999999999998,0.18064999999999998,0.30939999999999995,0.33569999999999994,0.20440462323538572,1.408387445159013,3.803999999999946,4.243999999999953,0.1794871794871795,0.02564102564102564,2.612048614569611,1.5121097092775608,4.333522527131901,5.564255335267486,7.352278558379184,0.07692307692307693,806.097976384267,1253.4285480445915,101.802,163.52000000000004,176.453,0.47019476892461814,258.9422011944417,0.10451827900901696,0.6085409007251585,1.025641025641026,0.4394649061212038,732.5666663555714,0.5038592978550595,0.3740103054883994,0.4991604247609285,0.09336521009217126,0.0334640596585009,0.030459325810051358,4.0,2.1052631578947385,0.36666666666666714,0.15275252316519414,0.4165977904505289,5.258867716566893,4.910790913530143,3.740958487838027,8.528867535218874
03_fast_cadence,ARM_SWING__03_fast_cadence,ARM_SWING,0,5,11.0,13.0,40,0.1757632713740347,44.183161054515224,0.621,153.19,1.5066666666666657,4.18000000000009,1.0000000000000004,0.5829741262779435,22.756789252199507,0.46700432099040834,1.0711249999999999,1.1465,0.21750000000000003,1.2354,1.2392500000000002,0.173425,0.25200000000000006,0.2778,0.18756112337048955,1.1266936568966825,3.264000000000046,3.6919999999999473,0.15384615384615385,0.0,2.2679401830865165,1.2206495866817373,3.844385506107881,4.383757798049971,6.519539861063955,0.02564102564102564,762.0363181537061,1113.432154016557,101.9285,152.962,160.16799999999998,0.43281698973353144,251.37880462233107,0.2825363840051276,0.5806382061444415,1.538461538461539,0.37041000882596614,373.4452991470552,0.39914388553220903,0.567552910550955,0.36120059944934,0.0376458993275701,0.03360059067213487,0.6509774596498896,4.0,2.1052631578947385,0.5166666666666663,0.18929694486000975,0.36638118360001914,4.630802146134279,3.6765785825430064,2.7224651338393344,6.650655975073636
03_fast_cadence,ARM_SWING__03_fast_cadence,ARM_SWING,0,6,13.0,15.0,40,0.1953068263278486,48.91568901482296,0.71,160.33999999999997,1.9615384615384608,5.199999999999924,1.0000000000000004,0.5100225051960148,22.590492696167082,0.49610802775257945,1.08225,1.15,0.19900000000000007,1.2534,1.2753999999999999,0.18914999999999998,0.30210000000000004,0.349,0.2096573394851704,1.590222656474868,4.151999999999941,4.522000000000097,0.3076923076923077,0.05128205128205128,3.352254713419825,2.031048116236826,5.990167709915053,7.17651447255325,8.957075415558553,0.20512820512820512,791.6270861018335,1278.1716544115448,105.86300000000001,160.449,163.0785,0.4272126268126109,250.45560329115912,0.17756040677867269,0.5142219679160198,0.512820512820513,0.3395640629287071,1324.3297749954156,0.6707667673508863,0.3993469971750613,0.24756094342695142,0.19018357976730343,0.16290847963068386,0.5815183277306742,4.0,2.1052631578947385,0.48333333333333367,0.16072751268321553,0.3325396814135491,6.578480945412061,6.779169715435082,6.866869254807819,12.818614860857867
03_fast_cadence,ARM_SWING__03_fast_cadence,ARM_SWING,0,7,15.0,17.0,40,0.20744103888908919,54.921273188572805,0.6930000000000001,174.32000000000002,1.7800000000000007,5.359999999999924,1.0000000000000004,0.541068013686424,32.66445309317687,0.5188186239914729,1.0344,1.0950000000000002,0.3182499999999999,1.2455,1.2875999999999999,0.18325,0.30029999999999996,0.32384999999999986,0.20770014443904464,1.0563691539768045,2.9319999999999573,3.3879999999999653,0.07692307692307693,0.02564102564102564,2.127728171839159,0.9908441409610156,3.011880420233569,3.658454189846872,5.571678382677801,0.02564102564102564,796.1505643944341,1202.0120745964075,93.16024999999999,164.841,165.2535,0.4876612135009667,264.7560650616348,0.2765106513769508,0.5573679893826956,2.5641025641025648,0.5106247435782449,259.36799809196674,0.3822931085567736,0.5401140947449317,0.41929584784126017,0.026979941747988324,0.013610115665819896,0.7571143814982809,5.0,2.631578947368423,0.37499999999999956,0.028867513459481187,0.07698003589194992,3.643747732381422,2.54705066780312,1.514700199476604,4.21935508885084
03_fast_cadence,ARM_SWING__03_fast_cadence,ARM_SWING,0,8,17.0,19.0,40,0.19919285687687005,48.25023292025619,0.643,161.14000000000001,1.922051282051284,4.139999999999943,2.500000000000001,0.37707530681232093,27.385056775119104,0.5736480869078759,1.052475,1.1175000000000002,0.30674999999999997,1.2664,1.284,0.182975,0.28440000000000004,0.34509999999999996,0.20356688090158478,1.2326163433658246,3.831999999999945,3.994000000000199,0.20512820512820512,0.0,2.8442101908853887,1.1748400474833853,4.384390314932968,4.9685020020160335,5.597606631409454,0.05128205128205128,844.2302244783654,1343.7650118197053,106.52225000000001,163.304,169.3165,0.5264402391528847,242.22873087302423,0.2789095446452307,0.6303027330303136,1.025641025641026,0.411520810975737,158.31460302687552,0.6287309397610078,0.3530372128017241,0.20703518685210096,0.3651484026144292,0.07477919773174566,0.023257764989851,6.0,3.1578947368421075,0.3200000000000003,0.13964240043768897,0.4363825013677776,4.721430831062029,4.832857665841871,3.037211269770124,8.773551453041765
03_fast_cadence,ARM_SWING__03_fast_cadence,ARM_SWING,0,9,19.0,21.0,40,0.23925353465759677,59.273745214849306,0.884,185.95999999999998,2.4030769230769202,5.919999999999915,2.000000000000001,0.29077133866631033,43.68793160553784,0.47659132717050173,1.1005500000000001,1.141,0.24724999999999975,1.36,1.36505,0.2278,0.36610000000000015,0.42115,0.25675182569944854,1.4167088506857355,4.139999999999944,5.02399999999993,0.38461538461538464,0.05128205128205128,3.3462620134616827,1.3862699949036523,5.270896322511259,6.155567572904288,6.523373360463035,0.1282051282051282,965.0878322979087,1451.8109797282282,107.48000000000002,186.087,187.87999999999997,0.42183299895817705,247.74449121379888,0.2665647323332916,0.5423551078749587,1.025641025641026,0.6227727744119601,557.3483475264613,0.5619774420702611,0.29685634102935393,0.4558826318603035,0.23433485660911899,0.012926170501223409,0.009970313291704008,3.0,1.5789473684210538,0.75,0.4949747468305853,0.659966329107447,6.3670043986177385,5.323591566991783,3.607692086302272,8.918931783503034
03_fast_cadence,ARM_SWING__03_fast_cadence,ARM_SWING,0,10,21.0,23.0,40,0.22044333971712785,57.37659412399128,0.789,182.25,2.0687179487179623,5.100000000000287,2.000000000000001,0.5697386994989494,37.44561556683244,0.48215599407798176,1.083375,1.1145,0.30799999999999994,1.3112000000000001,1.34755,0.20432500000000003,0.34060000000000007,0.37739999999999996,0.23309177377161985,1.201357082389027,3.8880000000000017,4.063999999999942,0.23076923076923078,0.02564102564102564,2.6420029993928424,1.2302095018069945,4.209162403228928,5.1617151411745805,5.358917801198603,0.07692307692307693,857.327145228518,1405.3059363279042,109.32425,185.82100000000003,190.24699999999999,0.4742313553643062,260.2781930160228,0.2349340610928406,0.4785489547712653,1.025641025641026,0.40475711644248646,535.5313138448375,0.3472312909239615,0.38305168050416427,0.5866069073264387,0.02327967569688973,0.007061736472507663,0.0002166105017743807,4.0,2.1052631578947385,0.3166666666666676,0.1154700538379268,0.3646422752776625,4.585835145481164,3.7424162960140817,3.1790366195515123,6.2679534103549654
03_fast_cadence,ARM_SWING__03_fast_cadence,ARM_SWING,0,11,23.0,25.0,40,0.22685128840560298,61.65747268122411,0.7569999999999999,202.56,1.9928205128205172,3.9999999999999445,2.000000000000001,0.5094098116051389,39.37860820186444,0.48628736364076747,1.0833249999999999,1.0895000000000001,0.3397500000000001,1.3669,1.37935,0.20852500000000002,0.3669000000000001,0.37934999999999997,0.23899377606958722,1.2297067444975969,3.628000000000153,3.861999999999942,0.1794871794871795,0.0,2.5828437118927527,0.9743312961571288,3.9661289603481324,4.119156064601866,4.188603585922102,0.0,850.1100933984637,1197.7163574864994,111.319,191.711,208.521,0.49407311740574084,271.7968811840402,0.2995411811371573,0.5975923583433052,2.051282051282052,0.5574235947708011,243.0345289399863,0.3250100207302013,0.4643402231739362,0.5045103603089822,0.0271056753940131,0.0040437411230684825,0.0019227361047150422,3.0,1.5789473684210538,0.4499999999999993,0.07071067811865576,0.15713484026367971,3.934569185726511,3.289850812521887,1.531131663068835,5.275191280095162
03_fast_cadence,ARM_SWING__03_fast_cadence,ARM_SWING,0,12,25.0,27.0,40,0.23370282329356787,60.279946739444426,0.8039999999999999,205.30999999999997,2.312820512820512,6.579999999999906,2.000000000000001,0.6209891644785327,41.224254862734774,0.5023655472809582,1.080375,1.1150000000000002,0.3415,1.3471000000000002,1.39385,0.212875,0.38530000000000003,0.39385,0.24435982689468413,1.3942021840803538,3.827999999999947,4.152000000000204,0.3333333333333333,0.02564102564102564,2.8799685644860307,1.1160911776010323,3.991334943502967,4.275396371883938,6.765352910233044,0.02564102564102564,829.9168924830077,1292.6314860905134,105.77424999999998,187.952,190.515,0.4723078188800338,257.93418277931215,0.2343052115131825,0.463078265221629,0.512820512820513,0.3640991957512025,165.5096441681819,0.3754366921022029,0.3177750359054864,0.6130194042378353,0.05363217801052359,0.015573381846154763,0.0008261606691878534,5.0,2.631578947368423,0.3250000000000002,0.06454972243678983,0.19861453057473782,4.605954725164798,3.686945135107608,1.5486740041011113,5.044894755108645
03_fast_cadence,ARM_SWING__03_fast_cadence,ARM_SWING,0,13,27.0,29.0,40,0.21985482389464098,55.7446018077547,0.6790000000000002,178.12,2.047692307692319,4.559999999999935,2.000000000000001,0.5258688039981065,37.00806748180159,0.5198334409840148,1.0771000000000002,1.1025,0.3617499999999999,1.3206,1.3368,0.20309999999999997,0.3206,0.33680000000000004,0.23037393515760415,1.147488015161516,3.6319999999999477,3.9240000000002224,0.2564102564102564,0.0,2.5392416875172374,0.8965873081420314,3.8142548765559647,3.990534631340341,4.71503976653425,0.0,815.57868798253,1195.480601461043,107.13475000000001,175.19100000000003,183.15549999999996,0.4842198608726989,253.5518703672778,0.42884484503614834,0.5551291389409844,2.051282051282052,0.7064752949301066,95.66936215851413,0.3839687251890429,0.40460394985528164,0.5591547743858566,0.02579728499922133,0.010443990759640373,0.0005876968151541781,4.0,2.1052631578947385,0.4166666666666667,0.07637626158259686,0.18330302779823246,4.017184342499333,3.1181903001539455,1.4786896102928753,5.115197264003193
04_small_swing,ARM_SWING__04_small_swing,ARM_SWING,0,0,1.0,3.0,40,0.044020908493753105,17.20925219065426,0.20600000000000007,57.540000000000006,0.43025641025641037,1.5200000000000067,1.0,0.3828433476057326,1.4627110059063353,0.33549714673782677,0.998175,1.009,0.050999999999999934,1.0391,1.0485499999999999,0.03212499999999998,0.07810000000000006,0.08895000000000002,0.04350545942752472,0.3771882622182133,0.9839999999999939,1.1860000000000022,0.0,0.0,0.7612340209373463,0.42269772232196884,1.257040959256619,1.7212034127492033,1.9724096937502529,0.0,296.8843078762292,481.9221754137672,38.93075,59.522,62.123,0.3844147088007877,390.9335990441084,0.17443097614143116,0.5073444839763309,0.5128205128205128,0.5624185742203993,43.310214157651146,0.6023782209460614,0.37915152837973826,0.28909650576952645,0.3004838686104145,0.031268097240320814,0.5160130250440759,4.0,2.1052631578947367,0.3333333333333333,0.12583057392117897,0.3774917217635369,1.577380571538806,1.5640440101460962,1.0146932167714762,2.557040607813506
04_small_swing,ARM_SWING__04_small_swing,ARM_SWING,0,1,3.0,5.0,40,0.06835048721526499,18.40106933904964,0.23199999999999998,72.02,0.6394871794871797,2.5000000000000067,2.0,0.4854158768264047,3.150659053395533,0.3676471712163201,0.9994249999999999,1.013,0.09225000000000005,1.0753,1.08315,0.056674999999999996,0.10969999999999999,0.12524999999999997,0.06749314780035082,0.5014607541864115,1.1360000000000015,1.5220000000000045,0.0,0.0,0.9546802943460596,0.5534779006643619,1.5215962647173806,1.7137636261921718,2.8742303317584086,0.0,360.6955026828862,640.4986933843186,44.04600000000001,68.188,70.36699999999999,0.5340711194346466,269.21635951323634,0.3299452161846127,0.427241654442831,1.0256410256410255,0.48591968157742427,51.371169028538546,0.5248391691680012,0.4095232982277392,0.4386845982295915,0.04077093497692309,0.11102116856574634,0.0057050263623867935,3.0,1.5789473684210524,0.27500000000000013,0.10606601717798207,0.3856946079199346,1.792875913830594,1.6508041989362827,1.2995681552552742,2.8703041952115083
04_small_swing,ARM_SWING__04_small_swing,ARM_SWING,0,2,5.0,7.0,40,0.041072293986741636,15.429796548835682,0.16300000000000003,53.25,0.3579487179487177,1.120000000000005,1.0,0.6672780129967361,1.2635560260429084,0.3764366837714923,0.9972000000000001,1.005,0.05224999999999991,1.0421,1.0548,0.03319999999999999,0.06999999999999997,0.07704999999999997,0.04065218321320517,0.285096285555927,0.7319999999999942,0.9280000000000002,0.0,0.0,0.6432563684990444,0.35260789804538245,1.0352564509361917,1.1635302863043429,1.7612495564229464,0.0,262.35663174846457,409.1415382409872,37.257999999999996,54.775,55.669,0.3623121514753955,375.67408710642036,0.08175356629154852,0.6172361669656757,1.0256410256410255,0.39723371316957445,47.06877159743491,0.43947415579889154,0.6664678453224429,0.13715549079935882,0.16254568814812365,0.033830975730074674,0.188171748640458,5.0,2.6315789473684204,0.3374999999999999,0.17969882210706503,0.5324409543913039,1.150026947104234,1.3279044495354422,0.8979784088634066,2.2185030796355822
04_small_swing,ARM_SWING__04_small_swing,ARM_SWING,0,3,7.0,9.0,40,0.03383359542654577,15.317283666181039,0.1339999999999999,59.34,0.3482051282051282,1.360000000000006,1.0000000000000004,0.725906832833929,0.7097904410938969,0.245070155357606,0.993825,1.001,0.05325000000000002,1.0294999999999999,1.03565,0.02772499999999999,0.05300000000000005,0.05589999999999989,0.033973887031071376,0.27325399592466854,0.6120000000000029,0.7879999999999874,0.0,0.0,0.7658539389634069,0.7835486419387603,1.2788858177399056,2.9110091760158276,3.4641593496835688,0.0,254.32154561049305,346.4029609892265,31.454250000000002,51.273,53.4705,0.16409175663962575,452.7240889735038,0.40792889374226116,0.5454483425934845,1.538461538461539,0.4627063726585273,224.222670934449,0.5306897690439567,0.6091531050936914,0.17613233851994836,0.13289141152381714,0.0818231448625433,0.023546300314421162,2.0,1.0526315789473688,0.75,0.0,0.0,3.1746468309908544,1.785393010394145,2.2040204564944648,3.308560965234875
04_small_swing,ARM_SWING__04_small_swing,ARM_SWING,0,4,9.0,11.0,40,0.04134866599404604,16.435019646146785,0.18899999999999995,65.81,0.43333333333333274,1.1599999999999846,1.5000000000000007,0.3943454949623383,1.1936940584525513,0.12932961988278951,1.0030750000000002,1.011,0.04375000000000007,1.0454999999999999,1.05345,0.03197499999999999,0.07649999999999997,0.08154999999999993,0.04094416930406575,0.3512184305598317,0.979999999999994,0.999999999999988,0.0,0.0,0.7597561391303725,0.5141178892324206,1.448892918767005,1.5587439981886253,2.6120490041344557,0.0,267.68758823805257,447.01412775748065,41.334,60.52,66.2135,0.4105359925882582,397.47399948799625,0.2639991872748262,0.5694312131081748,1.025641025641026,0.4317778998176971,52.64404720226295,0.6581444683704734,0.2362324996053695,0.4862837601520198,0.18662436633401483,0.09085937390859593,0.008232979341508365,5.0,2.631578947368423,0.3624999999999998,0.11086778913041749,0.3058421769114967,1.6119176458106979,1.5074033607661514,1.418987558346359,3.144317138444136
04_small_swing,ARM_SWING__04_small_swing,ARM_SWING,0,5,11.0,13.0,40,0.05190918475124091,19.038651157175376,0.20700000000000007,63.800000000000004,0.48461538461538484,1.279999999999983,1.0000000000000004,0.7078519235344538,1.9309264668346329,0.47342679431209883,1.005475,1.0270000000000001,0.07474999999999987,1.0531,1.05545,0.044524999999999995,0.08599999999999997,0.09460000000000005,0.05154779335723306,0.30763825436144704,0.9039999999999928,1.0040000000000184,0.0,0.0,0.7600175966534382,0.34380827193396407,1.1861893315843677,1.4534559687294533,1.67391756069411,0.0,287.8743544774641,472.7275370148618,39.01925,60.885000000000005,63.5055,0.2555529180312183,366.7684485590048,0.15335247342853328,0.5469068803887868,1.025641025641026,0.38318592188365014,52.22521629442741,0.3943924401747721,0.655358957003279,0.26060260256123946,0.03351849230494365,0.050519948130538034,0.3837455580976369,4.0,2.1052631578947385,0.36666666666666653,0.16072751268321517,0.43834776186331426,1.2537186296638094,1.4453411386062884,0.8817739326983853,2.625681140323578
04_small_swing,ARM_SWING__04_small_swing,ARM_SWING,0,6,13.0,15.0,40,0.05846558816945229,20.257433202059374,0.22000000000000008,65.89,0.43897435897435955,1.4600000000000302,1.0000000000000004,0.5617324187988006,2.3914123489300203,0.44706729444787935,1.001675,1.0255,0.0767500000000001,1.0562,1.0702500000000001,0.048775,0.0973,0.10904999999999998,0.057754437058982755,0.35800466677195836,0.78399999999999,1.2499999999999885,0.0,0.0,0.7256340585151891,0.4552834083174603,1.5023703568257312,1.6163214691319983,1.7368937791355923,0.0,339.76931970824256,491.5805379965711,40.255250000000004,65.60000000000001,67.5495,0.34977217552482565,346.48472437062884,0.22085942063840017,0.5602341076905809,1.025641025641026,0.6258666140323883,43.59940401373434,0.4503376208408736,0.5158379679821133,0.38270079610516705,0.05080959221722142,0.05065164369549801,0.7341690847691875,3.0,1.5789473684210538,0.5499999999999998,0.353553390593275,0.6428243465332275,1.6675914793164541,1.3621564619278281,1.1764034382675632,2.8829106486453018
04_small_swing,ARM_SWING__04_small_swing,ARM_SWING,0,7,15.0,17.0,40,0.04870781541037619,19.937365601186748,0.16900000000000004,66.49,0.4399999999999997,1.399999999999979,1.0000000000000004,0.45104210615435114,1.6528051582712402,0.3536785495041373,0.9936,1.0059999999999998,0.0757500000000001,1.0393999999999999,1.0602500000000001,0.039449999999999985,0.07869999999999996,0.09049999999999994,0.04851906841644838,0.364648352598266,0.8959999999999928,1.0499999999999863,0.0,0.0,0.7871602035320374,0.6454287384742532,1.2696562155418907,1.8764738439523305,3.349029710229707,0.0,305.0058605299943,456.67741029142235,39.62625,64.346,67.4035,0.4010895283735574,409.3258018905012,0.25075537319175956,0.47683181440784933,2.5641025641025648,0.4102464752946669,157.59080070769954,0.5662895392516314,0.4209918182836151,0.4801095456053297,0.015674652162669007,0.08322398394838629,0.503353789469139,3.0,1.5789473684210538,0.6499999999999995,1.2560739669470201e-15,1.932421487610802e-15,1.9197231470391112,1.5981629044380616,1.7902341077827435,2.4443173386405106
04_small_swing,ARM_SWING__04_small_swing,ARM_SWING,0,8,17.0,19.0,40,0.07064022243482126,22.987327746457982,0.2270000000000001,76.88,0.5830769230769263,1.3399999999999799,1.0000000000000004,0.6872525772663628,3.7834560389621656,0.48186644578226573,1.0066,1.036,0.10799999999999998,1.0771,1.0801,0.0624,0.11059999999999999,0.132,0.07006318576827635,0.3801810776746614,1.0719999999999996,1.1300000000000565,0.0,0.0,0.8757174601245645,0.7112264846041007,1.295744388701178,1.7489206893369376,3.5653330840191413,0.0,372.5683403959696,563.4988750775382,45.668000000000006,72.286,74.21349999999998,0.31383588169010396,325.4141472681243,0.1922553182168948,0.5846174050736431,2.5641025641025648,0.24612752959314912,146.5092960935341,0.29708967246842694,0.6794094420136793,0.30217771553333506,0.006884791198164295,0.011528051254821361,0.43190117818877616,3.0,1.5789473684210538,0.5,0.282842712474618,0.565685424949236,2.1638860813163108,1.4731752365364432,1.9277694997369361,1.9634813242846052
04_small_swing,ARM_SWING__04_small_swing,ARM_SWING,0,9,19.0,21.0,40,0.0490786326163146,15.30566561557835,0.20700000000000007,55.1,0.36153846153846086,1.0199999999999843,1.0000000000000004,0.7743253514708834,1.7598480003043648,0.3942886546194091,0.9994249999999999,1.0105,0.06225000000000003,1.0475,1.0623500000000001,0.039724999999999996,0.07359999999999998,0.09609999999999996,0.048464677859240954,0.2702974819433905,0.7239999999999887,0.8899999999999882,0.0,0.0,0.5892543992773255,0.3114985369721575,1.0659351721600374,1.1373585600409575,1.4176036117335282,0.0,251.35702636090804,418.4288715308372,34.14525,54.511,60.882,0.16524850150349493,311.86006617654783,0.3414136230223795,0.559189687572695,1.025641025641026,0.4428635963856872,41.00339560900557,0.3638338333772985,0.739799837647187,0.2031851686910023,0.03182657247922514,0.02518842118258546,0.17361490772932528,3.0,1.5789473684210538,0.40000000000000036,0.21213203435596475,0.5303300858899114,1.1112770670792473,1.129196745651395,0.7931367141369217,1.6129016632259439
04_small_swing,ARM_SWING__04_small_swing,ARM_SWING,0,10,21.0,23.0,40,0.04430080742448761,16.077813776547274,0.1519999999999999,56.11,0.4117948717948708,1.8199999999999736,1.0000000000000004,0.6173330170846477,1.2690707957103138,0.42069489246785013,0.99445,1.012,0.06774999999999998,1.0372,1.04065,0.037149999999999975,0.07759999999999996,0.08614999999999996,0.044094217307941844,0.38231202326228403,0.8800000000000352,1.0079999999999865,0.0,0.0,0.643706305727526,0.4580291155620746,1.1457857912768348,1.365351525669635,2.198999772623879,0.0,280.6698276499002,426.34289658631866,36.80375,54.561,55.88149999999999,0.3597685319827643,362.92371880473087,0.37910668237176487,0.5695940831913993,1.025641025641026,0.5699670082922864,57.98931193301141,0.5885917779207204,0.5408702735143497,0.26404449497556237,0.08224281739168746,0.1128424141184006,0.41228852680206124,3.0,1.5789473684210538,0.5500000000000007,0.3535533905932738,0.6428243465332243,1.3771840631094234,1.201740515278949,1.0092389780861681,2.6989501094840733
04_small_swing,ARM_SWING__04_small_swing,ARM_SWING,0,11,23.0,25.0,40,0.0447545370855692,14.085793076804872,0.16800000000000004,51.43,0.427692307692307,1.279999999999983,1.0000000000000004,0.6475496882354879,1.4057981011545082,0.4337713797245178,0.998575,1.0085,0.04999999999999993,1.0532,1.06115,0.035375,0.07799999999999996,0.08209999999999995,0.044214533809597036,0.32139876476411827,0.8879999999999882,0.9639999999999855,0.0,0.0,0.6367075696048443,0.4380439584258149,1.0599065253723956,1.514519613055635,2.0624257562394512,0.0,235.21554700035207,343.70306143139436,32.81225,51.201,54.1605,0.3904492997560037,314.7344156386491,0.13275148527322625,0.6536825652714152,1.025641025641026,0.44355028915348177,52.11336120481588,0.4461901359076643,0.6040256615886546,0.28748868105910486,0.06443912407414991,0.044046533278090653,0.4737409214047104,5.0,2.631578947368423,0.3625000000000007,0.22867371223353627,0.630824033747685,1.2470057397053083,1.1706145177432181,1.0275185732339598,2.0464549662201774
04_small_swing,ARM_SWING__04_small_swing,ARM_SWING,0,12,25.0,27.0,40,0.03205915005991428,13.215944408273065,0.1499999999999999,45.839999999999996,0.26461538461538536,1.0200000000000566,1.0000000000000004,0.8880976558926384,0.7035548617212433,0.39433913721948605,0.997425,1.001,0.04349999999999998,1.0294999999999999,1.0352999999999999,0.025324999999999986,0.048300000000000044,0.06215000000000004,0.03176043135727221,0.22116731168300255,0.4199999999999944,0.8439999999999868,0.0,0.0,0.5144114650364628,0.5426992222343524,0.7295545978422773,1.0486940089952,2.833160779059478,0.0,215.07654019829846,303.1982271176751,29.766750000000002,45.311,47.46,0.15514690418450106,412.23626900819966,0.11459703894417654,0.6456573253538194,1.025641025641026,0.2720006793216356,109.26213290723115,0.35051566811077867,0.821053580837665,0.028243842750702755,0.04761752428132266,0.10308505213030973,0.03502278236954083,2.0,1.0526315789473693,0.6999999999999993,0.0,0.0,1.8580551906226144,1.1461183966323973,1.4108459280430568,1.8889858777825588
04_small_swing,ARM_SWING__04_small_swing,ARM_SWING,0,13,27.0,29.0,40,0.04674949608942736,16.465467819434117,0.19300000000000006,60.019999999999996,0.5056410256410236,1.5399999999999772,1.0000000000000004,0.6176471001797095,1.3392930089254642,0.4175818119530568,0.9988499999999998,1.013,0.05049999999999977,1.0502,1.05865,0.03649999999999999,0.07819999999999998,0.08214999999999989,0.046175751212081,0.3618650146103078,0.9720000000000004,1.2639999999999811,0.0,0.0,0.7389014008026338,0.3850824954605321,1.2333072613387646,1.4010489493287444,1.9146801299433522,0.0,282.97090159371743,420.50953515981985,37.9105,57.246,59.25449999999999,0.2719713645154148,352.2063165758458,0.12363477677731059,0.6059606470136029,0.512820512820513,0.5100536024519241,35.25052305937218,0.5501732589822993,0.4903853409566482,0.273463506872289,0.14863032566513895,0.08752082650592398,0.5252410947003787,4.0,2.1052631578947385,0.4666666666666674,0.2929732638541159,0.6277998511159616,1.324323468471729,1.3178041440946247,0.8467614531297569,2.3132664920786907
05_large_swing,ARM_SWING__05_large_swing,ARM_SWING,0,0,1.0,3.0,40,0.333948406885762,63.91266765763564,1.0710000000000002,230.23000000000002,2.30102564102564,7.299999999999959,1.5,0.5266038910756493,85.69570923711052,0.06199400368791585,1.004,1.0975000000000001,0.5845,1.3727,1.3936499999999996,0.2852,0.5135000000000001,0.5589999999999999,0.32977189085790803,1.699826298976943,4.13600000000002,4.967999999999997,0.38461538461538464,0.05128205128205128,3.026693698804982,1.4156483068577848,4.322426687881879,5.192202915987618,7.732244176175463,0.07692307692307693,725.0074208720613,1152.0873523099826,129.86525,201.28100000000003,216.88099999999997,0.5725352052757917,191.38485568370763,0.2181713229864387,0.5107326460627682,2.051282051282051,0.3814259314651894,663.7029221912851,0.47221579602937197,0.357143630116359,0.5812992766202635,0.04757810829173175,0.013978984971645679,0.011333602514348532,3.0,1.5789473684210524,0.75,0.4242640687119283,0.5656854249492377,5.349208371676764,4.757694781208424,2.201983979382148,7.18426026271893
05_large_swing,ARM_SWING__05_large_swing,ARM_SWING,0,1,3.0,5.0,40,0.330409915377077,71.38155611633682,1.1809999999999998,241.23,2.2379487179487194,7.1000000000000245,1.5,0.54525959959416,83.75419546834901,0.17270979963860542,1.1405750000000001,1.2435,0.4032500000000001,1.492,1.4955,0.302475,0.5067999999999999,0.5711999999999999,0.35525029908502537,1.8138983600132774,4.784000000000009,6.680000000000024,0.23076923076923078,0.10256410256410256,2.909950695778442,1.709888354137752,5.026138868978099,7.056058106392904,7.595314345041975,0.10256410256410256,795.2297564093705,1192.3315926591758,123.9595,218.84300000000002,222.212,0.4783495235339611,216.03938863297532,0.20335247785741178,0.4471731564015554,2.051282051282051,0.349311473618136,971.9705094027117,0.4141542792675475,0.4380288179224913,0.5392583045882552,0.007414080540501975,0.015298796948751525,0.008344811077127028,4.0,2.1052631578947363,0.4499999999999999,0.1499999999999999,0.3333333333333332,6.14122733004947,4.365387992724331,2.720262547191525,7.768762815310544
05_large_swing,ARM_SWING__05_large_swing,ARM_SWING,0,2,5.0,7.0,40,0.3918929700823938,68.47498121436539,1.285,235.7,2.2841025641025654,7.500000000000027,1.5,0.5502554433823588,116.12811033991285,0.12052442307771612,1.00895,1.0715,0.6162500000000001,1.399,1.6381999999999999,0.32924999999999993,0.6353,0.63915,0.38706679010217343,1.8428078089650946,4.376000000000016,5.603999999999931,0.3076923076923077,0.07692307692307693,3.2036489711205736,1.676530702967219,5.496783227585369,6.426113603404683,7.828486443751466,0.1282051282051282,729.0498673540684,1143.915991291797,132.597,206.65300000000002,231.32999999999996,0.646198962678841,174.72878168743065,0.18268857644728057,0.5359225084009689,2.051282051282051,0.31095665960426266,1330.7504944500554,0.4578313425827306,0.3337145717161829,0.5653554788261659,0.07672090078389154,0.024209048673759802,0.024324045373838327,4.0,2.1052631578947363,0.4499999999999999,0.1802775637731993,0.40061680838488745,5.972924188204411,5.3724377806482915,3.4990175746336925,10.05542487738185
05_large_swing,ARM_SWING__05_large_swing,ARM_SWING,0,3,7.0,9.0,40,0.3757318021933826,62.968726586685214,1.3290000000000002,211.15,2.3641025641025633,5.660000000000019,0.5000000000000002,0.34574580175694225,104.03753436204939,0.00249551150694484,1.0896500000000002,1.171,0.5035000000000001,1.5057999999999998,1.5443,0.3311,0.5806000000000001,0.6088999999999997,0.38168331113633985,1.435241989404969,4.28399999999994,4.4480000000000866,0.3333333333333333,0.02564102564102564,3.234383662079765,1.4075074154463816,5.218326206319228,5.597875133391951,5.788747705678787,0.1282051282051282,708.9561700447836,1050.3312000041024,146.3045,220.49200000000002,229.4965,0.5206536816137302,167.58955781516815,0.09811179178467874,0.42314383323244237,0.512820512820513,0.3234180835869425,864.4942856781227,0.583868417432469,0.5579873316551047,0.35291700906346307,0.056334410770888244,0.032761248510543954,0.6962670726537696,4.0,2.1052631578947376,0.4999999999999997,0.2999999999999994,0.5999999999999991,5.326536340297716,5.365714782319411,3.3063067076521975,11.028706708743671
05_large_swing,ARM_SWING__05_large_swing,ARM_SWING,0,4,9.0,11.0,40,0.3934452556973705,72.1394229106708,1.667,271.4,2.4353846153846135,8.020000000000172,1.5000000000000007,0.3785313363299526,119.35474650019196,0.05056086234876108,1.1344,1.206,0.3017500000000002,1.5326,1.65675,0.33514999999999995,0.6761000000000001,0.7713499999999999,0.41108703458026985,1.9943206812739764,5.51599999999996,5.945999999999915,0.2564102564102564,0.1794871794871795,3.3619065230407923,1.908875369391863,6.205978109707129,6.5024348017637035,8.843234702302281,0.20512820512820512,824.9286315254107,1334.6277126342595,139.42175,229.18900000000002,266.5605,0.42648026718946286,183.3531396453256,0.14909646648167185,0.334655120806652,0.512820512820513,0.6572819523476547,1732.684795731781,0.47669452751330305,0.5782522187157324,0.39916157236159894,0.01335624922381448,0.009229959698853991,0.00015227823825752972,3.0,1.5789473684210538,0.34999999999999964,0.141421356237309,0.4040610178208833,5.988826289089892,7.015608251773936,7.5548946533196,15.431488831357308
05_large_swing,ARM_SWING__05_large_swing,ARM_SWING,0,5,11.0,13.0,40,0.4591147976660058,73.0707208963186,1.429,235.91,2.561538461538459,7.939999999999887,0.5000000000000002,0.4956377504248345,154.28368236827882,-0.009745115650252012,1.0122499999999999,1.1345,0.827,1.5431,1.5735,0.39865,0.6772,0.7068499999999999,0.4535050165102918,1.6295713651166228,4.920000000000105,5.245999999999926,0.28205128205128205,0.07692307692307693,3.5166029551294185,1.5189698949151378,5.203415316254974,6.128969508734127,8.395546438439728,0.1282051282051282,755.0866677817294,1225.1411483319184,149.632,230.877,240.43449999999999,0.5782912659037128,159.1556649182013,0.2417776824034744,0.5884689348061661,0.512820512820513,0.3564733592454365,830.583080625289,0.4483556283801685,0.4808699530204494,0.4509445875098225,0.022369149596051328,0.04581630987367657,0.02366553692458482,4.0,2.1052631578947385,0.5166666666666663,0.34034296427770144,0.6587283179568421,6.115142670144248,8.532655092194599,8.224060493956578,16.794641406738794
05_large_swing,ARM_SWING__05_large_swing,ARM_SWING,0,6,13.0,15.0,40,0.46273057731198963,82.71107138825072,1.5579999999999998,284.96999999999997,2.8071794871794884,8.600000000000183,1.5000000000000007,0.4023568763248647,159.8241462815387,0.23632486154783452,1.2319499999999999,1.3415,0.5970000000000001,1.6991,1.7693999999999999,0.47115,0.7198,0.7693999999999999,0.5124133097412673,2.0240578688392974,5.50399999999996,6.015999999999916,0.38461538461538464,0.20512820512820512,4.542736770631044,2.1245170514824663,7.208011780819729,7.553996141387155,9.12497671229892,0.41025641025641024,982.6489546338003,1674.8361110999206,174.40925,276.002,282.95149999999995,0.3923531209022222,178.74563610799365,0.24410623157315378,0.4651992420768479,2.051282051282052,0.32409900349610665,1175.052194950809,0.5172659279524114,0.5449783714976772,0.40217764142655865,0.026801890343920057,0.026042096731843857,0.02728833468444713,5.0,2.631578947368423,0.4125000000000001,0.1600781059358215,0.38806813560199144,7.688758976491387,9.334328937915886,7.897051933524125,19.235413912376735
05_large_swing,ARM_SWING__05_large_swing,ARM_SWING,0,7,15.0,17.0,40,0.463842634676449,64.31935213627986,1.468,237.76,2.794871794871799,7.519999999999896,1.5000000000000007,0.4947674759850917,158.49047248194307,0.27474909811278225,1.1625999999999999,1.303,0.6729999999999999,1.5949000000000002,1.68975,0.4391,0.7051999999999999,0.74625,0.4860144030787565,1.9411918094370801,5.599999999999921,5.771999999999919,0.358974358974359,0.1794871794871795,3.889420023741268,1.798362290631598,6.081247140464115,6.2884927461007125,7.805690232131828,0.28205128205128205,811.1143811972705,1438.657034372461,165.92849999999999,234.911,255.5975,0.46460066169742303,138.66632199764365,0.0884501614992775,0.5705377233313702,2.051282051282052,0.38855695691414416,1487.8809616001404,0.48146579600231776,0.4748918529929534,0.4753913094285981,0.01388289886032709,0.03583393871812132,0.02532721310553979,3.0,1.5789473684210538,0.6749999999999998,0.45961940777125615,0.6809176411426019,6.537323739969264,8.558297357784141,9.909513791872895,22.02536513843517
05_large_swing,ARM_SWING__05_large_swing,ARM_SWING,0,8,17.0,19.0,40,0.5470346957308405,93.62097310500573,2.013,329.12,3.643589743589742,9.719999999999862,1.5000000000000007,0.5076863967339336,226.35879676057334,0.3730258873847774,1.205375,1.2805,0.7735000000000001,1.7999,1.9995,0.508675,0.8035,0.9994999999999999,0.5778794640753382,2.2211276026515003,6.528000000000272,7.757999999999891,0.5897435897435898,0.20512820512820512,4.5920056170395975,2.2467139285139592,7.87873017002541,8.45664714509631,9.818085353061322,0.3333333333333333,1073.6574440535846,1491.6815974479612,174.945,288.797,321.84799999999996,0.6005315033512241,171.142660302246,0.21232432504530888,0.5151012506290192,1.025641025641026,0.3373717040177286,1902.2030903448851,0.48602016516620894,0.41932896822351917,0.5421731227829866,0.017171641194819526,0.02132626779867485,0.006373460512892988,5.0,2.631578947368423,0.40000000000000036,0.1683250823060335,0.42081270576508334,8.027989397598875,7.054038975392078,6.750585026508058,11.752770652637683
05_large_swing,ARM_SWING__05_large_swing,ARM_SWING,0,9,19.0,21.0,40,0.42108163454218467,79.74642547089252,1.44,265.27,2.818974358974355,10.01999999999986,1.5000000000000007,0.7216780137235878,134.8484358067386,0.2870661897153257,1.1175249999999999,1.211,0.5624999999999999,1.551,1.6661999999999997,0.37827500000000003,0.6398,0.6661999999999997,0.432075369582669,2.1757948273916012,6.143999999999914,6.561999999999908,0.358974358974359,0.15384615384615385,3.372016685435285,2.155352184267954,6.330916832605599,7.118862213987296,10.44222198576514,0.1794871794871795,908.8910398528863,1565.0006760165033,146.70300000000003,238.139,272.547,0.5729597039367913,189.3847152882736,0.37230924473533994,0.3908610608334595,0.512820512820513,0.4034290814059065,1214.4008123000797,0.3697714798859768,0.2322850883828393,0.719766975192587,0.03404546234298249,0.013902474081591374,0.011856899437263573,4.0,2.1052631578947385,0.43333333333333357,0.2309401076758495,0.5329387100211909,7.760116920904377,4.74028646664164,3.5102803883389213,8.830298988393505
05_large_swing,ARM_SWING__05_large_swing,ARM_SWING,0,10,21.0,23.0,40,0.33647990662757643,73.53344512916624,1.3199999999999998,249.61,2.582564102564097,7.339999999999896,1.5000000000000007,0.6524931383227247,83.0596816974472,0.25224300985020404,1.170125,1.182,0.42874999999999996,1.5087,1.6341999999999999,0.32082499999999997,0.5267000000000001,0.6342,0.37327037787641276,1.8305200842048823,5.179999999999928,5.785999999999962,0.28205128205128205,0.1282051282051282,3.240795315979649,1.7386063919812635,5.547050810344181,5.971612969519208,7.432200212588359,0.1794871794871795,822.5643771778114,1223.4597110124957,140.7625,223.817,248.10649999999995,0.5654718239383739,218.53740351442357,0.3881455001753338,0.4253320405659535,1.025641025641026,0.4338485938602258,753.103932038514,0.48276674942676656,0.2750109899050426,0.6453018563719675,0.04028756011582812,0.03939959360716147,0.024024149186168037,5.0,2.631578947368423,0.39999999999999947,0.2041241452319312,0.5103103630798287,5.574579573301078,3.883432534256741,2.6228986045333427,6.716667786777936
05_large_swing,ARM_SWING__05_large_swing,ARM_SWING,0,11,23.0,25.0,40,0.39768766816467466,68.51141188442577,1.2910000000000001,220.45000000000002,2.5071794871794855,5.8000000000003284,1.5000000000000007,0.6739708074113235,119.45692012949026,0.2290044723151392,1.069425,1.1484999999999999,0.62625,1.4868000000000001,1.5380999999999998,0.3536750000000001,0.5955000000000001,0.6113,0.39877490517834746,1.5068998302858552,4.663999999999934,5.1999999999999265,0.28205128205128205,0.07692307692307693,2.9739808640177565,1.4104243015731805,4.781079894197565,5.307388705062308,6.13885982899096,0.07692307692307693,757.4722517825297,1328.664821692898,139.44175,217.423,222.3375,0.5725999701483555,172.2744187683902,0.19798968910095238,0.5321814427166587,1.025641025641026,0.30394802805582966,649.3011984517298,0.3891166075933972,0.3017623905534994,0.6687276634217858,0.01436485604073343,0.015145089983981444,0.018238083609605632,4.0,2.1052631578947385,0.4166666666666667,0.10408329997330867,0.2497999199359408,4.977382959211,4.237924878848656,3.452555510723182,7.0455224935872
05_large_swing,ARM_SWING__05_large_swing,ARM_SWING,0,12,25.0,27.0,40,0.41074307585031106,82.21748391597957,1.688,273.46,3.3707692307692194,7.9999999999998845,1.5000000000000007,0.5632011043860188,120.84928324088972,0.13449445437745955,1.21585,1.234,0.4504999999999999,1.6753000000000002,1.8023500000000001,0.3882,0.6969000000000002,0.80235,0.4594380807029387,2.173945460768649,6.323999999999914,7.489999999999892,0.46153846153846156,0.28205128205128205,4.130386909892744,1.9061248579035421,6.575305466012046,7.577852682658012,8.07499845201212,0.3333333333333333,979.4748605668766,1490.00556861693,157.38275000000002,272.718,282.93649999999997,0.5308133739090689,200.16766867165026,0.12266461975498195,0.4304406160655716,1.538461538461539,0.4993856990862961,1500.1441776280099,0.5225068531661637,0.3659882174439383,0.5276420958175445,0.06019943582425072,0.04617025091426639,0.047123235711052154,5.0,2.631578947368423,0.3874999999999993,0.1547847968417222,0.3994446370108967,6.793110426890078,4.5079100986566045,2.395550008304561,6.337102281057207
05_large_swing,ARM_SWING__05_large_swing,ARM_SWING,0,13,27.0,29.0,40,0.4417581417124429,83.1306304189145,1.469,295.86,3.3379487179487204,9.25999999999987,1.5000000000000007,0.6092729516845726,149.2905170133976,0.38864047817408437,1.073725,1.143,0.83725,1.623,1.64815,0.391425,0.6453,0.6545499999999999,0.44238769761375596,2.2266084422717225,6.595999999999909,8.08599999999995,0.48717948717948717,0.15384615384615385,3.8970697322642422,2.036701749171216,7.003981299975534,8.362871071021518,9.25641399247017,0.1794871794871795,958.7345050147045,1409.1504320972256,161.972,257.47700000000003,279.34049999999996,0.567071441175758,188.18132043172932,0.15682857622011653,0.4656286211288958,1.538461538461539,0.3643880948802532,1376.3316367656312,0.3999083598844264,0.3673956879592804,0.6126445354363348,0.007068247403343647,0.01289152920104132,0.0030899851058765115,4.0,2.1052631578947385,0.5500000000000007,0.26457513110645947,0.48104569292083477,7.614211834663502,5.12514754713532,3.6668252690303818,11.281357695818098
06_relaxed_swing,ARM_SWING__06_relaxed_swing,ARM_SWING,0,0,1.0,3.0,40,0.028417943049761498,17.009895157502612,0.1070000000000001,63.379999999999995,0.2851282051282051,0.88,1.0,0.44446527301109034,0.5674107420997043,0.1627722602522257,0.9959,0.9964999999999999,0.03875000000000006,1.0355999999999999,1.0423,0.02325,0.04820000000000005,0.05215000000000004,0.028358420266298347,0.2226026882477271,0.5800000000000028,0.6620000000000027,0.0,0.0,0.526087527594006,0.20416998974609613,0.863302535904955,0.8973893097892239,0.9256349172324907,0.0,228.13539990289703,340.84046557050647,37.23725,59.933,63.77899999999999,0.09300886571476061,598.5618004694176,0.20865458206015933,0.533390262399524,1.0256410256410255,0.27935173245898265,9.682553768047978,0.6708974290567714,0.48929498324739634,0.1534125135464061,0.26642617784882083,0.09086632535737657,0.28708650520286344,5.0,2.631578947368421,0.44999999999999996,0.14719601443879746,0.3271022543084388,0.8488630925116099,1.1336075675953,0.514903168448555,1.7657989690626033
06_relaxed_swing,ARM_SWING__06_relaxed_swing,ARM_SWING,0,1,3.0,5.0,40,0.034590192399817754,16.468587143407294,0.1409999999999999,54.980000000000004,0.3276923076923077,0.8800000000000017,1.0,0.34015304354805054,0.8875358970627704,0.1950749821458326,1.0036749999999999,1.0105,0.05699999999999994,1.0383,1.0482,0.029124999999999984,0.049300000000000045,0.05825000000000003,0.03435221972449524,0.2251369353884722,0.6880000000000027,0.768,0.0,0.0,0.5585522899457808,0.2417672998467218,0.8937642560823683,0.9314398903668679,1.0618851161966656,0.0,258.16133794418977,379.2424270783607,38.41375,58.302,61.158,0.17704293087794312,476.10568201101023,0.11598969151685226,0.5116067486916936,1.5384615384615383,0.5835913947131112,18.89313249553795,0.6257537929354654,0.3749808230476599,0.42743993279217174,0.15170653229766706,0.04587271186250125,0.33542072969122017,6.0,3.157894736842105,0.3500000000000001,0.16201851746019652,0.46291004988627565,0.8976892064364584,1.180498075430134,0.5523672458625157,1.907696691104673
06_relaxed_swing,ARM_SWING__06_relaxed_swing,ARM_SWING,0,2,5.0,7.0,40,0.041876344218761546,19.466566730073648,0.15800000000000003,72.53,0.3512820512820509,1.0400000000000025,1.5,0.3358746250343651,1.1347150837307995,0.2884824868587475,0.9967500000000001,1.0065,0.03524999999999989,1.0433,1.0511,0.03094999999999997,0.06779999999999997,0.09319999999999996,0.04147710211671011,0.2817910712340973,0.7159999999999921,0.9199999999999892,0.0,0.0,0.5884855939849808,0.2856803293162688,0.9717202740032552,1.0385709927070434,1.3266499161421421,0.0,248.09897083010082,411.07697515401304,39.7705,63.326,67.27349999999998,0.40542715570295007,464.8583130461562,0.16772004068777777,0.4588589880034839,0.5128205128205128,0.5665826224854751,28.82419370182702,0.7600446432231275,0.26048343503027444,0.371568593073116,0.2164434210031534,0.15150455089345613,0.2512347059545528,3.0,1.5789473684210524,0.6999999999999997,0.4949747468305834,0.707106781186548,1.038202428390913,1.1834062939187144,0.6630666594316659,1.963748015425191
06_relaxed_swing,ARM_SWING__06_relaxed_swing,ARM_SWING,0,3,7.0,9.0,40,0.06171372598019807,24.384248252109657,0.20900000000000007,86.64,0.5179487179487194,1.200000000000003,1.0000000000000004,0.39728652655912333,2.9232185100061545,0.4234341461452378,1.003675,1.022,0.08400000000000007,1.0662,1.0706,0.051175000000000005,0.09649999999999999,0.11044999999999996,0.06104813674470336,0.3424000390984647,1.0000000000000022,1.1059999999999874,0.0,0.0,0.8149634507124832,0.3350077919796584,1.2393867420188938,1.3260211732928289,1.6401219466856487,0.0,356.0063696970509,565.4229264491839,51.402499999999996,79.384,84.21049999999998,0.4823611803442375,395.11871734877536,0.19591583426735365,0.583594729999306,1.538461538461539,0.2823593202661825,55.26313184086554,0.5526600931635292,0.4376998591058025,0.4456177738477544,0.10659372228031051,0.010088644766132608,0.5437818724226877,3.0,1.578947368421053,0.5,0.141421356237309,0.282842712474618,1.3587978136925098,1.5120848595065826,0.8772107512320444,2.423243837679106
06_relaxed_swing,ARM_SWING__06_relaxed_swing,ARM_SWING,0,4,9.0,11.0,40,0.057670099571748484,20.957613236342123,0.238,76.02000000000001,0.4738461538461554,1.8400000000000387,1.5000000000000007,0.3502927013569715,2.4334829059743814,0.0963319854958582,1.012575,1.021,0.04849999999999999,1.082,1.08805,0.04487499999999998,0.09509999999999998,0.12344999999999998,0.05831659283600165,0.43753264771187894,1.1559999999999826,1.2620000000000215,0.0,0.0,0.7220674952776631,0.6151021044525546,1.2369562929252829,1.9758948160397811,2.920342445673172,0.0,299.8041555428469,462.7151294799828,44.5825,71.815,73.24399999999999,0.4248678164237576,363.4051855635926,0.24943264624054173,0.34809956687911936,2.051282051282052,0.3326537048987055,130.37162760298276,0.6436855644102667,0.3355154172330286,0.5389650176063362,0.08851634609365967,0.0370032190669756,0.05781998843697684,3.0,1.5789473684210538,0.40000000000000036,0.141421356237309,0.3535533905932722,2.0096597892897097,1.2678754305644104,1.4307660840596808,1.6908082502008133
06_relaxed_swing,ARM_SWING__06_relaxed_swing,ARM_SWING,0,5,11.0,13.0,40,0.03031962214770308,17.005691656558657,0.119,57.42000000000001,0.30512820512820477,0.8599999999999886,1.5000000000000007,0.7153883254082992,0.658134907677768,0.27287863404728907,0.9959499999999999,1.0005,0.04149999999999987,1.03,1.0421500000000001,0.024199999999999992,0.05220000000000005,0.05720000000000004,0.030210925176167646,0.18201896654891564,0.5439999999999928,0.5659999999999947,0.0,0.0,0.605905503074301,0.47768802670083743,0.7414588478948324,1.1007302131769434,2.5968442386866037,0.0,233.1152936831581,389.4336699219566,37.97,61.531,63.8055,0.5275831768856151,560.88072515267,0.058673775753910196,0.38308499877519697,2.5641025641025648,0.280000688238847,75.87412288065231,0.4660087506887748,0.19557515322310418,0.701917621379316,0.03203544329578417,0.0704717821017957,0.0039300770329652596,2.0,1.0526315789473693,1.049999999999999,0.0,0.0,1.776124955843159,1.3768700600258954,1.4185950603144184,1.820104507383586
06_relaxed_swing,ARM_SWING__06_relaxed_swing,ARM_SWING,0,6,13.0,15.0,40,0.040198737063973304,24.49464068934264,0.16800000000000004,81.97,0.3774358974358986,1.2400000000000275,1.0000000000000004,0.40823419852987314,1.1161067300687275,0.27789964075808954,1.0061,1.005,0.04500000000000004,1.0469,1.0583,0.03144999999999999,0.06539999999999996,0.07105,0.04015905875391005,0.2706786592478266,0.6879999999999961,0.82599999999999,0.0,0.0,0.6373712586457974,0.3255504353940064,0.9735279866153124,1.0436688817526971,1.5856859714332168,0.0,282.00743813612524,446.1193126158727,48.17325,81.796,84.322,0.3960613643947782,609.3385633076292,0.23413432883393373,0.5131257005294416,2.051282051282052,0.30096033217155754,16.13136309872337,0.6259927063030484,0.45812661169609936,0.43548113313799186,0.02708431525084479,0.07930793991506413,0.4431304735904637,5.0,2.631578947368423,0.36250000000000027,0.07500000000000018,0.20689655172413826,1.1616061181147912,1.3293563859128188,0.7734996882809354,2.411889183627826
06_relaxed_swing,ARM_SWING__06_relaxed_swing,ARM_SWING,0,7,15.0,17.0,40,0.05490903900181248,20.988314134115384,0.21500000000000008,68.03999999999999,0.4435897435897445,1.2999999999999805,1.5000000000000007,0.7333653612447668,2.0866624235623585,0.5387775534485233,0.9981500000000001,1.0095,0.08350000000000002,1.0566,1.08175,0.04529999999999999,0.08999999999999997,0.09630000000000007,0.0542498847925044,0.29579053025202695,0.8040000000000117,0.8460000000000191,0.0,0.0,0.6896674682304776,0.24074405208360708,0.9595032385031204,1.1028869572180946,1.339104178172836,0.0,286.02989558128786,445.97693187418025,49.81325,74.876,76.68849999999999,0.6307702493241542,382.23787040641133,0.11672365348045205,0.4489309458223324,1.025641025641026,0.400222645666192,21.18120643262211,0.47223751369419614,0.11958053840797254,0.6645972040446468,0.1513231782907744,0.0644990792566059,0.06498271688467087,3.0,1.5789473684210538,0.39999999999999947,0.2121320343559635,0.5303300858899095,1.223707072523467,1.3008564583657751,0.5898033560478442,2.196022596111026
06_relaxed_swing,ARM_SWING__06_relaxed_swing,ARM_SWING,0,8,17.0,19.0,40,0.033402892167119384,16.683525145545566,0.13,58.669999999999995,0.27794871794871845,0.899999999999988,1.0000000000000004,0.3999978721776092,0.7069778235851556,0.12236114502391482,1.001125,1.0,0.04999999999999993,1.0491,1.0521500000000001,0.027174999999999998,0.05230000000000004,0.056100000000000046,0.03300189388504848,0.2297272924140525,0.5879999999999905,0.6340000000000313,0.0,0.0,0.537409345832849,0.2024622515465246,0.804088662880458,0.8200264642320257,0.9110433579144146,0.0,247.56296777534234,402.1381913868827,39.422,59.013999999999996,61.488499999999995,0.09662166644956399,499.46349142689604,0.17424102994157348,0.388821196444735,1.538461538461539,0.43332153737714524,6.890091037867867,0.733936544607367,0.46804682912200013,0.26258740447255285,0.1104826494487258,0.15888311695672133,0.5736921618131652,7.0,3.684210526315792,0.2833333333333338,0.09309493362512493,0.3285703539710286,0.7846560818799082,1.1335395507744228,0.5799542285718087,1.8436264895949719
06_relaxed_swing,ARM_SWING__06_relaxed_swing,ARM_SWING,0,9,19.0,21.0,40,0.04408438877123435,17.06059748668153,0.20599999999999996,67.38,0.3743589743589752,1.6000000000000902,1.5000000000000007,0.45297434611676946,1.39915339039815,0.1854369546889656,0.99605,0.9984999999999999,0.04000000000000015,1.0353,1.0513,0.03165,0.07730000000000008,0.10104999999999997,0.04370869478719309,0.3247654608920079,0.6879999999999911,0.9879999999999852,0.0,0.0,0.5443870630301421,0.29453202393178174,0.786575217148531,1.0175947829485117,1.6109624452482731,0.0,228.6523989872489,360.1484686986136,38.91925,60.013,62.9095,0.4278642425134793,386.99861702094864,0.15963815780003776,0.44310623081843187,1.025641025641026,0.5617921960529818,41.06932013211049,0.6049865977385928,0.2532901936005877,0.5170230628461421,0.16160608705061885,0.06808065650265147,0.008097095346085275,3.0,1.5789473684210538,0.5250000000000004,0.24748737341529012,0.47140452079102846,0.8035495454256406,0.9650633065114878,0.4355349249478971,1.471396055686515
06_relaxed_swing,ARM_SWING__06_relaxed_swing,ARM_SWING,0,10,21.0,23.0,40,0.045178499254311166,20.43223049529396,0.17399999999999993,67.89,0.3994871794871796,1.119999999999985,1.5000000000000007,0.5892419848931185,1.395766851503093,0.13773747209189618,0.9969250000000001,1.005,0.03949999999999998,1.05,1.05315,0.034125,0.08559999999999997,0.09509999999999996,0.04471604857319126,0.3116842930202267,0.8400000000000003,1.0019999999999865,0.0,0.0,0.5941439785268444,0.25527716508013715,0.9712825841829041,1.0590924078701014,1.123921705458152,0.0,242.79008020431968,413.8986373529899,40.289249999999996,62.728,68.684,0.5474221729454618,452.2556267369641,0.2521499765971765,0.3865682310507328,1.025641025641026,0.586436859329185,28.773799666840837,0.5657903951264861,0.053651693262329055,0.6576063221505579,0.23450966573569887,0.054232318851414135,0.12537862933116334,5.0,2.631578947368423,0.375,0.21794494717703325,0.581186525805422,0.9369441707548972,1.0104421621867254,0.532602360200143,1.835050911034918
06_relaxed_swing,ARM_SWING__06_relaxed_swing,ARM_SWING,0,11,23.0,25.0,40,0.03251682010504087,13.86452981948485,0.136,51.86,0.30974358974358973,1.179999999999982,1.5000000000000007,0.5024961127933121,0.6771391062544236,0.25760638659048773,1.0002,1.0,0.040000000000000036,1.0401,1.04135,0.02619999999999999,0.05050000000000005,0.06220000000000005,0.03210841011323981,0.25775842606562444,0.6039999999999924,0.6500000000000004,0.0,0.0,0.5121611487296156,0.26030080532189187,0.7594370944721582,0.9576265093391452,1.301076477383228,0.0,190.30213468619132,310.18185945120933,36.27025,51.376,53.706999999999994,0.003122329277281631,426.3802479669752,0.2761836911954463,0.42421737794233977,2.5641025641025648,0.382156738989532,12.410530448656315,0.5927988566784739,0.38596512055956134,0.4331891208753642,0.04272791494334138,0.13811784362173324,0.012267636519420852,5.0,2.631578947368423,0.3624999999999998,0.1931105037709425,0.5327186310922554,0.8625033817182775,1.012938412482967,0.5945775447736326,1.7314985939777976
06_relaxed_swing,ARM_SWING__06_relaxed_swing,ARM_SWING,0,12,25.0,27.0,40,0.051681662422654595,18.96599668333588,0.17699999999999994,63.71,0.40615384615384625,1.0599999999999836,1.5000000000000007,0.6224378640289904,1.8523884208472778,0.3390828009641083,0.9969249999999998,1.0059999999999998,0.06125000000000003,1.0566,1.0651,0.04102499999999998,0.08599999999999998,0.10034999999999995,0.05112411368424882,0.26358475501614925,0.760000000000034,0.8599999999999927,0.0,0.0,0.6345781185109505,0.2599956400837354,0.9243602938913608,1.1097550957291196,1.179999999999982,0.0,231.62660744248103,427.0225962955281,38.14175,61.4,63.76549999999999,0.44102863244543916,366.9772951231956,0.09531666306983368,0.2526803182265298,0.512820512820513,0.3237108615362166,23.74370276847832,0.5670796205814288,0.23424182568370344,0.6083037732763044,0.07782682638697297,0.07962757465301938,0.0348780411835411,3.0,1.5789473684210538,0.5999999999999996,0.49497474683058273,0.8249579113843051,0.9562358321069163,1.2450578264106376,0.6046566382780142,2.0839675265818833
06_relaxed_swing,ARM_SWING__06_relaxed_swing,ARM_SWING,0,13,27.0,29.0,40,0.05711925783292895,21.448139905003774,0.22399999999999998,74.44,0.479487179487179,1.4199999999999788,1.5000000000000007,0.5146756676686923,2.4159307313841163,0.3957761316988859,1.001175,0.996,0.08525000000000005,1.0752,1.0789,0.044725,0.0933,0.10364999999999995,0.056412986093629186,0.36010194987668914,0.9000000000000352,1.1399999999999932,0.0,0.0,0.6131532352786002,0.33315403789222436,1.1472932476139897,1.1741586874795786,1.4590407807871373,0.0,244.88641388887723,365.6574658218901,40.371500000000005,69.05,70.8985,0.4501574401010414,375.4975242804895,0.1977208690897307,0.2775301223690826,1.538461538461539,0.5276592467680836,28.51786759361945,0.5526122323187233,0.1815037915442974,0.7114173901307237,0.08518926291832227,0.021889555406656665,0.05463935232030848,5.0,2.631578947368423,0.35000000000000053,0.15811388300841822,0.4517539514526228,1.1889795829421703,0.8894971239593382,0.493419566930736,1.469389068712315
07_irregular_swing,ARM_SWING__07_irregular_swing,ARM_SWING,0,0,1.0,3.0,40,0.14077102475387618,40.51548045310772,0.561,146.53,1.2246153846153842,3.160000000000014,1.5,0.6170354472508858,14.610738805119093,0.4199309684948533,1.029325,1.0545,0.19025000000000025,1.1949,1.21205,0.12147500000000003,0.21209999999999998,0.26625,0.14205993453468857,0.7843933161966181,2.263999999999996,2.655999999999998,0.02564102564102564,0.0,1.5321792021565122,0.7562624302011457,2.5035344182540875,2.8922945663389985,3.263924018723485,0.0,555.0849119234974,808.7652695112209,81.33225,130.78,139.154,0.6756251579653151,287.8112205544068,0.21329797544268653,0.4126494228201252,0.5128205128205128,0.34946727539022865,199.47371221780963,0.488211261739267,0.22722474307611842,0.6426387004069503,0.07932268602159377,0.05081387049533769,0.05028937535812589,3.0,1.5789473684210524,0.7999999999999999,0.7778174593052022,0.9722718241315028,2.8512941176646938,2.0311862353373256,1.2010668985496789,3.1925384784393613
07_irregular_swing,ARM_SWING__07_irregular_swing,ARM_SWING,0,1,3.0,5.0,40,0.13645920776779918,40.967796830919376,0.551,137.35999999999999,1.2261538461538466,3.1800000000000117,1.0,0.4413436191552922,12.892335857675608,0.3425255792466094,1.03375,1.0345,0.17500000000000004,1.2148,1.2345,0.11374999999999999,0.2313000000000001,0.24424999999999997,0.13890518348859413,0.7982237365571394,2.3080000000000087,2.6039999999999868,0.02564102564102564,0.0,1.6846190960091905,0.8717659263497087,2.9698846328329456,3.253984777185343,3.633895980899819,0.0,532.0607907547418,721.2608682968408,70.09649999999999,126.686,141.68899999999996,0.47750213094735894,300.2200987465113,0.20427155598609675,0.47960905403383414,2.564102564102564,0.43581045348632624,137.92712280448356,0.619628537596816,0.41430809885665326,0.41407387454687566,0.07554945204401228,0.09606857455245887,0.5857762026705094,5.0,2.6315789473684204,0.3125,0.08539125638299656,0.273252020425589,3.1934274530984523,2.6858486912673722,2.1921771590691965,5.374198339782977
07_irregular_swing,ARM_SWING__07_irregular_swing,ARM_SWING,0,2,5.0,7.0,40,0.12516588992213493,37.20115910449497,0.506,133.51,0.9343589743589751,2.80000000000001,2.0,0.35397877078939616,11.115544353087218,0.2302789432293471,1.0567499999999999,1.0695000000000001,0.11724999999999985,1.1946999999999999,1.20315,0.11560000000000001,0.2196,0.248,0.13599779409975737,0.7269250119575255,1.9920000000000053,2.1860000000000106,0.0,0.0,1.3832549078335892,0.6892564364706713,2.1453747001513936,2.401460630235711,3.256071252291643,0.0,545.3634100906293,880.516018618506,72.7885,126.37100000000001,132.78549999999998,0.3896481526898354,297.2148332715696,0.2567755546497337,0.3412982858050946,0.5128205128205128,0.6671844582829206,200.58355679221245,0.6001082269978262,0.4043404814539578,0.5097165292163744,0.00845870448342291,0.07748428484624473,0.02055216999977277,4.0,2.1052631578947363,0.3499999999999999,0.13228756555322957,0.3779644730092274,2.5893872506220155,2.439797951610425,1.269027488037058,4.241978747269429
07_irregular_swing,ARM_SWING__07_irregular_swing,ARM_SWING,0,3,7.0,9.0,40,0.12090682734004682,39.80541645835497,0.5559999999999999,133.41,0.8605128205128224,3.6800000000000117,1.5000000000000007,0.4241453502752653,10.37979522183597,0.19411008182970607,0.9985250000000001,1.013,0.10225000000000006,1.1572,1.2061,0.08742499999999999,0.2286000000000001,0.2513499999999999,0.1193950375853201,0.8504424505358473,1.9160000000000055,2.4219999999999704,0.02564102564102564,0.0,1.2643550174695999,0.8817573541719308,2.5501880840565594,2.7301746511520992,3.6867872192466025,0.0,467.3411571025546,814.1717526717637,66.54275,139.23,144.83200000000002,0.40144730542497487,329.22389358876677,0.2164930910069407,0.36237314072430205,0.512820512820513,0.5584295570276159,363.1383509850388,0.578086985450154,0.4464829326664679,0.45693397761220494,0.05456276049735681,0.04202032922397042,0.10970303932502783,5.0,2.6315789473684217,0.3125,0.16007810593582109,0.5122499389946275,2.805807185446086,2.345591622112927,1.5482720355478998,4.649268330083224
07_irregular_swing,ARM_SWING__07_irregular_swing,ARM_SWING,0,4,9.0,11.0,40,0.07972818807899107,23.779168753397673,0.33399999999999985,121.55000000000001,0.5758974358974351,2.1399999999999695,1.5000000000000007,0.3748965004709462,4.424951272859644,0.16618792739730506,1.023325,1.0114999999999998,0.07774999999999999,1.1073000000000002,1.1842499999999998,0.055874999999999994,0.10730000000000016,0.1842499999999997,0.08210800813562584,0.49793636218167886,1.115999999999986,1.6140000000000276,0.0,0.0,0.8159743347255602,0.5184300571436322,1.3516764136505013,1.8334781631099821,2.441311123146792,0.0,300.1501431741213,618.9859173215912,38.112750000000005,61.188,65.19949999999993,0.6558366919740752,298.25296832079454,0.24799182976784193,0.314705667143471,0.512820512820513,0.7297925136841414,125.85145266301403,0.6724786626824504,0.3339838516141326,0.4896566626116402,0.09794497506851044,0.07841451070571688,0.059023635361891306,5.0,2.631578947368423,0.4500000000000002,0.27988092706244394,0.6219576156943196,1.4374157991091676,1.3312331128928057,0.9694948330303896,2.3208784377974565
07_irregular_swing,ARM_SWING__07_irregular_swing,ARM_SWING,0,5,11.0,13.0,40,0.26537390047116927,44.70997530451979,0.975,170.60999999999999,1.7594871794871783,4.879999999999931,1.5000000000000007,0.49499182239115574,54.08894589857604,0.09053191242529982,0.998775,1.0915,0.37549999999999994,1.2704,1.3231,0.217575,0.3927000000000001,0.4736999999999995,0.2620385944856215,1.2866233831601448,3.439999999999952,3.969999999999958,0.23076923076923078,0.0,2.162092560929845,1.2104770108134648,3.695675740774629,4.487306234131584,5.120351550430816,0.02564102564102564,615.3388265479549,1144.7401400612068,111.87575,160.655,170.0145,0.5102759617910767,168.4791730653903,0.04250545297252006,0.44209652767027763,0.512820512820513,0.6048223604489651,530.042256092366,0.4573082102665178,0.44838551159749895,0.5355484159879803,0.008568240619263316,0.007497831795257404,0.01386801805415725,5.0,2.631578947368423,0.40000000000000036,0.1080123449734634,0.27003086243365826,3.5697701516121376,3.108614305106409,2.178101567511163,6.9432654754437895
07_irregular_swing,ARM_SWING__07_irregular_swing,ARM_SWING,0,6,13.0,15.0,40,0.2165913735053247,48.84544264952673,0.902,171.15,1.4866666666666686,4.15999999999994,1.0000000000000004,0.45694283205769476,34.479816446771196,0.13188953077325485,1.10715,1.106,0.23899999999999988,1.3494,1.36855,0.199,0.3656000000000001,0.4027499999999999,0.23920733684400236,1.0999362022966623,3.0599999999999787,3.5420000000000655,0.1282051282051282,0.0,2.2951329632949005,1.3329095850322195,3.907021332106829,4.452584999179367,7.101802588075692,0.05128205128205128,672.1636887213652,993.7083864253897,102.22875000000002,169.489,174.54999999999993,0.4265085532714211,225.5188739007,0.12384609856074448,0.5025445718857047,1.538461538461539,0.3337000390517733,650.789740725968,0.57098664704618,0.6980486636040207,0.21838957289206498,0.04990598733378996,0.033655776170124656,0.2884745721786372,5.0,2.631578947368423,0.3250000000000002,0.06454972243679027,0.19861453057473918,3.7444737151670386,3.7764501808768873,2.6253934707583255,5.796774687857656
07_irregular_swing,ARM_SWING__07_irregular_swing,ARM_SWING,0,7,15.0,17.0,40,0.09389299692626106,29.525311538989033,0.33199999999999996,109.48,0.8112820512820532,2.2200000000000473,1.5000000000000007,0.38879653856413376,5.951868606616717,0.1588081143645266,1.0095500000000002,1.004,0.1382500000000002,1.144,1.16415,0.0784,0.14740000000000003,0.1641499999999999,0.0932024677784875,0.58352458788758,1.6800000000000483,1.9159999999999724,0.0,0.0,1.317571603797902,0.6693948108425577,2.2545349284468768,2.5250763128163562,2.6887915501205755,0.0,524.0110473536838,725.2733546899136,68.85125000000001,107.829,109.78849999999998,0.45488169118803123,314.45701495902574,0.14872500057827992,0.5130828932041381,1.538461538461539,0.4724511319493939,204.17102352653365,0.6176378502308238,0.4685067910383696,0.3976664097126749,0.04646820566583112,0.08735859358312444,0.12344834795470061,5.0,2.631578947368423,0.3500000000000001,0.1080123449734645,0.3086066999241842,2.262280846574253,2.5218601579303512,1.6519831015681268,4.854804207651968
07_irregular_swing,ARM_SWING__07_irregular_swing,ARM_SWING,0,8,17.0,19.0,40,0.08754912174287484,33.06241162559078,0.357,114.03,0.7579487179487163,2.539999999999964,1.5000000000000007,0.717802277011665,5.328836998078352,0.3561131552598923,1.0183499999999999,1.0274999999999999,0.10724999999999996,1.137,1.14325,0.07044999999999998,0.14350000000000002,0.16974999999999998,0.08837392149271187,0.556110456120187,1.2320000000000695,1.819999999999974,0.0,0.0,1.0707034308574155,0.5466879308704067,1.8582312048746992,2.043529689869653,2.5672553437474455,0.0,366.3784763231778,564.1934838130021,55.78875000000001,99.81700000000001,105.78249999999997,0.5024369821781668,377.644126718856,0.23235320220557756,0.24112064504238284,2.051282051282052,0.41230117558272844,53.77740219661514,0.4468134130218278,0.2277066914273873,0.6586771575456328,0.04519587359003245,0.06842027743694738,0.05936389115479208,4.0,2.1052631578947385,0.5166666666666669,0.3403429642777011,0.6587283179568405,2.20445175412139,1.8044543403202182,1.2314480534117274,3.4260133560365085
07_irregular_swing,ARM_SWING__07_irregular_swing,ARM_SWING,0,9,19.0,21.0,40,0.08323952155507591,28.165116972996298,0.28600000000000003,93.48,0.6123076923076922,1.3199999999999825,0.5000000000000002,0.4056967950122956,5.257557594223374,0.17903390484705478,0.99755,0.9975,0.12075000000000002,1.1137000000000001,1.13055,0.0711,0.1291,0.1391,0.0822289486738095,0.3622042280730691,1.063999999999984,1.0880000000000547,0.0,0.0,0.8528993564151741,0.36520883806524435,1.288617244399259,1.5127176912114475,1.7258041603843448,0.0,395.67126862690327,537.8342937065248,65.4875,98.96,101.619,0.4863210349233329,338.36231211829687,0.12732511430919508,0.5155939840428397,0.512820512820513,0.3530351636899266,43.818077786696556,0.557263892095226,0.6435260091922157,0.28743695434792527,0.052617790998535065,0.016419245461323947,0.6269580386986396,3.0,1.5789473684210538,0.34999999999999964,0.07071067811865324,0.20203050891043803,1.4341316776701436,1.3863638235424363,0.9018764762442744,2.7126791113741877
07_irregular_swing,ARM_SWING__07_irregular_swing,ARM_SWING,0,10,21.0,23.0,40,0.062396971491267515,26.064431298423845,0.252,98.13,0.48461538461538367,1.2999999999999805,1.0000000000000004,0.36621477009799297,2.780408998734894,0.18701554050627653,1.02845,1.0474999999999999,0.04999999999999982,1.0831,1.09305,0.060499999999999984,0.0955000000000001,0.11659999999999995,0.06786346587082036,0.34857488928678415,0.9759999999999872,1.1880000000000575,0.0,0.0,0.8491785199167108,0.38247593013948267,1.2916692181293792,1.374625546438185,2.2843817544359477,0.0,394.94558326363676,652.2611798587668,59.835750000000004,89.644,97.32,0.3797079229309527,417.71949303776023,0.12754707438165144,0.5386577394340948,0.512820512820513,0.38947143616539587,56.759352957157226,0.6199276044276014,0.5907425556603655,0.3268252471709277,0.022485221887456115,0.0599469752812509,0.5922407439071095,5.0,2.631578947368423,0.3875000000000002,0.19311050377094002,0.49834968715081274,1.2973818784446218,1.7494316991097458,0.8846483455835609,2.6996066514102943
07_irregular_swing,ARM_SWING__07_irregular_swing,ARM_SWING,0,11,23.0,25.0,40,0.061976375772112985,23.747800713286036,0.20599999999999996,90.82,0.47641025641025553,1.3799999999999795,1.0000000000000004,0.46150918232071025,2.7322910177215203,0.1428163526433513,0.997575,1.001,0.08500000000000008,1.078,1.07915,0.05137499999999999,0.09419999999999998,0.10259999999999994,0.0612447956972672,0.4100031269424185,1.0719999999999839,1.2159999999999838,0.0,0.0,0.9774382138963451,0.5875185771439124,1.8093553489245804,2.0573166065185196,2.8138230221532727,0.0,330.61731620076984,551.4064060191065,54.3635,87.51899999999999,90.50249999999998,0.2941613345212319,383.175047224553,0.25497545496886864,0.39496498519042617,1.538461538461539,0.43270573007667623,140.36216334856343,0.6045986974895247,0.60383657252951,0.30200724893957986,0.055622204843488114,0.03853397368742195,0.3606416695442839,3.0,1.5789473684210538,0.5750000000000011,0.10606601717798364,0.18446263857040598,2.288764225787793,2.246225565554869,1.5622456457872083,3.7426482213984813
07_irregular_swing,ARM_SWING__07_irregular_swing,ARM_SWING,0,12,25.0,27.0,40,0.038656732256076035,19.0705799126594,0.17600000000000005,76.48,0.4733333333333347,1.8399999999999754,1.0000000000000004,0.537199719172532,0.8256859238230329,0.16678713524295746,1.003375,1.005,0.05249999999999988,1.0594,1.06505,0.030724999999999995,0.06309999999999995,0.06504999999999996,0.038319381519017245,0.4321387041785562,0.8840000000000494,1.2499999999999842,0.0,0.0,1.0854500226816377,0.8709361521428477,2.195505390636306,2.727003585819648,4.3358044236334585,0.0,458.2328511271552,752.1092089646078,51.343500000000006,74.87299999999999,77.68499999999999,0.08444797173272625,493.33140179384674,0.2534722016590478,-0.021664301175880547,2.051282051282052,0.43271865216751043,212.9734122429287,0.742236718490232,0.5335507963494692,0.1236241613045996,0.10445692924041308,0.23836811310551814,0.11498217867896832,4.0,2.1052631578947385,0.4499999999999993,0.22912878474779177,0.5091750772173158,1.9301620439127005,2.5842408737282683,2.3097464011189515,5.570629569926118
07_irregular_swing,ARM_SWING__07_irregular_swing,ARM_SWING,0,13,27.0,29.0,40,0.06494541593740122,23.269586289612963,0.2489999999999999,83.67,0.6507692307692305,1.7599999999999743,1.0000000000000004,0.5148830408114354,2.5940569872371966,0.3590654770905792,1.0098749999999999,1.011,0.09625000000000017,1.0852,1.1075,0.05422499999999999,0.10519999999999999,0.11719999999999998,0.06488432013976873,0.4637114836630342,1.319999999999979,1.5319999999999874,0.0,0.0,0.9670275980312599,0.4829254971740371,1.6475962820108587,1.8464124012581513,2.1723719755144466,0.0,345.89074040543267,536.4141813076698,45.442750000000004,76.606,83.49799999999998,0.2619825412648738,358.2945147667044,0.14999032029505446,0.3681369393602348,1.025641025641026,0.3325833393276209,54.97415800185911,0.5720405401853615,0.45287331041318885,0.3438786922456757,0.1605750707091286,0.04267292663200681,0.6743167742284312,3.0,1.5789473684210538,0.8000000000000007,0.6363961030678917,0.795495128834864,1.7982857608894827,1.8062553799136072,0.974658286430362,3.0409376412017646
08_very_walking-like,ARM_SWING__08_very_walking-like,ARM_SWING,0,0,1.0,3.0,40,0.09515005355914255,65.47310226295907,0.43100000000000005,236.87,0.7866666666666667,2.2999999999999976,0.5,0.37198714023308876,6.584594210362239,0.15489233519908763,1.084425,1.1,0.12200000000000011,1.1833,1.2110499999999997,0.10752500000000001,0.18330000000000007,0.21104999999999985,0.1263122123945266,0.5823425169241412,1.6880000000000008,1.8719999999999932,0.0,0.0,1.785576294894055,1.0934418679875084,2.876965019209823,3.5983064922464276,5.582974117797784,0.05128205128205128,811.0542786729695,1201.7044777739932,115.77325,206.131,228.94249999999997,0.6022554063325446,688.103682698012,0.12162563282731971,0.48588096032467787,0.5128205128205128,0.30253099518010973,394.25886396244846,0.572198112567606,0.555302806809047,0.31548983555584986,0.068893562145745,0.06031379548935806,0.5886165813028372,2.0,1.0526315789473684,1.25,0.0,0.0,2.8755827069704036,3.9013295944369353,2.5968862003048736,6.416497291190005
08_very_walking-like,ARM_SWING__08_very_walking-like,ARM_SWING,0,1,3.0,5.0,40,0.12583383171916923,50.50698410641483,0.489,201.88,1.0194871794871798,3.5400000000000134,1.5,0.4450377896840414,11.762911647206616,0.3235437889673648,1.055725,1.0825,0.1785,1.2106,1.2295500000000001,0.11637499999999998,0.21649999999999997,0.22955000000000006,0.1361747957589803,0.8756048998382701,2.024000000000007,2.8720000000000114,0.05128205128205128,0.0,1.6721441015784644,0.920186337518228,3.4514889134742104,3.54816061822509,4.093555911429588,0.0,777.877324813395,1100.790434841726,110.48775,166.23800000000003,201.66149999999996,0.6294601529135099,401.37841641136896,0.2868745907206526,0.485334301011325,1.0256410256410255,0.3292897593696389,212.62839627660063,0.5568086700525382,0.3857448653581209,0.5309290609382955,0.043389730085022,0.03993634361856165,0.01592234062487426,3.0,1.5789473684210524,0.47499999999999987,0.24748737341529106,0.5210260492953498,3.7377197811739493,3.061235946538169,1.8245749138049858,5.22744919785227
08_very_walking-like,ARM_SWING__08_very_walking-like,ARM_SWING,0,2,5.0,7.0,40,0.09911490030030026,48.03447580737968,0.4099999999999999,153.67999999999998,0.8600000000000011,2.8600000000000083,1.0,0.2628896354037603,7.210541666544751,0.10994890823018079,1.0540749999999999,1.0765,0.08950000000000014,1.1405999999999998,1.18175,0.09777500000000001,0.18120000000000006,0.19609999999999994,0.11181357252140726,0.7543697264674198,1.7840000000000054,2.476000000000011,0.0,0.0,1.952034401255677,1.8487898328953747,3.865149132966697,4.7240138261018645,9.855617687390133,0.05128205128205128,791.603689503025,1236.0993316582828,94.98175,151.92700000000002,162.986,0.45518059073588585,484.6342544041702,0.2954929786757108,0.5212526152570364,1.5384615384615383,0.3488656025925053,1445.4180089175293,0.6457508000862272,0.4390199409002774,0.44150254997786853,0.07338213697338258,0.04609537214847158,0.7676604943883939,3.0,1.5789473684210524,0.625,0.38890872965260037,0.6222539674441606,6.624829966742259,4.206724161511927,5.042947851010113,9.430927753600155
08_very_walking-like,ARM_SWING__08_very_walking-like,ARM_SWING,0,3,7.0,9.0,40,0.08487553103946253,48.372641226531854,0.30500000000000005,164.2,0.7020512820512814,1.8400000000000036,1.5000000000000007,0.3438721959114768,4.8133050904145485,0.10861526702002107,1.031125,1.027,0.13824999999999998,1.1347999999999998,1.162,0.077775,0.13479999999999992,0.16199999999999992,0.08940092281402916,0.48071864781135215,1.180000000000005,1.5719999999999792,0.0,0.0,1.4989100927084045,0.8588344737445307,2.272569412613122,2.6054424954595388,5.4593039849415925,0.02564102564102564,656.804920581284,972.2075190319591,92.16749999999999,159.862,166.451,0.5021828378516147,569.9244603729335,0.19101263910967545,0.514891360206273,0.512820512820513,0.39646562785179,232.17977074622928,0.6642406564151329,0.3842338519762602,0.4588994583297643,0.11502812308789825,0.04183856660607712,0.33385526936753773,2.0,1.0526315789473688,0.25,0.0,0.0,4.105079198832494,3.3714376871624427,2.3699560378488727,5.460796381573311
08_very_walking-like,ARM_SWING__08_very_walking-like,ARM_SWING,0,4,9.0,11.0,40,0.07106585966732838,49.01399114159349,0.30299999999999994,189.76000000000002,0.5825641025641033,3.2399999999999567,0.5000000000000002,0.2882030170979929,3.6640021322551877,-0.012484318192318962,1.0499500000000002,1.0685,0.09549999999999992,1.1139000000000001,1.16475,0.07345,0.11390000000000002,0.1647499999999999,0.08613419762208271,0.6283173768453979,1.2919999999999823,1.5420000000000325,0.02564102564102564,0.0,1.335873797971209,0.9332767209628727,2.004228872544499,2.388669530839982,5.2142880626218915,0.02564102564102564,652.4571351110744,1118.0537500643215,93.53575,156.18500000000003,179.58949999999993,0.3831731612953064,689.6981387551841,0.08983858074431969,0.5474103651019065,0.512820512820513,0.3259056180246398,294.45532022886323,0.6670447019788983,0.5001936612048018,0.3229784222246898,0.12494383377383565,0.05188408279667262,0.8418058647376496,3.0,1.5789473684210538,0.6749999999999998,0.45961940777125615,0.6809176411426019,3.1384210269347754,3.0869679378656976,2.312922537689723,4.120376659376271
08_very_walking-like,ARM_SWING__08_very_walking-like,ARM_SWING,0,5,11.0,13.0,40,0.08167819515698523,48.26136296052664,0.29899999999999993,193.06,0.7646153846153838,2.9799999999999582,0.5000000000000002,0.3288129682071105,4.584925824133517,0.08577153415146,1.037575,1.0525,0.12349999999999994,1.1402,1.15605,0.07697499999999999,0.14020000000000002,0.15604999999999997,0.08897429404046991,0.7629508025590552,1.8759999999999737,2.5880000000000556,0.0,0.0,1.744852842779336,1.2285984068800193,3.739925363509397,3.8454766102711093,5.962449161208756,0.02564102564102564,693.3248171227895,965.180652488386,97.81125,166.639,182.37249999999997,0.5421229228449059,590.8720542584034,0.18423936817176137,0.43912054890853236,0.512820512820513,0.6203095199284091,763.5929539184438,0.6193165773212673,0.519439489467324,0.40434971231967953,0.027319639223829576,0.048891158989167,0.6896870764552891,4.0,2.1052631578947385,0.43333333333333357,0.31754264805429455,0.7327907262791409,3.7248413470076427,3.9338039046685402,2.8472257373171708,7.571048900074819
08_very_walking-like,ARM_SWING__08_very_walking-like,ARM_SWING,0,6,13.0,15.0,40,0.057614317798483194,47.06370384369657,0.22699999999999998,195.99,0.5241025641025634,3.1599999999999557,0.5000000000000002,0.3838271354410529,2.1538853714170343,0.08166410114248407,1.0437750000000001,1.0430000000000001,0.09400000000000008,1.1123,1.12515,0.05837500000000001,0.1123000000000001,0.12515000000000004,0.07178213566062244,0.6163932355101904,0.9839999999999961,1.8640000000000345,0.02564102564102564,0.0,1.4815260970433146,1.4990535305863155,2.5814501806237824,4.406308477145714,7.149629361023002,0.05128205128205128,653.9995909081027,1031.5110598780445,90.15900000000002,146.44800000000004,159.30399999999997,0.03335626334505619,816.8751387165711,0.15299272546575854,0.42562391129617,1.538461538461539,0.2287240526118459,704.6417976527416,0.6135038595592435,0.6554127609531922,0.20756402601703963,0.044466738349382855,0.0925564746803853,0.9312454021726939,3.0,1.5789473684210538,0.7000000000000002,0.636396103067893,0.9091372900969897,4.831209131052371,3.6384725376802205,3.8365520285401,6.276094080740353
08_very_walking-like,ARM_SWING__08_very_walking-like,ARM_SWING,0,7,15.0,17.0,40,0.08405448477182173,50.672687124808355,0.31300000000000006,184.56,0.5948717948717933,1.9799999999999736,1.0000000000000004,0.38945352456834764,5.102119237665409,0.3166870931414587,1.02735,1.0325,0.13024999999999998,1.1319,1.15735,0.0749,0.14440000000000003,0.15735,0.0873873560648221,0.44882813376304315,1.1160000000000145,1.2599999999999834,0.0,0.0,1.2772680031296118,0.560518356877445,1.8040893695440896,2.124226614517005,3.061372241332373,0.0,632.9768138416675,914.0739153403501,93.88275000000002,165.013,179.80299999999997,0.5264815822324725,602.8552463603438,0.16247409179810815,0.4387964238409923,2.051282051282052,0.3553228378881529,126.59387141373658,0.5691248196514183,0.47370569680179686,0.44022305392344346,0.05689534926082523,0.02917590001393443,0.22839594241988265,3.0,1.5789473684210538,0.6750000000000007,0.45961940777125737,0.6809176411426028,2.3407851794188583,2.8335476595918854,1.5428218053466523,4.329921957277343
08_very_walking-like,ARM_SWING__08_very_walking-like,ARM_SWING,0,8,17.0,19.0,40,0.1119470771254126,54.85831643237761,0.4740000000000001,215.1,0.9200000000000012,3.2999999999999536,2.000000000000001,0.4905972490957753,8.55688578139245,0.34616363193307315,1.064825,1.0825,0.12025000000000019,1.1794,1.2290999999999999,0.110325,0.17940000000000011,0.22909999999999997,0.12814493747315966,0.8191523218033254,1.8880000000000783,2.8019999999999605,0.02564102564102564,0.0,1.965140193583529,1.8018348598532659,3.272897955773609,3.758404464268544,10.605168551229951,0.05128205128205128,819.5889921440851,1246.7693190078478,104.23049999999998,172.30200000000002,205.7549999999999,0.5055474745638897,490.03795222737864,0.1588410508317625,0.5961987508280155,1.025641025641026,0.6443703068038004,872.0241337686126,0.5948559620443322,0.33514069260002916,0.5276014865171805,0.07645778120489319,0.06080003967789721,0.03615350177008071,2.0,1.0526315789473693,0.25,0.0,0.0,4.967522330384814,4.192467605332631,4.497913673179533,5.991973244606212
08_very_walking-like,ARM_SWING__08_very_walking-like,ARM_SWING,0,9,19.0,21.0,40,0.0899164533872616,49.971991396206775,0.363,172.64000000000001,0.8558974358974297,6.059999999999913,1.5000000000000007,0.6118764053964943,4.739661146993691,0.12160954591977474,1.033425,1.0390000000000001,0.10524999999999995,1.1502000000000001,1.1990999999999998,0.07657499999999999,0.15020000000000003,0.1990999999999999,0.09486872508893539,1.0928492888551053,1.6639999999999782,2.831999999999962,0.05128205128205128,0.02564102564102564,1.461221054051984,1.1569798276071,2.7254794736459758,3.4716472522079966,6.118104281556415,0.02564102564102564,767.1204746678318,1286.1231178173439,91.938,170.859,174.1935,0.5917301159266851,555.7602587035119,0.07176079774639224,0.43165973177869776,0.512820512820513,0.38742661288534314,557.1465988447709,0.688210731387925,0.19770042186560796,0.5314949467462793,0.12968950785656364,0.14111512353154937,0.1475659445642497,3.0,1.5789473684210538,0.75,0.7071067811865476,0.9428090415820635,2.516438233665826,2.8283306412993356,1.9477903055005714,4.417590586904772
08_very_walking-like,ARM_SWING__08_very_walking-like,ARM_SWING,0,10,21.0,23.0,40,0.08834602351999139,44.587753428865796,0.351,179.51000000000002,0.6564102564102546,3.6399999999999473,1.0000000000000004,0.472941332093298,5.688847874883411,0.2950805246886229,1.037175,1.0535,0.13875000000000015,1.1314,1.1635,0.08132500000000001,0.15210000000000004,0.1635,0.0948254976259023,0.685394573947949,1.2959999999999845,1.6919999999999757,0.02564102564102564,0.0,1.2801929705184278,0.9430288879201372,1.7994026057762469,2.1477019347459922,4.994797293184107,0.0,617.7798463861558,1006.6188523908777,88.53925,141.847,162.00749999999996,0.5481843831586358,504.694514278577,0.1746714307095663,0.5684406122855331,0.512820512820513,0.6364473687305825,431.54630709248255,0.5414029486421893,0.6185160335599597,0.3094609606513842,0.041113775521330165,0.03090923026732594,0.10015385283132197,2.0,1.0526315789473693,0.3000000000000007,0.0,0.0,3.3921611849227427,2.7147159575238073,1.9143184912992715,4.182129718113745
08_very_walking-like,ARM_SWING__08_very_walking-like,ARM_SWING,0,11,23.0,25.0,40,0.10043851289119562,43.7701399790091,0.4099999999999999,160.45,0.9133333333333302,4.579999999999934,1.5000000000000007,0.333900710467376,6.757743735193205,0.13297473310865865,1.04755,1.08,0.08499999999999996,1.1355,1.1497,0.09634999999999998,0.16410000000000005,0.19544999999999993,0.10998499897713322,0.9676268673336534,2.2519999999999656,2.443999999999966,0.05128205128205128,0.0,1.779417736942592,1.3237469564669175,3.544311373064544,4.26898760073584,6.246727143072513,0.05128205128205128,687.4964516844707,1053.7359786353134,90.48474999999999,148.965,156.9805,0.4739083049505131,435.79040269567713,0.247655654447453,0.4505801095174342,1.538461538461539,0.7130070778620801,626.4291911385355,0.6608106392716084,0.3596381431135332,0.5185388024602767,0.05521414752823962,0.06660890689795036,0.18028307873094543,4.0,2.1052631578947385,0.4666666666666662,0.20816659994661282,0.44607128559988507,3.9907774930457744,3.7139337462592117,3.102764682755826,8.07214234477045
08_very_walking-like,ARM_SWING__08_very_walking-like,ARM_SWING,0,12,25.0,27.0,40,0.08415766643932578,44.61550687577192,0.31400000000000006,160.16,0.6723076923076907,2.479999999999967,1.0000000000000004,0.4730040512002499,5.310424283287923,0.34067475689491605,1.0234999999999999,1.0194999999999999,0.14649999999999996,1.135,1.13625,0.0728,0.135,0.14764999999999998,0.08635797589105479,0.49160564821848646,1.1879999999999824,1.4079999999999793,0.0,0.0,1.1648037223012717,0.5385667932971577,1.6444257539020988,1.8963869313547064,3.5173853925891656,0.0,639.649020476873,975.0627496782741,88.43775000000001,156.639,163.766,0.529247325693407,530.1419200820862,0.08625342073838535,0.4114641660638859,0.512820512820513,0.47408566713193484,96.38992930040358,0.5585388425363574,0.5486991626983913,0.3051000386538912,0.12099284072484742,0.025207957922870165,0.12959411220388348,2.0,1.0526315789473693,1.25,0.0,0.0,1.9137343750450109,2.4025604328011285,1.1449880648083737,3.3305537338423363
08_very_walking-like,ARM_SWING__08_very_walking-like,ARM_SWING,0,13,27.0,29.0,40,0.08708455955461056,41.083228629397965,0.402,156.38,0.5892307692307681,2.419999999999968,1.0000000000000004,0.4427203723953682,5.766915305322791,0.13078353395988918,1.03915,1.0525,0.0685,1.1124,1.1815,0.07654999999999998,0.18200000000000008,0.19224999999999992,0.09448200886941387,0.6301519641925282,1.5720000000000656,1.939999999999972,0.0,0.0,1.2503876285699054,0.6893837895742224,2.0427268453373344,2.6109179631931974,3.263188624643035,0.0,665.8329127362213,1069.542534454737,82.7015,143.39100000000002,149.61349999999993,0.38945859886444717,471.76248969410875,0.18509591368028155,0.5512746900169341,0.512820512820513,0.40652613204202664,203.9648687722628,0.571763798469513,0.5240397207061418,0.34334416275777235,0.1197188906546634,0.01289722588142236,0.38709706159547697,3.0,1.5789473684210538,0.27500000000000036,0.03535533905932788,0.12856486930664668,2.644157921612346,2.5967120540184117,1.6534521089068084,3.9378868206641946
09_very_walking-like,ARM_SWING__09_very_walking-like,ARM_SWING,0,0,1.0,3.0,40,0.0894217893483261,45.4073016267829,0.4049999999999999,181.63,0.9841025641025641,3.459999999999982,2.0,0.48320843760411253,5.712383445971027,0.324918070635618,1.043,1.0335,0.10524999999999995,1.1626999999999998,1.1737999999999997,0.07799999999999999,0.16269999999999996,0.17379999999999984,0.09821074279324028,0.831551238883082,2.036000000000007,2.3499999999999988,0.02564102564102564,0.0,1.8878157145652323,1.0291222791366001,3.389103174077154,3.822765957668259,4.346998964803187,0.0,627.0153884808723,1090.2340452079804,88.13000000000001,144.986,174.78649999999993,0.4084818318671306,507.7878888098193,0.30112209938538104,0.2678868971453152,1.0256410256410255,0.44379230378051315,498.90791943277156,0.608368739808716,0.06374065761307453,0.6540747405069204,0.2015309074197983,0.08065369446020694,0.047858063590120736,5.0,2.631578947368421,0.3625,0.0750000000000001,0.2068965517241382,3.354197933749262,4.067437103034927,2.4639038779559126,6.915608306129965
09_very_walking-like,ARM_SWING__09_very_walking-like,ARM_SWING,0,1,3.0,5.0,40,0.05858672620295053,35.9073898686536,0.21099999999999997,121.10999999999999,0.5938461538461542,1.4800000000000066,1.5,0.3356144625260191,2.551204023807849,0.17027900191818174,1.0141750000000003,1.004,0.09675,1.0931,1.0968,0.04997500000000002,0.09309999999999999,0.09680000000000004,0.05956110307910695,0.35372168203275484,1.0840000000000043,1.1379999999999963,0.0,0.0,1.2170560163091098,0.6674423190821387,1.9115586150988777,2.134196334548993,3.2973322550206983,0.0,503.3959345365426,740.1085542556483,75.11299999999999,118.875,121.82,0.19710639896337967,612.8929229509541,0.2889663788951522,0.40837894533031643,0.5128205128205128,0.2670922446327511,119.81554882491804,0.6617759418094511,0.29857883874876834,0.48023120770191413,0.18346506085875064,0.03772489269056696,0.19942171475273204,5.0,2.6315789473684204,0.32499999999999996,0.028867513459481187,0.0888231183368652,2.198472039104529,2.79485284605597,1.9364073367851415,5.096803342808142
09_very_walking-like,ARM_SWING__09_very_walking-like,ARM_SWING,0,2,5.0,7.0,40,0.08607018230520534,33.47678579426921,0.31400000000000006,128.54,0.7174358974358979,3.1000000000000116,1.5,0.37255336286458085,5.432152978619562,0.12276610315889637,1.032225,1.034,0.139,1.1332,1.15005,0.077575,0.1332,0.1500499999999999,0.09089183131613095,0.6661148863637257,1.5399999999999991,1.726000000000006,0.02564102564102564,0.0,1.4114142192738162,0.7253689834842306,2.2688733678043427,3.159705252931518,3.2286839424136993,0.0,487.22741267884385,810.1090107457927,86.38975,127.379,133.717,0.11324489323401515,388.94754138617185,0.2145754098114093,0.49826516914206354,2.051282051282051,0.3326806782427716,173.0322230821403,0.6189226387626214,0.41633067339262625,0.46483169773401356,0.061696352807294234,0.05714127606606571,0.1323526336044438,5.0,2.6315789473684204,0.4249999999999998,0.10408329997330668,0.24490188229013346,2.594928353425006,3.0566036197486635,1.8505138317626904,5.39105875371064
09_very_walking-like,ARM_SWING__09_very_walking-like,ARM_SWING,0,3,7.0,9.0,40,0.05081618458114125,34.71979025455818,0.16200000000000003,130.19,0.45333333333333314,1.6599999999999757,1.5000000000000007,0.4248590638306397,1.7241707797590258,0.11707042859086213,1.02685,1.0285,0.08824999999999994,1.0961,1.1022500000000002,0.04870000000000001,0.09610000000000007,0.10225000000000008,0.056909138106283085,0.3474215801961126,0.8239999999999985,1.0639999999999878,0.0,0.0,0.9311712309231428,0.4170032629350436,1.369921241106716,1.6425351757038966,2.0812496246245606,0.0,405.13624697480935,685.3724879251266,81.50575,117.612,126.48949999999996,0.4181668587067245,683.2427609577616,0.2649468549875176,0.5858146255570881,0.512820512820513,0.6035044530752075,46.64922795508691,0.6048848768912115,0.3925046808999628,0.44461638494209665,0.09232919074712101,0.07054974341081958,0.17336547546888606,4.0,2.1052631578947376,0.31666666666666704,0.07637626158259744,0.24118819447136006,1.621165780928292,2.137637005905028,1.0331181081048575,3.450397112852111
09_very_walking-like,ARM_SWING__09_very_walking-like,ARM_SWING,0,4,9.0,11.0,40,0.08728014136631011,40.8146490724869,0.2809999999999999,154.07999999999998,0.5692307692307674,2.239999999999968,1.5000000000000007,0.5318303646833639,5.507751621342421,0.11529947818055605,1.0171500000000002,1.0415,0.14349999999999996,1.1069,1.1182,0.0791,0.12669999999999992,0.13354999999999997,0.08787206609611499,0.4762760401245859,1.075999999999992,1.403999999999977,0.0,0.0,1.0394603299155896,0.5773388742811985,1.7981803459170353,1.9520625826692952,2.7542694131111762,0.0,519.820528155549,935.139825145954,88.95824999999999,133.29500000000002,153.4955,0.6058225377998462,467.628127470486,0.19973319298066788,0.42781210144165455,2.051282051282052,0.4619293501931817,105.4494358438067,0.5630316579438912,0.32670399810907175,0.5541412099196407,0.08223968564854738,0.036915106322740185,0.05095992757147754,3.0,1.5789473684210538,0.6749999999999998,0.6010407640085651,0.8904307614941708,2.12564373589039,2.1903491003135596,1.3166134538390988,4.1947105082158265
09_very_walking-like,ARM_SWING__09_very_walking-like,ARM_SWING,0,5,11.0,13.0,40,0.04878973725629667,34.958724188090365,0.18500000000000005,129.01999999999998,0.4307692307692304,1.139999999999987,0.5000000000000002,0.5866876740094956,1.5170723203067968,0.20603040163899958,1.0363499999999999,1.0419999999999998,0.0665,1.0948,1.1036,0.05134999999999999,0.09480000000000009,0.10359999999999994,0.060351056328783514,0.325474427933849,0.9240000000000117,0.9439999999999887,0.0,0.0,1.0804289712224329,0.5262542983343964,1.7024295213528329,1.92031491355087,2.794709287206871,0.0,442.82878703819586,740.5247541224855,78.21925,119.26,133.832,-0.012925234309349531,716.5179841910029,0.08141525325038027,0.4815725517684273,1.538461538461539,0.39280009575001223,117.26084639657208,0.582853480922176,0.7130311812513408,0.07829997694438989,0.12519773352522323,0.08347110827904602,0.45891072900904456,3.0,1.5789473684210538,0.7000000000000002,1.2560739669470201e-15,1.7943913813528855e-15,2.1686882018145717,2.5596934797278634,1.455412905934436,4.427949470832221
09_very_walking-like,ARM_SWING__09_very_walking-like,ARM_SWING,0,6,13.0,15.0,40,0.06318227599572526,40.8491780909375,0.21600000000000008,140.24,0.3846153846153848,1.3599999999999797,0.5000000000000002,0.43362049430272764,2.9806814407373503,0.021144853810184484,1.0125,1.0285,0.09250000000000003,1.0822,1.0874,0.055499999999999994,0.09840000000000008,0.10404999999999998,0.06362743119127158,0.3627224990761286,0.8239999999999942,1.1380000000000208,0.0,0.0,1.0145189068714997,0.5946450537131714,1.5600307471144406,1.6337151634445635,3.7723732583084364,0.0,472.9579869675568,786.2909485334252,83.88075,131.299,147.13199999999998,0.5070700241813847,646.5290692234835,0.1188706507469001,0.5820863777774818,0.512820512820513,0.4027574018328925,90.94202567992762,0.5284064086404837,0.5767778535250523,0.38094159511025316,0.023687726817632475,0.018592824547062212,0.3879556696749844,2.0,1.0526315789473693,0.3999999999999986,0.0,0.0,2.6899900877185496,2.455246619322283,1.528619388795661,3.2124196794442783
09_very_walking-like,ARM_SWING__09_very_walking-like,ARM_SWING,0,7,15.0,17.0,40,0.058648228818863266,36.25680179865106,0.23199999999999998,122.64,0.5158974358974371,2.1400000000001214,0.5000000000000002,0.5421254674250955,2.359315592524859,0.05714943850859868,1.038025,1.06,0.06925000000000026,1.0937,1.1066,0.062775,0.09369999999999999,0.10660000000000006,0.06927860420071986,0.5106070584619391,0.9680000000000427,1.721999999999979,0.0,0.0,1.136336897614608,0.7525465495248239,2.470322671641463,2.711804034716441,2.946455497712421,0.0,432.7076450225845,747.6569707989322,76.6655,116.10000000000001,124.29199999999999,0.25452084916605167,618.2079583448501,0.12109905909985298,0.5767785122627549,0.512820512820513,0.45597213796509256,199.41601003022691,0.6230167183097841,0.6312675743435296,0.19083237457175536,0.11633143909276877,0.061568611991945965,0.2939841606535976,4.0,2.1052631578947385,0.5333333333333327,0.36855573979159956,0.6910420121092501,2.540187356644693,2.574355738069808,1.7771775702838908,4.876134676110625
09_very_walking-like,ARM_SWING__09_very_walking-like,ARM_SWING,0,8,17.0,19.0,40,0.06904787915196683,39.07183108120813,0.251,166.01999999999998,0.5564102564102554,2.079999999999972,0.5000000000000002,0.4086093606341535,3.260228392610447,0.058862293379026494,1.0170750000000002,1.012,0.11575000000000013,1.1063,1.13805,0.057824999999999994,0.10630000000000009,0.1380499999999999,0.07028495571599944,0.47955838884653795,1.2040000000000528,1.4639999999999769,0.0,0.0,1.1435092198459518,0.5856233723442882,2.0286888677465638,2.2886742728730156,2.606606989939182,0.0,508.00126258249134,870.4584475182593,86.02175,125.74700000000003,156.92499999999998,0.5416989612285633,565.8657667850348,0.22587642568595379,0.5125275118679968,0.512820512820513,0.6246363207667933,145.9938573755295,0.6384959550456782,0.45193621782573745,0.3748664049181474,0.135795102438338,0.037402274817776936,0.2549764045458238,4.0,2.1052631578947385,0.43333333333333357,0.20207259421636808,0.46632137126854145,1.990312753991212,2.568833537582487,1.3904563730598156,4.335725186178067
09_very_walking-like,ARM_SWING__09_very_walking-like,ARM_SWING,0,9,19.0,21.0,40,0.05829498373106497,44.46070485155893,0.21199999999999997,156.89000000000001,0.38769230769230806,1.3200000000000762,0.5000000000000002,0.550510326606159,2.482772999916339,0.1278558542380477,1.03995,1.0675,0.06350000000000011,1.0917,1.1082,0.0638,0.09349999999999999,0.10820000000000009,0.07006675388513443,0.3239433148794166,0.8479999999999888,0.9939999999999928,0.0,0.0,1.1149631896955592,0.5268332987950399,1.6919870379321627,1.9435494863053289,3.058561753504371,0.0,479.45978013535176,738.1352291607496,86.941,145.037,149.68349999999998,0.21563282123043245,762.6849173965229,0.13007831819821153,0.471566703927211,0.512820512820513,0.35764168630744897,97.00898498186775,0.4669029035494267,0.856634114522257,0.03837354388241125,0.06518286353173225,0.03980947806359926,0.6494966910187606,4.0,2.1052631578947385,0.5333333333333338,0.40722639076235356,0.7635494826794123,2.0618018227218697,2.7294880406754394,1.4302558028469627,3.978053758926375
09_very_walking-like,ARM_SWING__09_very_walking-like,ARM_SWING,0,10,21.0,23.0,40,0.07177510728407882,36.33325862142401,0.30699999999999994,123.04,0.6143589743589727,2.1799999999999686,1.5000000000000007,0.39466569501117715,3.427908540427098,0.1853258324821235,1.023025,1.0514999999999999,0.08799999999999997,1.0807,1.09755,0.065825,0.1026,0.127,0.07451862183374032,0.5161792572750473,1.2919999999999834,1.4239999999999795,0.0,0.0,1.1218297601858869,0.641175351196017,1.8517846187560194,2.4178176066894452,3.434297599218993,0.0,440.9529063079074,676.5730878716633,80.795,121.09100000000001,127.5015,0.5954719512543433,506.20974313031036,0.32163652494732886,0.6017791129022584,2.5641025641025648,0.4563490068073809,171.81470921931754,0.6650827615336221,0.4446414982120906,0.38675698894489957,0.06862270238211934,0.09997881046089041,0.08515402891528527,4.0,2.1052631578947385,0.3166666666666676,0.1040832999733047,0.328684105178856,2.161314705332063,2.2868983277337493,1.5524911391393215,3.6654428084953024
09_very_walking-like,ARM_SWING__09_very_walking-like,ARM_SWING,0,11,23.0,25.0,40,0.052455573388222335,35.94758069674116,0.18900000000000006,135.01,0.33230769230769436,1.0000000000000577,1.0000000000000004,0.4268175957302772,1.862829201446365,0.22901365086257913,1.02545,1.044,0.06825000000000003,1.0733,1.07665,0.05305,0.07819999999999996,0.08899999999999997,0.057710484316110186,0.23591324831121202,0.63999999999999,0.7619999999999935,0.0,0.0,0.8632558222363195,0.5382717477853924,1.2042138992681857,1.6240353668052296,3.2331408877438674,0.0,401.5281415156017,631.027750473538,72.599,108.537,127.18849999999998,0.272421437054842,685.2957345579669,0.06466858898247577,0.5478478168025026,0.512820512820513,0.42055822662476494,122.91885330075269,0.6213977611449869,0.7037660422200214,0.13283389612351673,0.0651529635355585,0.09824709812090322,0.028033624488161293,3.0,1.5789473684210538,0.875,0.7424621202458729,0.8485281374238547,2.0313469040402903,2.119067491480607,1.4286926728568936,3.1113518537347247
09_very_walking-like,ARM_SWING__09_very_walking-like,ARM_SWING,0,12,25.0,27.0,40,0.0808402032502298,36.48056182003134,0.361,140.35,0.6815384615384611,3.2399999999999545,1.0000000000000004,0.28862715402599304,4.429998646501317,0.27848639936218583,1.0347000000000002,1.061,0.08150000000000013,1.1079,1.12945,0.0756,0.1379999999999999,0.14324999999999993,0.08703935891308023,0.6132121572486728,1.2519999999999796,1.499999999999995,0.02564102564102564,0.0,1.2988930880125475,0.8304626657633343,1.8627610807247195,2.746461451922185,4.762058378474518,0.0,447.75856887563685,803.6524517540321,86.02125000000001,125.647,138.53449999999998,0.41909821990708584,451.26756679607485,0.28641284447316584,0.6608985297146064,0.512820512820513,0.5153100735413406,253.82699568022852,0.7163379704305383,0.45765592632426944,0.24790606056318337,0.19845495014617545,0.09598306296637184,0.2767278998873923,2.0,1.0526315789473693,0.34999999999999787,0.0,0.0,4.132514273387254,2.6898016830533393,2.0320004662678257,3.824478748623265
09_very_walking-like,ARM_SWING__09_very_walking-like,ARM_SWING,0,13,27.0,29.0,40,0.06366897062551602,41.07943932578088,0.2330000000000001,156.72,0.4846153846153851,1.699999999999975,1.0000000000000004,0.36259370360093124,2.6878844995803317,0.24004999501093555,1.032575,1.052,0.10850000000000004,1.1001,1.10725,0.063475,0.10159999999999998,0.11220000000000009,0.07080624972415925,0.38714777644940085,1.0920000000000014,1.231999999999982,0.0,0.0,1.144506952002355,0.8058282701326966,1.7120619739418446,2.4360680720255927,5.022867706798506,0.02564102564102564,534.0983896303334,848.993322762687,77.81325,122.063,147.10999999999999,0.35951077580382174,645.2034471767926,0.27858582628654044,0.5351828936930845,0.512820512820513,0.5591514585424804,233.53212250971882,0.7278122844775171,0.5338233306278701,0.25165247015622877,0.10197364708688567,0.11255055212901531,0.32722484934789264,2.0,1.0526315789473693,0.3500000000000014,0.0,0.0,3.845000499652806,2.7633670988233368,2.0038429555461743,4.351247959678166
10_very_walking-like,ARM_SWING__10_very_walking-like,ARM_SWING,0,0,1.0,3.0,40,0.06652352099937169,39.36864387363017,0.21699999999999997,130.82999999999998,0.5441025641025641,1.6399999999999928,1.0,0.559586334531834,3.13823615219134,0.25567705633198723,1.0308249999999999,1.0415,0.10799999999999987,1.1023,1.1260999999999999,0.06382499999999999,0.10230000000000002,0.12609999999999988,0.07255980292145231,0.4254330174794534,1.1760000000000013,1.2920000000000051,0.0,0.0,1.3853910796790943,0.9321589357575133,2.181031163297345,3.661556067477145,4.649214987500574,0.0,479.78282245088,715.314772899942,80.59774999999999,121.467,124.5015,0.34188997078847344,591.800362972399,0.056320291802411986,0.6962932486995349,1.5384615384615383,0.5163781490117703,255.44291747132107,0.5605624894205938,0.6921467761781641,0.15707811059165724,0.07808425805219735,0.07269085517798124,0.02516629142677696,3.0,1.5789473684210524,0.6749999999999999,0.31819805153394665,0.4714045207910321,3.397889649963613,3.2807763709252793,2.542089256901707,5.316409317299064
10_very_walking-like,ARM_SWING__10_very_walking-like,ARM_SWING,0,1,3.0,5.0,40,0.10622182582714006,47.79197700075846,0.42899999999999994,197.29000000000002,0.7646153846153848,2.70000000000001,1.5,0.5145042325787118,8.323512126348744,0.19851295328339172,1.0304749999999998,1.0695000000000001,0.11324999999999996,1.1353,1.14715,0.093475,0.18839999999999996,0.20224999999999987,0.10922328048543496,0.7291590186604882,1.8480000000000043,1.9299999999999895,0.0,0.0,1.4099588372622598,0.7809681409334568,2.4556428491964346,2.64580061133891,3.618010503025121,0.0,592.6361089546555,847.9794222374509,93.58600000000001,138.988,157.3899999999999,0.6116525269307047,449.9261486856069,0.2891618534386964,0.4854344480826947,1.0256410256410255,0.5810055973282092,294.4080183105346,0.5531160178458664,0.3239947073976818,0.5708672071743922,0.05373952267806656,0.05139856274985947,0.008975543136187938,4.0,2.1052631578947363,0.4833333333333334,0.3685557397915999,0.7625291168102066,2.5977756662540767,2.8236716241422006,1.9887314607616722,4.59919220775301
10_very_walking-like,ARM_SWING__10_very_walking-like,ARM_SWING,0,2,5.0,7.0,40,0.08797842101392002,34.5146975744225,0.30899999999999994,119.06,0.6687179487179483,1.5600000000000025,1.5,0.4495661528564576,5.8694543400489545,0.3207185659687565,1.02155,1.0430000000000001,0.14800000000000002,1.1198,1.1297999999999997,0.07919999999999999,0.12959999999999994,0.14594999999999997,0.08950474847738525,0.38810727957465474,1.199999999999984,1.2520000000000018,0.0,0.0,1.0112791916173738,0.30009040161901623,1.3643139036123413,1.401440969513619,1.6551737068960526,0.0,431.2211469472307,648.1793064984238,74.64475,112.769,116.85349999999997,0.6561832905990118,392.30867270238406,0.20331992682274652,0.6762344357647984,0.5128205128205128,0.3623611980072919,30.67332715097198,0.48699762109205297,0.3577747597928947,0.597923398764856,0.019840225786852718,0.024461615655396566,0.039773866248671144,4.0,2.1052631578947363,0.3499999999999999,0.21794494717703342,0.6226998490772385,1.41037284787628,1.8127815684520874,0.8206876103933651,2.8262126134979386
10_very_walking-like,ARM_SWING__10_very_walking-like,ARM_SWING,0,3,7.0,9.0,40,0.06183070351723242,36.7510071369061,0.253,118.23,0.48000000000000004,1.119999999999985,1.5000000000000007,0.3560129978302479,2.861793624989626,0.1252933633090631,1.0172,1.0219999999999998,0.07974999999999999,1.0833,1.0936,0.05239999999999999,0.1055,0.11359999999999995,0.06342948841036004,0.3124436791352605,0.9320000000000136,1.1020000000000008,0.0,0.0,0.8230795516178652,0.30106224293643097,1.2401505830004007,1.3517307624941894,1.6172816699635288,0.0,378.9788564895916,604.7441061896519,71.89775,119.444,121.03899999999997,0.5297285895304596,594.381190029052,0.16842239096972722,0.6023993629194435,0.512820512820513,0.34334380635567,25.930572043406634,0.5616851920514169,0.5172495014620704,0.42052414013112016,0.026479443184121498,0.035746915222688094,0.008741855670410206,4.0,2.1052631578947376,0.38333333333333347,0.14433756729740618,0.37653278425410297,1.2975227627865094,1.7129269697051137,0.8089020383008108,2.689666010894722
10_very_walking-like,ARM_SWING__10_very_walking-like,ARM_SWING,0,4,9.0,11.0,40,0.061550396278588514,35.84623346000568,0.20500000000000007,114.14,0.4605128205128206,1.6599999999999757,1.5000000000000007,0.4181258431926575,2.812690343342851,0.2572972109569163,1.0154,1.0314999999999999,0.08325000000000016,1.0872,1.0924500000000001,0.055099999999999996,0.09260000000000009,0.09909999999999997,0.06269688987501694,0.3293849828643846,0.9000000000000178,0.9879999999999872,0.0,0.0,0.9058875537100791,0.41007514912364257,1.1743528335566804,1.3723058445905068,2.6396211849429836,0.0,414.5934097628897,625.3136778450713,71.98925,114.04899999999999,116.6725,0.48337850440773095,582.3883456047785,0.13323404526833432,0.6169307407211605,1.025641025641026,0.384494768333897,65.97212670287294,0.5446234606103175,0.4760887697211617,0.47393119458794253,0.011771594954312074,0.03820844073658387,0.0003473648264446591,2.0,1.0526315789473693,0.6999999999999993,0.0,0.0,1.2608817000962282,2.0090665598906887,1.1933895867313615,2.972752008255505
10_very_walking-like,ARM_SWING__10_very_walking-like,ARM_SWING,0,5,11.0,13.0,40,0.08176535768862457,43.658295936769726,0.30300000000000005,143.2,0.7420512820512833,1.7800000000000373,1.5000000000000007,0.6110795647928018,4.935971331628976,0.19034304872862964,1.030625,1.0230000000000001,0.12174999999999991,1.139,1.14905,0.070825,0.13899999999999993,0.14905000000000002,0.08635001447596867,0.41811091129394407,1.188000000000015,1.5219999999999863,0.0,0.0,1.0992192930019091,0.41843571127295,1.573127794814446,1.7972940033188374,2.1393456943654976,0.0,501.67436241812624,687.7128192729068,83.974,140.314,145.0075,0.662841556252415,533.9461254854094,0.20245121006563072,0.6296241569301922,1.538461538461539,0.6607981405208594,46.593295082247806,0.49615368644787816,0.25451594145857975,0.6053161854499247,0.10613033430877228,0.03403753878272324,0.016636644439486533,6.0,3.1578947368421075,0.31999999999999995,0.1604680653588118,0.501462704246287,1.762387208416562,1.9767525674828812,0.979212592826756,3.2016852178341138
10_very_walking-like,ARM_SWING__10_very_walking-like,ARM_SWING,0,6,13.0,15.0,40,0.05679960274328397,36.847692652078656,0.18200000000000005,124.79,0.4569230769230778,1.5000000000000333,1.5000000000000007,0.34506488688255504,2.2835986885605966,0.326635172339249,1.0184000000000002,1.0350000000000001,0.09550000000000014,1.078,1.08105,0.0524,0.08109999999999998,0.08609999999999995,0.059026265340100935,0.34860740885138086,0.8599999999999947,1.0839999999999836,0.0,0.0,0.9324095011998697,0.3893276377232462,1.3033821806882098,1.6027585393717068,2.2579636843846393,0.0,404.6934634583001,648.8456954248282,78.54225000000001,120.75500000000001,126.269,0.5987625185384692,648.7315205111282,0.17631716161996192,0.6422948668503128,1.538461538461539,0.37675917041135254,41.31135528172253,0.6283598053488074,0.43716313426525555,0.32369715812228317,0.17909222834631414,0.06004747926614717,0.08811439282197256,4.0,2.1052631578947385,0.4166666666666667,0.1755942292142121,0.42142615011410905,1.5726787251879228,2.0688212237943984,1.0568382459081815,3.0528492088778125
10_very_walking-like,ARM_SWING__10_very_walking-like,ARM_SWING,0,7,15.0,17.0,40,0.0541904937732128,37.94783617272937,0.21999999999999986,126.86999999999999,0.44615384615384596,1.2600000000000258,1.0000000000000004,0.35951603831835033,2.005126261267708,0.22585800693325253,1.031425,1.0430000000000001,0.08550000000000002,1.0904,1.1147,0.053325,0.09040000000000009,0.11470000000000005,0.062054210171429945,0.323960811345215,0.9279999999999877,1.1459999999999906,0.0,0.0,1.0263248544016257,0.6254016485482666,1.7492093626262477,2.1831915070525647,3.2675985065487607,0.0,447.10707960928715,602.7724107111931,77.23625,122.34400000000001,126.89199999999998,0.23308950228569528,700.2673998790461,0.3170185665164037,0.6457032746765698,1.538461538461539,0.3861784844093237,175.10223381467523,0.6634863538558491,0.6339463100782784,0.176292168606385,0.11193903945956561,0.07782248185577115,0.29544764350090574,4.0,2.1052631578947385,0.31666666666666704,0.16072751268321553,0.5075605663680485,2.0936346740894187,2.36994861600463,1.619759312621634,4.307641333076307
10_very_walking-like,ARM_SWING__10_very_walking-like,ARM_SWING,0,8,17.0,19.0,40,0.0713589517860233,40.944963103239466,0.20200000000000007,135.23,0.40000000000000097,1.2399999999999836,1.0000000000000004,0.4321699118832812,3.8464689444370963,0.38464756115430715,1.01645,1.052,0.13075000000000014,1.0914,1.09515,0.0675,0.09810000000000008,0.09999999999999998,0.07235606401677748,0.35570537779105166,0.9280000000000392,1.1019999999999932,0.0,0.0,0.8744092914442905,0.3463238236102082,1.2873975167844582,1.3687755654116527,1.6839239887833182,0.0,442.53627993342667,662.1528434154643,79.81375,126.277,135.25050000000002,0.5988651558264849,573.7887409839888,0.2824064836856465,0.6633175075869188,1.538461538461539,0.7762104757373269,50.4917029547347,0.44940713025199563,0.5971140915649652,0.3760464165109927,0.005035755107113464,0.02180373681692858,0.010574335909752514,3.0,1.5789473684210538,0.6500000000000004,0.21213203435596475,0.32635697593225327,1.4106175737083133,1.927579298246341,0.8942800290438896,3.1235441154174146
10_very_walking-like,ARM_SWING__10_very_walking-like,ARM_SWING,0,9,19.0,21.0,40,0.07859005939619487,34.346383077593785,0.32900000000000007,120.99000000000001,0.708717948717948,1.7399999999999747,0.5000000000000002,0.3330348487021734,4.607860459007015,0.16103098229612736,1.03675,1.0465,0.08724999999999994,1.1304,1.15435,0.0708,0.1431,0.1543499999999999,0.08586355455022812,0.4633469740416702,1.372000000000057,1.581999999999977,0.0,0.0,1.0498463411218395,0.5013110112833626,1.8358284472494317,1.857723587074544,2.323273552554637,0.0,489.6222606278102,788.0358228635833,83.2595,126.70200000000001,130.286,0.41662140633738404,437.0321557392378,0.15830949017160512,0.6454054980273659,0.512820512820513,0.32891039553019336,97.21451986552766,0.6315805465402393,0.44696229116022274,0.4003629937563975,0.1210431872254024,0.03163152785797748,0.39885169329562153,5.0,2.631578947368423,0.41249999999999964,0.1493039405597398,0.36194894681149076,1.7899884164391662,1.855331818600802,1.1630963052289576,3.1773745365791513
10_very_walking-like,ARM_SWING__10_very_walking-like,ARM_SWING,0,10,21.0,23.0,40,0.06409887694524005,36.42610355929962,0.22999999999999998,124.22999999999999,0.4174358974358954,1.2799999999999807,0.5000000000000002,0.40694010489737303,3.021072407611785,0.2084139855112373,1.010475,1.0314999999999999,0.10675000000000012,1.0871,1.08885,0.058075,0.0895000000000001,0.10529999999999996,0.06415352679315457,0.29344342186417477,0.8079999999999894,0.8440000000000405,0.0,0.0,0.915555379725636,0.4248521575536013,1.2199495791003228,1.4792942330964192,2.4048284762119376,0.0,401.66531495228725,581.8062725190083,76.13,117.95700000000001,122.14099999999999,0.5551096905623615,568.2799027886026,0.23617547220547958,0.5813615461104134,1.025641025641026,0.32868482249543973,26.822551061975684,0.5472908269690557,0.640966653413911,0.29562604929044317,0.038814885070983976,0.02459241222466182,0.6597412109926767,3.0,1.5789473684210538,0.4499999999999993,0.21213203435596223,0.4714045207910279,1.9568961567454703,2.103794584257997,1.2599886702064504,3.304767847530614
10_very_walking-like,ARM_SWING__10_very_walking-like,ARM_SWING,0,11,23.0,25.0,40,0.05870812200831833,34.384725660065236,0.2360000000000001,117.7,0.44000000000000145,1.4800000000000855,1.0000000000000004,0.3540744978420121,2.556224010112837,0.10451647124552964,1.02685,1.0345,0.07150000000000012,1.0973,1.10205,0.052549999999999986,0.10210000000000008,0.10845000000000006,0.06388583567583662,0.36519641434799927,0.8679999999999908,1.2439999999999813,0.0,0.0,0.8343269059758953,0.38514679172271427,1.2733954245933354,1.5398853602356732,2.0832666656000853,0.0,403.80027614961847,601.8592992709796,73.7645,114.619,118.516,0.5672409489878444,585.6894154303434,0.11939912108118986,0.6397859802008057,1.538461538461539,0.315151164405165,34.911073814543734,0.5714223120007893,0.5378779837835531,0.2980400636367943,0.12000723950156733,0.04407471307808534,0.0312844736064952,5.0,2.631578947368423,0.3125,0.09464847243000606,0.3028751117760194,1.4702921981723516,1.811176472479413,0.9007161684970953,2.9583333963438747
10_very_walking-like,ARM_SWING__10_very_walking-like,ARM_SWING,0,12,25.0,27.0,40,0.06575642700381228,35.79933702920725,0.21499999999999997,120.46000000000001,0.4384615384615383,1.719999999999977,1.5000000000000007,0.4459078056740673,3.2604379222116813,0.31904805956625215,1.0093,1.033,0.10625000000000018,1.0863,1.0922500000000002,0.0591,0.09429999999999998,0.10524999999999997,0.0655919202341264,0.3463610715753623,0.7240000000000402,0.9759999999999872,0.0,0.0,0.7166279360765714,0.3264373740273262,1.0518436749937388,1.121790392493483,1.9829271292712418,0.0,380.1925791305014,547.9151857211361,71.06625,111.671,115.66749999999999,0.7003156472909022,544.423391908623,0.3126581027095432,0.623242503998554,0.512820512820513,0.5502158757541303,29.548459066706826,0.4494134805846288,0.5327083183747215,0.4361648693177305,0.010185442989722827,0.020941369317825063,0.004341680908313436,3.0,1.5789473684210538,0.3000000000000007,0.14142135623730648,0.47140452079102046,1.4121900201782491,1.4188029574442986,0.674605682799565,2.4365639146312956
10_very_walking-like,ARM_SWING__10_very_walking-like,ARM_SWING,0,13,27.0,29.0,40,0.05344726012981971,34.94241090342207,0.22999999999999998,122.25,0.3599999999999994,0.9999999999999845,1.0000000000000004,0.5359525100833289,2.0667057385323147,0.09495984458894356,1.0275750000000001,1.0365,0.045250000000000234,1.0811000000000002,1.0984500000000001,0.05132499999999999,0.09890000000000009,0.10939999999999997,0.05954473108512625,0.26942433758702916,0.7760000000000327,0.8839999999999882,0.0,0.0,0.7607782196841145,0.4028792269636895,1.1666734584972192,1.413283884177385,2.125652840893798,0.0,407.83149916457995,640.2748006778802,74.3465,116.998,119.109,0.15433085930399695,653.773660587079,0.08205783701217947,0.56123280731518,0.512820512820513,0.45151004536297873,46.9536131118076,0.498706937661502,0.8093788936787892,0.0973848586668656,0.0660882135106245,0.027148034143720443,0.05602769432743853,4.0,2.1052631578947385,0.25,0.04999999999999716,0.19999999999998863,1.4315652354727861,1.7674328469677238,1.0686214616503658,2.601776824790337
11_walking_like_torso_bounce,ARM_SWING__11_walking_like_torso_bounce,ARM_SWING,0,0,1.0,3.0,40,0.08430636667262123,27.472889656709643,0.32299999999999995,87.19000000000001,0.8364102564102566,3.4199999999999955,1.5,0.4917257316074204,4.564750943660205,0.35823914421608827,1.0142250000000002,1.0285,0.11875000000000013,1.1141,1.14175,0.07147499999999998,0.14120000000000002,0.1560499999999999,0.08445250144311889,0.6921799552272178,1.4440000000000022,1.8919999999999997,0.02564102564102564,0.0,1.165150291728301,0.716581194388229,2.164841574823975,2.389795865903174,3.458149794326438,0.0,326.90380494763843,634.1203127500211,54.20575,83.68,93.9005,0.3438135779211925,325.86969099727025,0.2114597952444491,0.42104430599010156,2.564102564102564,0.49341117663297385,84.90035948489933,0.6880504481735886,0.29337119669854655,0.457254851602348,0.07480416582890208,0.1745697858702033,0.08580300560562731,5.0,2.631578947368421,0.4125,0.1652018966799916,0.40048944649694934,2.4782364750820074,1.88329122591942,1.3694818326949463,3.6868509601813444
11_walking_like_torso_bounce,ARM_SWING__11_walking_like_torso_bounce,ARM_SWING,0,1,3.0,5.0,40,0.08484161714630385,33.23965587987969,0.3380000000000001,112.44,0.7687179487179487,2.0200000000000067,1.5,0.6267424821167366,5.44759592394485,0.3736695385071344,0.99655,0.9704999999999999,0.11499999999999999,1.1098000000000001,1.1340999999999999,0.07239999999999999,0.1341999999999999,0.14959999999999998,0.08384539343339023,0.515563970645022,1.468000000000002,1.7439999999999936,0.0,0.0,1.2122192472284508,0.5924892930257695,2.045039413527743,2.0836254877471707,2.7054020033998727,0.0,446.151461804586,726.057252163232,69.97524999999999,107.85900000000001,116.47499999999997,0.8054741743865155,391.7847985212265,0.25809354622956066,0.4744962896355874,1.5384615384615383,0.31270556595652854,125.01089105880699,0.4803896233436211,0.19863784527076234,0.6841213237922514,0.09382870442378699,0.023412126513199474,0.0558894149601033,6.0,3.157894736842105,0.3000000000000001,0.061237243569579415,0.20412414523193131,1.9353250173049827,2.4278501610675085,1.4453002635758236,4.3916109945655375
11_walking_like_torso_bounce,ARM_SWING__11_walking_like_torso_bounce,ARM_SWING,0,2,5.0,7.0,40,0.060164219710167735,28.260834898613073,0.2420000000000001,90.06,0.5117948717948717,1.360000000000006,1.5,0.2624546114814758,2.5457931530557265,0.16838922827577618,1.0221,1.0285,0.07200000000000006,1.1033,1.10905,0.051750000000000004,0.10630000000000009,0.11050000000000007,0.06338493511868575,0.38203659093745845,0.9800000000000013,1.2520000000000056,0.0,0.0,0.9250839164996342,0.3812779808511804,1.4034923967352642,1.48332659620207,1.7585221067703485,0.0,337.54255844668154,532.6474285207214,59.19575,96.57400000000001,97.256,0.2582711172692685,469.7282709682845,0.061042165221888295,0.41808924686724996,0.5128205128205128,0.4911813069775294,40.71607238412737,0.6985651532123963,0.4600734550649829,0.3184444037629505,0.13109726794746943,0.09038487322459729,0.20602678875610042,6.0,3.157894736842105,0.35,0.20310096011589907,0.5802884574739974,1.4501946165464379,2.009893602044453,0.8949290842704711,3.4569391179651663
11_walking_like_torso_bounce,ARM_SWING__11_walking_like_torso_bounce,ARM_SWING,0,3,7.0,9.0,40,0.0640289948342716,25.712866717028895,0.2699999999999999,85.55,0.6343589743589748,1.9400000000000108,1.5000000000000007,0.4764461958096488,2.7215569025783806,0.15019891953015552,0.9900749999999998,0.986,0.0747500000000001,1.084,1.10765,0.051324999999999996,0.1155,0.1282499999999999,0.06399785152643797,0.45880734904288967,1.1839999999999933,1.362000000000007,0.0,0.0,1.2747185138985853,0.8777875252834543,2.8142079303602996,2.980167996924605,3.788667311865756,0.0,403.0445608610751,576.8440951988689,54.00075,86.192,93.14099999999999,0.6117942981417043,401.5816082008217,0.20178768542337772,0.5690023772660906,2.051282051282052,0.28749969346595744,262.59690728382174,0.602597776511114,0.35333548629597844,0.4407291222927896,0.1477202724645537,0.05821511894667824,0.12183740689299533,3.0,1.578947368421053,0.47499999999999964,0.31819805153394587,0.6698906348083076,2.7919785780290045,2.8704179123264346,2.433537996033928,7.471193039650474
11_walking_like_torso_bounce,ARM_SWING__11_walking_like_torso_bounce,ARM_SWING,0,4,9.0,11.0,40,0.0725143840726507,24.602479183756653,0.27400000000000013,83.94,0.53230769230769,1.6600000000000368,1.0000000000000004,0.5322342086513412,3.9039260536179423,0.338705381589476,1.00785,1.0354999999999999,0.10699999999999998,1.0770000000000002,1.09315,0.0618,0.09980000000000001,0.14464999999999997,0.07203124322125783,0.48134931805488107,1.279999999999983,1.3819999999999817,0.0,0.0,0.8373654085799771,0.4751716512021192,1.455434261683013,1.796052352467425,2.031846450891376,0.0,383.5937051153793,609.5788780530627,55.30775,80.941,83.0885,0.3787114791322194,339.27722752368584,0.2892657072204001,0.17043761458083342,0.512820512820513,0.297257585996816,64.07384596441675,0.47160938819938913,0.5617923920924623,0.3130522850487888,0.09902333941399401,0.026131983444754956,0.018311941048446908,4.0,2.1052631578947385,0.36666666666666653,0.11547005383792526,0.3149183286488872,1.5748399975826741,1.5974694825555715,0.9381802872595572,2.6949065984819094
11_walking_like_torso_bounce,ARM_SWING__11_walking_like_torso_bounce,ARM_SWING,0,5,11.0,13.0,40,0.1001176103262353,31.92471460828605,0.34299999999999997,107.42,0.8005128205128192,2.1399999999999717,1.5000000000000007,0.7760445244127381,7.1464658197109925,0.28595343804926787,1.00245,0.9969999999999999,0.1765000000000001,1.1514,1.1616,0.08604999999999999,0.15140000000000003,0.1616,0.09888857365742515,0.6258718076157024,1.8279999999999772,1.9220000000000315,0.0,0.0,1.37610165126938,0.9126915886768092,2.5811252079587232,2.7899653252230863,4.429266304931263,0.0,439.60607727803307,650.7528384381201,70.02149999999999,108.95100000000001,109.3065,0.7159472483042859,318.8721195427928,0.38743613562588397,0.5924876439478575,1.538461538461539,0.6919922199220179,306.392246426484,0.4323924702213463,0.14380656180707257,0.7410624121059849,0.042063850163567396,0.07306717592337504,0.006099390338201402,4.0,2.1052631578947385,0.4666666666666668,0.2254624876411443,0.4831339020881662,3.043574854166442,2.7369300605634423,2.2359339773069293,5.945617764369156
11_walking_like_torso_bounce,ARM_SWING__11_walking_like_torso_bounce,ARM_SWING,0,6,13.0,15.0,40,0.09267860096550379,38.18210447719838,0.379,137.06,0.7379487179487169,1.939999999999972,1.5000000000000007,0.4677502262483646,6.528894073614372,0.1895377863274501,1.0391000000000001,1.0625,0.10050000000000003,1.1334,1.1723,0.08325000000000002,0.16469999999999996,0.17229999999999998,0.09951582788682413,0.4565037584855883,1.2840000000000171,1.5339999999999796,0.0,0.0,1.4421014143847768,0.6945994096286858,2.0278129955005104,2.5751629036715946,3.7544640096824207,0.0,498.42815431827796,699.9223034914928,83.09049999999999,123.90100000000001,130.6875,0.44147233120546364,411.98404032242854,0.20946548695684739,0.5216790190493135,2.051282051282052,0.41952938928386846,137.61725485484996,0.49490873045339007,0.435722117108633,0.5208422156421812,0.029748754572841495,0.013686912676344235,0.01898564770089162,4.0,2.1052631578947385,0.3000000000000001,0.04999999999999982,0.16666666666666602,2.487187987761322,3.163091340015047,2.0524172236827045,5.00995999116896
11_walking_like_torso_bounce,ARM_SWING__11_walking_like_torso_bounce,ARM_SWING,0,7,15.0,17.0,40,0.08060571971815678,32.29747255234116,0.2719999999999999,111.44000000000001,0.884102564102564,2.9799999999999582,1.5000000000000007,0.5291640152797163,4.232175091882861,0.33852814194495545,1.026,1.0394999999999999,0.12425000000000008,1.1397,1.15155,0.0716,0.13970000000000002,0.15155,0.08373081869897127,0.6612297870703037,1.5800000000000334,1.8120000000000855,0.0,0.0,1.5554389983957897,0.779017116366765,2.7323195482384497,2.979702694325352,4.032815393741639,0.0,431.8303448117705,632.9522052737044,80.86725000000001,122.66,126.46199999999999,0.5768407085134012,400.684624680127,0.11063078538665262,0.4563752057086732,0.512820512820513,0.4010960553561296,169.8947104977454,0.652142416987691,0.23603991548029749,0.5173676501690453,0.106567960102943,0.14002447424771414,0.011333038440169954,5.0,2.631578947368423,0.3875000000000002,0.15478479684172305,0.399444637010898,2.764465924636577,3.038160075811716,2.0487484700913927,5.8384749988380635
11_walking_like_torso_bounce,ARM_SWING__11_walking_like_torso_bounce,ARM_SWING,0,8,17.0,19.0,40,0.11906610693439514,34.37103166744657,0.44599999999999995,125.39,1.0205128205128216,3.75999999999995,1.5000000000000007,0.8233331675507968,10.096736323003725,0.564263787404348,1.0113249999999998,0.997,0.18524999999999991,1.1634,1.1945999999999999,0.10212499999999998,0.16610000000000005,0.19459999999999997,0.11811255225419523,0.853494207170388,2.2399999999999687,2.701999999999979,0.02564102564102564,0.0,1.5905939790138257,0.8524148508652392,2.762002683435294,3.0163548770302486,4.118349183835618,0.0,452.70004011079163,713.7049054698913,74.68025,115.666,124.0705,0.6293137174788419,288.67183577594295,0.1477601305246339,0.18911931135990298,0.512820512820513,0.3792312901458743,141.3915266781167,0.3637037695126758,0.09242724950554577,0.8351533083036652,0.024993425989485514,0.04742601620130347,0.023413607681500883,5.0,2.631578947368423,0.2999999999999998,0.07071067811865407,0.2357022603955137,2.753717595030057,2.974607802619075,1.7335420643506902,4.751173723150437
11_walking_like_torso_bounce,ARM_SWING__11_walking_like_torso_bounce,ARM_SWING,0,9,19.0,21.0,40,0.10107646255212577,29.478318307807356,0.365,95.94999999999999,0.8799999999999963,2.8799999999999617,1.0000000000000004,0.5809365794365622,6.5539285642086735,0.26971179716174226,1.0094,1.0005,0.1372500000000001,1.1564999999999999,1.1834500000000001,0.08465,0.16100000000000006,0.18345000000000003,0.10024669570614285,0.6939285569172464,1.7040000000000017,2.2799999999999656,0.0,0.0,1.325861768708203,0.7969800274991901,2.2631460389217457,3.102342489836057,4.2262986169933,0.0,435.233551374439,697.894886801602,63.474000000000004,98.381,106.57199999999999,0.44353334606089023,291.6437473522107,0.24817598168403607,0.41138650116551784,1.538461538461539,0.2957746276452814,205.0312635321666,0.6181159642563266,0.5195269744117941,0.24886756266085736,0.15851516702607849,0.07309029590126997,0.14240462954818364,3.0,1.5789473684210538,0.6750000000000007,0.6010407640085664,0.8904307614941716,3.3222937641766968,2.495916061976866,1.6613147227918816,4.046469651519341
11_walking_like_torso_bounce,ARM_SWING__11_walking_like_torso_bounce,ARM_SWING,0,10,21.0,23.0,40,0.09444436362490258,32.657893103921744,0.3530000000000001,116.51,0.8066666666666664,1.9399999999999742,1.5000000000000007,0.677543593020771,6.593238038042656,0.33343309647985364,1.008575,1.012,0.1319999999999999,1.1421000000000001,1.15905,0.075725,0.15910000000000002,0.16925,0.09364974639581251,0.4805333294390262,1.4360000000000597,1.5319999999999891,0.0,0.0,1.1821352032090662,0.5336985669048819,1.8105218164418206,2.0384793155009695,2.380840187832825,0.0,434.85745747841344,634.1609509601075,64.72025000000001,108.675,111.21199999999999,0.6674897790791884,345.7897522993176,0.13296042563111998,0.5261393807382923,1.538461538461539,0.3584033986920936,115.41447134105961,0.3874109208018908,0.29462293917611393,0.6503479313846275,0.017526175255044036,0.03750295418421463,0.020437288594716014,4.0,2.1052631578947385,0.31666666666666643,0.0763762615825988,0.24118819447136483,1.7528781302603136,2.180206155944048,1.2364097519873114,3.6333300773775132
11_walking_like_torso_bounce,ARM_SWING__11_walking_like_torso_bounce,ARM_SWING,0,11,23.0,25.0,40,0.10700802450140041,33.42104569172253,0.378,125.23,0.7974358974359002,2.4599999999999627,1.5000000000000007,0.6802635259724644,8.227578375171868,0.2318245024847004,1.012725,1.036,0.17599999999999993,1.1105,1.1634499999999999,0.094225,0.15330000000000002,0.1634499999999999,0.10642544338643838,0.6388670809319563,1.5240000000000622,1.9440000000000939,0.0,0.0,1.3467772584250184,0.6559735559372023,2.0393205533140195,2.218259814643014,2.7043668390216205,0.0,491.0928535613179,807.786575880624,72.4135,114.516,120.59949999999999,0.7571362300560962,312.3227986634325,0.34611402704951943,0.5760097981054911,1.538461538461539,0.42369465802988737,148.52521284084833,0.4779463310193663,0.21698380303544312,0.7023934025589684,0.04920560756387571,0.03141718684171265,0.06545475315747963,4.0,2.1052631578947385,0.45000000000000046,0.2291287847477914,0.5091750772173137,2.126375826764451,2.6701175418982213,1.5672415134914495,4.932760457453178
11_walking_like_torso_bounce,ARM_SWING__11_walking_like_torso_bounce,ARM_SWING,0,12,25.0,27.0,40,0.09996273344063317,28.57572234320416,0.3410000000000001,109.84,0.8102564102564112,2.919999999999957,1.5000000000000007,0.8101806089626384,7.026976308648373,0.49841861322940956,1.0053750000000001,1.0255,0.1772499999999999,1.1090000000000002,1.12205,0.086775,0.15500000000000003,0.1606,0.09885153008426326,0.6203033518473751,1.471999999999979,1.8199999999999885,0.0,0.0,1.217527029963683,0.6841877497212085,1.8351506864924345,2.3694840830430675,3.473039015041635,0.0,343.2101826290733,513.2436997377952,62.5755,100.185,114.622,0.36894264757815926,285.86375501801365,0.24713643761597856,0.1862407991792733,2.5641025641025648,0.37308665953223996,162.41248586598226,0.41321899840943416,0.12384518529666196,0.757913656825413,0.07069525137184197,0.047545906506083,0.06272756832918085,3.0,1.5789473684210538,0.5250000000000004,0.24748737341529514,0.47140452079103806,2.89917564974931,2.2846577524628513,1.5665167138491733,3.941525308886173
11_walking_like_torso_bounce,ARM_SWING__11_walking_like_torso_bounce,ARM_SWING,0,13,27.0,29.0,40,0.09040931141062622,36.37154263682049,0.3790000000000001,127.95,0.745128205128209,2.1599999999999713,1.5000000000000007,0.6949875343375568,5.8546649041392,0.4578614115883718,1.01905,1.028,0.11650000000000005,1.1195,1.1527999999999998,0.0761,0.15359999999999993,0.17000000000000004,0.09128198069717813,0.562002396487084,1.6599999999999993,1.7080000000000808,0.0,0.0,1.1869339093208193,0.5100652151614327,1.8873466933497633,2.0364207943600636,2.3448667339530918,0.0,404.51470528245073,647.5714512206462,66.46124999999999,114.27300000000001,122.79649999999997,0.5553519718430784,402.2986357193467,0.14108042914269456,0.3313323416680197,0.512820512820513,0.6148320417133504,79.85198270772317,0.4573062516964091,0.22783476699015298,0.6899548524277358,0.04639617735887107,0.03581420322324029,0.06782950501740521,3.0,1.5789473684210538,0.34999999999999964,0.07071067811865826,0.20203050891045238,2.1667472284163316,2.297864368299103,1.0880936996920005,3.5567200188122974
12_walking_like_knee_bend,ARM_SWING__12_walking_like_knee_bend,ARM_SWING,0,0,1.0,3.0,40,0.07672052177571827,31.95845016860935,0.30100000000000005,116.43,1.0066666666666664,2.5200000000000067,1.5,0.39766563847853953,3.993184732904062,0.3640342422638532,1.00625,1.0105,0.1130000000000001,1.0986,1.12645,0.0611,0.1268999999999999,0.1411,0.07601282786477556,0.7131742731336076,1.9279999999999966,2.3100000000000063,0.0,0.0,1.608053698384056,0.7608438670564373,2.5073715418212195,3.0213527480843103,3.8044710539048614,0.0,528.2839640447845,884.2128721468667,65.62750000000001,106.81800000000001,115.7695,0.3527460321620253,416.55673643663965,0.1554944535129418,0.5094686825596606,1.0256410256410255,0.33217276075181046,172.42684591689408,0.6428001524523717,0.12898489983437225,0.3746933753299362,0.3920407873063476,0.10428093752934403,0.30026860204134115,4.0,2.1052631578947367,0.45,0.15000000000000013,0.33333333333333365,3.113147331425507,3.204999269833915,1.945179892832495,5.4984394597616815
12_walking_like_knee_bend,ARM_SWING__12_walking_like_knee_bend,ARM_SWING,0,1,3.0,5.0,40,0.05547611521163282,28.791644976428806,0.22999999999999998,97.75,0.6892307692307694,2.0400000000000067,2.0,0.38206569261685364,2.030363128327718,0.11181149247404992,1.012125,1.018,0.07499999999999996,1.0816,1.08725,0.046225,0.08749999999999998,0.09784999999999992,0.056104144231954915,0.5123084217815868,1.4000000000000044,1.510000000000002,0.0,0.0,1.39874359625119,0.6622596431100428,2.338110482683879,2.7124852589591133,3.0098504946259483,0.0,373.0828730555866,573.6230194011133,60.81275000000001,99.421,104.63900000000001,0.4546598252434557,518.9917294423577,0.2762144915620369,0.255194117380084,1.5384615384615383,0.5720715549475459,131.51130613418138,0.7197747094598617,0.15629576919049146,0.5758491725814636,0.13000790015143546,0.13784715807660936,0.07475682846403969,5.0,2.6315789473684204,0.34999999999999987,0.10801234497346436,0.308606699924184,2.4134618739111398,3.2107798556138682,1.8602833938941934,5.684010770952334
12_walking_like_knee_bend,ARM_SWING__12_walking_like_knee_bend,ARM_SWING,0,2,5.0,7.0,40,0.044142862477328175,25.35702663451671,0.16600000000000004,87.58000000000001,0.45897435897435973,2.2200000000000077,2.0,0.361389076417809,1.3187361015990284,0.2451464304935451,1.01065,1.0175,0.06649999999999989,1.0614,1.0664,0.03739999999999999,0.07309999999999997,0.08199999999999996,0.04486981167778621,0.48118163148974463,1.184000000000007,1.2600000000000036,0.0,0.0,1.129271955294453,0.8416876716084699,1.9835049096342097,2.881008172380865,3.8217273581458047,0.0,424.50902563613494,778.1937850374146,57.409499999999994,88.46400000000001,93.33649999999999,0.035514390605023434,574.4309546654367,0.20256634679863741,0.4765760074494046,2.051282051282051,0.40629931980396217,188.68452289910772,0.7337391237535393,0.2888770437348956,0.42409722389473087,0.17643405480216173,0.11059167756821188,0.015196015149009007,4.0,2.1052631578947363,0.4333333333333333,0.16072751268321586,0.3709096446535751,2.6706456454685874,2.7336195162451467,2.168433169248661,4.993965568932829
12_walking_like_knee_bend,ARM_SWING__12_walking_like_knee_bend,ARM_SWING,0,3,7.0,9.0,40,0.05285839209987962,27.642939377640314,0.22399999999999998,93.55999999999999,0.7266666666666676,2.600000000000058,2.000000000000001,0.48389915454398436,1.4310318244561386,0.30768737718401695,1.012125,1.0150000000000001,0.06574999999999998,1.0677,1.10365,0.044074999999999996,0.09739999999999999,0.10364999999999995,0.05358334629341471,0.5778058922534531,1.267999999999981,1.7679999999999747,0.0,0.0,1.3717442933636856,0.6881475161494778,2.209360528256838,2.296269456592558,3.7262850132537637,0.0,437.51594267224743,761.7058064477205,66.03,94.774,95.80499999999999,0.24513483316021376,522.9621689098498,0.15460527785713657,0.4614412185236411,0.512820512820513,0.3838071674636295,167.31888211774358,0.7067174422716448,0.11908394044186119,0.5474151858288546,0.0460242636537988,0.2874766100754854,0.2873125750300507,5.0,2.6315789473684217,0.3125,0.047871355387816346,0.1531883372410123,2.4501947941988567,2.867832842337004,2.0695321483527374,5.396855899406764
12_walking_like_knee_bend,ARM_SWING__12_walking_like_knee_bend,ARM_SWING,0,4,9.0,11.0,40,0.0518786552620138,25.25257891755176,0.21699999999999986,97.83,0.5764102564102546,2.0799999999999677,1.5000000000000007,0.452166999688327,1.5940113618214795,0.20758123706704415,1.0072999999999999,1.0030000000000001,0.05774999999999997,1.0692000000000002,1.0872,0.039500000000000014,0.06920000000000008,0.08719999999999989,0.05174359863789917,0.49325709736663714,1.2839999999999892,1.3439999999999823,0.0,0.0,1.0670698994667611,0.5638008083400923,1.7568162381581738,2.0963671361386513,2.2582293949020893,0.0,363.1214906050999,546.8837090822797,58.55375,81.20400000000002,96.913,-0.20017439426741998,486.762403343211,0.20503850841344295,0.5695327484334166,1.025641025641026,0.3948053101385836,109.28744773214858,0.7196158640959397,0.2990780397765472,0.37683804305009144,0.13837089401976757,0.18571302315359353,0.14161300845384467,5.0,2.631578947368423,0.38749999999999973,0.13768926368215187,0.3553271320829728,1.738307859764258,2.2471727309395706,1.4673601872941706,4.343920342892212
12_walking_like_knee_bend,ARM_SWING__12_walking_like_knee_bend,ARM_SWING,0,5,11.0,13.0,40,0.08201609832597125,25.241594792966385,0.3939999999999999,95.45,1.2415384615384608,3.019999999999953,2.500000000000001,0.32699510441870566,3.157522782963998,0.26252786352085133,1.025975,1.0270000000000001,0.11050000000000004,1.1315,1.14795,0.06712499999999999,0.13149999999999992,0.14794999999999997,0.08504807464017042,0.8003865462898412,2.463999999999984,2.484000000000053,0.02564102564102564,0.0,1.8550499127378315,0.7744812020552397,2.983433295743713,3.1522748516755055,3.3010907288350113,0.0,588.4765453478727,905.534940995528,67.33500000000001,101.623,104.49549999999999,-0.07890582000989595,307.7639062107564,0.22174418870952403,0.30215902411400863,2.051282051282052,0.6336822038340885,144.19460364658062,0.7913311802216262,0.09534007630270817,0.31871241313390464,0.35126872960136923,0.23467878096201825,0.14717463498330707,6.0,3.1578947368421075,0.3,0.10606601717798134,0.3535533905932711,3.001409066722818,3.33527879158278,1.7670608956268656,5.63803090925047
12_walking_like_knee_bend,ARM_SWING__12_walking_like_knee_bend,ARM_SWING,0,6,13.0,15.0,40,0.07695046691849478,27.279776080694294,0.31900000000000006,111.51,0.7728205128205122,2.25999999999997,1.5000000000000007,0.419678725395446,3.930123246818112,0.2335007118929424,1.0135999999999998,1.0285,0.10250000000000015,1.0941,1.1178,0.06304999999999998,0.13380000000000003,0.14945,0.07719002526233555,0.6365778106734741,1.7239999999999902,1.9700000000000344,0.0,0.0,1.4499657670129973,0.5540371378661255,2.2201031764129477,2.4257354915819196,2.567878501798675,0.0,439.41234018406874,631.6102737071346,68.26625,102.65500000000002,108.86399999999999,0.262676953947341,354.5108583887968,0.11839743961489872,0.23822976750849625,1.025641025641026,0.38714486493318695,43.311185594866515,0.6768029773537747,0.20226002606999283,0.433098016750764,0.30473410900109726,0.059907848178146095,0.23696273632289694,5.0,2.631578947368423,0.25,0.04082482904638543,0.16329931618554172,2.225357605773893,3.0137360725706626,1.5168856950152079,4.51818793198609
12_walking_like_knee_bend,ARM_SWING__12_walking_like_knee_bend,ARM_SWING,0,7,15.0,17.0,40,0.05373772370242294,28.953535681528404,0.19500000000000006,108.79,0.7225641025641014,2.739999999999961,2.000000000000001,0.4237364592988455,1.7328404938485515,0.20974515630719476,1.012725,1.015,0.08775,1.0854,1.0973,0.045924999999999994,0.08539999999999998,0.09729999999999996,0.0545662441441593,0.5496636193772818,1.484000000000031,1.6239999999999761,0.0,0.0,1.274854018597221,0.8327307965109331,2.020992782356336,2.3983462916928273,4.82816735418309,0.0,491.05358995393965,703.384020741533,64.1215,101.652,103.80049999999999,0.4302879387880548,538.7934896881935,0.2673011432078675,0.38302007072652716,1.025641025641026,0.35261419277140443,84.17659199328796,0.7111934057499867,0.09326317594764742,0.5960999581359776,0.11251126072457986,0.19812560519179523,0.0722253123615858,5.0,2.631578947368423,0.37499999999999956,0.15545631755147912,0.4145501801372782,2.133676443385067,2.786305846027465,2.121036652917124,5.043540670637322
12_walking_like_knee_bend,ARM_SWING__12_walking_like_knee_bend,ARM_SWING,0,8,17.0,19.0,40,0.051636295871044534,25.755268039662717,0.20800000000000007,79.52,0.7707692307692319,1.939999999999972,1.0000000000000004,0.26766543262389864,0.6848861874728156,0.25931296864793535,1.0155249999999998,1.0194999999999999,0.0665,1.0796,1.08695,0.04407499999999999,0.08509999999999998,0.10024999999999996,0.053297983076285346,0.5561871353732117,1.5719999999999774,1.696000000000083,0.0,0.0,1.2885684428198287,0.548309923851817,1.9075393894944261,2.0291484013814576,2.571380951940172,0.0,458.52315587293157,655.036021972381,63.85800000000002,94.657,97.4905,0.15777668144768062,498.78225393981427,0.1217630404326103,0.4875082222976482,1.538461538461539,0.34821734074931454,64.28666445681196,0.7644162051374307,0.14483117667011108,0.1570395154238387,0.37708001290390164,0.32104929500214885,0.9065955155646563,5.0,2.631578947368423,0.39999999999999947,0.15811388300841783,0.3952847075210451,2.1593010692730763,2.558828520095157,1.4232727719123173,4.018226519806116
12_walking_like_knee_bend,ARM_SWING__12_walking_like_knee_bend,ARM_SWING,0,9,19.0,21.0,40,0.061816679974558024,30.15480734625482,0.266,104.71,0.6687179487179495,2.479999999999967,1.5000000000000007,0.4567486006174189,2.186225309966898,0.16077628932681837,1.0053249999999998,0.9989999999999999,0.08550000000000002,1.0776,1.0958999999999999,0.04977499999999999,0.09309999999999997,0.10919999999999987,0.0612709147965003,0.598925263271771,1.343999999999981,1.8619999999999908,0.0,0.0,1.0675538521135948,0.5420143263949442,1.6086975113461925,1.9714266823591626,2.827719929554512,0.0,468.09834106676846,711.4452581398324,61.151250000000005,100.879,107.7815,0.3606360481023819,487.8102052498723,0.06441451903103672,0.30215930843169325,0.512820512820513,0.3978231443682811,107.73094111951087,0.7535705344847515,0.27020337461097005,0.3780883314179964,0.1984694916111313,0.15323880235990203,0.31991479928070565,2.0,1.0526315789473693,0.3000000000000007,0.0,0.0,2.1547378224569043,2.0504655813147283,1.0328297747748887,3.655559575290078
12_walking_like_knee_bend,ARM_SWING__12_walking_like_knee_bend,ARM_SWING,0,10,21.0,23.0,40,0.04956981608465646,25.185414989734202,0.20099999999999996,86.14999999999999,0.576410256410258,2.0800000000001178,2.000000000000001,0.3163516986150107,1.5493570377503245,0.1106483389770374,1.00925,1.021,0.0677500000000002,1.0703,1.083,0.042199999999999994,0.08299999999999996,0.09109999999999996,0.049812648996013044,0.5085349813537535,1.331999999999982,1.4699999999999809,0.0,0.0,1.0975928633643002,0.667649181937297,1.9316919078917265,2.395229006457521,3.0155596495509327,0.0,361.7292545813617,648.7323095507173,55.279999999999994,86.263,93.6125,0.29888607836250564,508.0796536892931,0.09116441347507816,0.4225722514845642,0.512820512820513,0.44263734258009774,191.93234966485656,0.7322036897268884,0.33150970034515836,0.46296004811802133,0.1113940713801147,0.09413618015670563,0.09422039277742288,4.0,2.1052631578947385,0.4666666666666674,0.1258305739211793,0.2696369441168124,1.9977293583228208,2.3475240871995577,1.7598587484551709,4.4946904228574605
12_walking_like_knee_bend,ARM_SWING__12_walking_like_knee_bend,ARM_SWING,0,11,23.0,25.0,40,0.06636657619538193,29.995652552516376,0.2889999999999999,121.87,0.7041025641025619,2.219999999999968,1.0000000000000004,0.31721578420480695,2.744541785240222,0.075027051886501,1.001875,0.988,0.07324999999999993,1.0867,1.12125,0.050475000000000006,0.1259999999999999,0.13344999999999999,0.06555856160716157,0.5455500264036593,1.4639999999999784,1.6139999999999766,0.0,0.0,1.2083289741095917,0.5667846180257498,1.872501500919308,2.0395462814114533,2.4619504462924975,0.0,488.0832917392099,774.0699192151031,64.57650000000001,104.791,107.67649999999998,0.15885648037995945,451.9692633263128,0.21350992092347118,0.5224375112997669,0.512820512820513,0.7435287929169924,113.5800219846579,0.7413277202474866,0.5109919946454796,0.15266601742732097,0.2083329328416866,0.12800905508551286,0.11786452990513173,5.0,2.631578947368423,0.3624999999999998,0.1600781059358222,0.4415947749953718,1.8156381435789206,2.459021652861716,1.3808460478108215,4.130304868391907
12_walking_like_knee_bend,ARM_SWING__12_walking_like_knee_bend,ARM_SWING,0,12,25.0,27.0,40,0.07798058601262109,26.74494953401339,0.3370000000000001,100.55999999999999,1.0266666666666693,3.2399999999999545,2.000000000000001,0.3586086297502799,2.7042629257953723,0.11293164807075813,1.0224499999999999,1.0255,0.11350000000000005,1.1056000000000001,1.13445,0.0661,0.12240000000000001,0.13444999999999988,0.08020567311605832,0.8274289072127143,2.131999999999971,2.744000000000137,0.02564102564102564,0.0,1.84073800491888,1.3008181665544143,3.829622835278083,4.367477778831514,5.4044056102405165,0.02564102564102564,551.1460244612073,931.0291772029542,59.00975,93.20700000000001,97.20700000000001,0.29861550989532004,342.9693325167465,0.217023754845154,0.39330951484032406,1.538461538461539,0.2711456750558413,710.8605255556918,0.8069877910180802,0.181269216473807,0.369390592268203,0.19001442724580656,0.25932576401218344,0.15354798446108997,3.0,1.5789473684210538,0.7249999999999996,0.45961940777125737,0.6339578038224243,4.04644704607846,3.809151208905728,3.8956902994865743,8.453682704482404
12_walking_like_knee_bend,ARM_SWING__12_walking_like_knee_bend,ARM_SWING,0,13,27.0,29.0,40,0.05356421978359847,25.505665891407396,0.22699999999999998,97.07,0.6738461538461523,2.639999999999965,2.500000000000001,0.49808215435359265,1.6254887367706354,0.16423112911196924,1.00595,1.003,0.06600000000000006,1.0826,1.11005,0.042199999999999994,0.09609999999999998,0.11005000000000009,0.053224054712131805,0.4869919235503133,1.1559999999999826,1.2480000000000595,0.0,0.0,1.3011038325335273,0.810523285514024,2.238639879579211,3.413760330131241,3.894046738291892,0.0,410.1876332838959,702.4307573505363,62.866499999999995,91.87,98.27199999999998,0.3341611783311907,476.16983864324504,0.2506786678280943,0.4834859972214338,2.5641025641025648,0.4971033732709279,243.342907732635,0.7128508711601107,0.19406373670365723,0.1851848816978674,0.45901370131244995,0.1617376802860254,0.026394872944951124,3.0,1.5789473684210538,0.3999999999999986,0.07071067811865576,0.17677669529664003,3.022910309821434,2.878624105941788,2.0951690906841836,6.054573744614276
13_walking_like_weight_shift,ARM_SWING__13_walking_like_weight_shift,ARM_SWING,0,0,1.0,3.0,40,0.05986204225186527,31.284145833198334,0.20999999999999996,109.92,0.6902564102564097,2.1599999999999904,0.5,0.5250235912550059,2.3260967585065107,0.11677922666149541,0.99465,0.966,0.10225000000000006,1.0812,1.0898999999999999,0.05425000000000001,0.08339999999999997,0.08989999999999992,0.059350652902895686,0.596337449416224,1.5720000000000058,2.001999999999998,0.0,0.0,1.31749442967253,0.6826135664814549,2.317225673149398,2.4121956503656206,2.823118842698617,0.0,424.4113832861348,638.2227635957801,59.23199999999999,98.689,103.91599999999997,0.10895537323306569,522.6040518559745,0.1944802619046049,0.42866446964436045,1.5384615384615383,0.29331337771169247,125.87812050551317,0.6868836671408813,0.5045221122991476,0.17686676588475111,0.1772750819115854,0.14133603990451596,0.1191238519752347,5.0,2.631578947368421,0.30000000000000004,0.09128709291752765,0.30429030972509213,2.21490158540908,2.9699307346268844,1.6665402243709495,4.814115822244691
13_walking_like_weight_shift,ARM_SWING__13_walking_like_weight_shift,ARM_SWING,0,1,3.0,5.0,40,0.04983428307130311,29.752522796502657,0.18099999999999994,96.69,0.48256410256410237,2.239999999999988,0.5,0.535272208729984,1.7622826437631822,0.26238243029318925,1.005675,1.0059999999999998,0.07774999999999999,1.0665,1.0874,0.04152499999999998,0.08020000000000006,0.08739999999999995,0.04953357447227081,0.48679790440191306,1.0680000000000027,1.2680000000000062,0.0,0.0,1.3256240379992055,0.8091794980958493,2.551074161787546,2.6644212339995863,4.384107662911592,0.0,440.2968151682361,776.3513674969164,74.38225,107.042,111.4875,0.24038007749064402,597.0292128800693,0.2391124928784147,0.3742986049042805,2.564102564102564,0.5323527123076935,227.80760942095793,0.6001952360084121,0.5976812105452246,0.15785677548037155,0.17116592878983936,0.07329608518456451,0.20490806103666856,5.0,2.6315789473684204,0.4,0.07071067811865492,0.17677669529663728,2.817730938998893,3.216673149303842,2.26607338183583,6.17300636921784
13_walking_like_weight_shift,ARM_SWING__13_walking_like_weight_shift,ARM_SWING,0,2,5.0,7.0,40,0.06968132130249498,27.418649229619664,0.27700000000000014,93.84,0.5907692307692319,1.820000000000008,0.5,0.6314263285973005,3.505948947793489,0.1764482724340784,1.020475,1.0305,0.09599999999999997,1.0943,1.1087,0.060325000000000004,0.10940000000000012,0.12235000000000008,0.07178666310673594,0.4479390502206217,1.172000000000006,1.4400000000000048,0.0,0.0,1.125476474101151,0.576285874406759,1.739206442010146,2.333272815559361,3.0979993544221522,0.0,387.865681671837,670.821792758329,55.60025,96.471,99.789,-0.14865664396233422,393.4863564166933,0.18658894910201101,0.34277748118830115,1.0256410256410255,0.42731651944160287,150.98762393607197,0.5033355221967947,0.781775987275872,0.08312157088081812,0.07058434884841297,0.06451809299489673,0.3235009204054819,3.0,1.5789473684210524,0.5,0.2828427124746193,0.5656854249492386,2.2424388841406198,2.492510335390242,1.596102151621281,4.15439258349009
13_walking_like_weight_shift,ARM_SWING__13_walking_like_weight_shift,ARM_SWING,0,3,7.0,9.0,40,0.05483784370819209,21.036567672105566,0.2220000000000001,72.56,0.41846153846153883,1.0400000000000025,0.5000000000000002,0.7652714716305195,2.2045505462940933,0.2550727796530329,1.003125,1.0145,0.08300000000000007,1.0656999999999999,1.07995,0.04717500000000001,0.08159999999999998,0.09810000000000008,0.054238132342476555,0.294953506251752,0.8640000000000148,0.9219999999999892,0.0,0.0,0.9032910091928121,0.40169865491651174,1.4577213081704008,1.5803091864638144,2.2357101779971877,0.0,302.64470072411814,512.0475451875246,52.337250000000004,78.187,80.824,0.056062265011790846,383.6140564542833,0.03518453887949714,0.4799220384249798,1.538461538461539,0.41874186194619767,56.16610948091253,0.3588284183097352,0.7381231961764614,0.17271543532327935,0.04376332769378176,0.04539804080647735,0.011928021718714259,5.0,2.6315789473684217,0.3875000000000002,0.17969882210706528,0.46373889576016825,1.3900851975115653,2.0995248250917955,1.2205962404472879,3.755573785776613
13_walking_like_weight_shift,ARM_SWING__13_walking_like_weight_shift,ARM_SWING,0,4,9.0,11.0,40,0.0780182383345107,28.848112016613445,0.262,102.16,0.596923076923078,1.8600000000000392,0.5000000000000002,0.6408721555450302,4.3395343724316175,0.08440130824363885,0.987025,0.981,0.11499999999999988,1.0872,1.09525,0.067425,0.1211,0.13014999999999993,0.07812185993689603,0.5127744648691733,1.2960000000000287,1.5879999999999828,0.0,0.0,1.1782365127100523,0.602743510182648,1.9477304003733948,2.293852912401403,2.7021472942827884,0.0,385.36439149804863,578.6733977047943,60.31849999999999,96.18,106.66049999999998,0.2803532625673811,369.76113063363965,0.3355879173284974,0.47509851172599227,1.538461538461539,0.4269462846852608,146.85928447644494,0.5107582412444108,0.6225631198497816,0.2823383702638721,0.03659912917846147,0.058499380707884636,0.05558289516177311,3.0,1.5789473684210538,0.5999999999999996,0.07071067811865324,0.11785113019775546,1.9417124695972403,2.602544796877137,1.7212747579198617,4.863457108401209
13_walking_like_weight_shift,ARM_SWING__13_walking_like_weight_shift,ARM_SWING,0,5,11.0,13.0,40,0.04324935896960845,25.46350509515077,0.17900000000000005,86.73,0.4579487179487175,1.059999999999988,0.5000000000000002,0.6249600293324207,1.272216797312607,0.17766663776550398,0.9991749999999999,0.998,0.05224999999999991,1.0496999999999999,1.0586499999999999,0.03387499999999999,0.06999999999999995,0.07954999999999994,0.04271328833044817,0.30976374263027096,0.8919999999999954,0.9619999999999886,0.0,0.0,1.066893175690231,0.5183734458293825,1.7996098856202871,2.113550804410636,2.4445040396776303,0.0,288.3838506548342,472.87307866549884,54.06575,83.308,86.59349999999999,-0.01674345544925258,588.7602892113177,0.2535366524843486,0.5190281356114157,2.051282051282052,0.3820650808057713,59.522325113293626,0.5829366983124389,0.7048399858661527,0.15387205437953602,0.055330641474166664,0.0859573182801444,0.2660866783492741,4.0,2.1052631578947385,0.4499999999999999,0.3041381265149117,0.6758625033664706,2.0121726797356496,2.5693195690190245,1.5713050902588221,4.7866873497103155
13_walking_like_weight_shift,ARM_SWING__13_walking_like_weight_shift,ARM_SWING,0,6,13.0,15.0,40,0.06120662252588065,28.160152511788347,0.23299999999999987,100.91,0.6087179487179475,2.1600000000000437,0.5000000000000002,0.5211553555323295,2.409605902380097,0.08163095888521707,1.016175,1.014,0.10775000000000001,1.0797999999999999,1.1124500000000002,0.05272499999999998,0.08699999999999997,0.11245000000000006,0.06256376746967847,0.48896872942303476,1.208000000000016,1.4299999999999806,0.0,0.0,1.0181349357622287,0.4474091748652598,1.5481296524636976,1.676011281644072,2.3358938332038646,0.0,405.6458544201431,611.153912015375,54.330499999999994,93.0,96.5405,0.09076738011686863,460.083424794124,0.18433768209616253,0.4853403852373232,2.051282051282052,0.49825326044179685,55.73241253552022,0.6118761912509263,0.69969779296139,0.15460732293817686,0.05829542502870969,0.08739945907172339,0.5562686346735525,6.0,3.1578947368421075,0.3400000000000002,0.11937336386313295,0.3510981290092144,1.6706497465126604,2.0435339298052075,0.956188694375749,2.893194547592823
13_walking_like_weight_shift,ARM_SWING__13_walking_like_weight_shift,ARM_SWING,0,7,15.0,17.0,40,0.053194605230615505,27.611924262433412,0.19399999999999995,89.11,0.4364102564102582,1.4599999999999806,0.5000000000000002,0.6264613496040417,1.9122457972667977,0.20811254793817968,0.997025,0.997,0.09024999999999994,1.0651,1.08685,0.045725,0.07379999999999996,0.08685000000000002,0.052609647404254674,0.3455543767056953,0.9439999999999875,1.0160000000000589,0.0,0.0,0.9104501239759349,0.5395159208990763,1.5565049163930293,1.6443470836357792,2.7848877894808934,0.0,332.8088766221575,460.99892077573105,56.82025,89.218,93.04899999999999,0.04030520719426063,519.0737696562828,0.03164510892620168,0.5701387475492617,1.538461538461539,0.30713300563419965,119.39574662031464,0.5927120596736585,0.7070970659095579,0.13672389916270655,0.06900006867100744,0.08717896625672844,0.292286089507392,5.0,2.631578947368423,0.38749999999999973,0.17969882210706542,0.46373889576016913,1.7097483125973376,2.1621193118244126,1.3958372835018609,3.821364900737554
13_walking_like_weight_shift,ARM_SWING__13_walking_like_weight_shift,ARM_SWING,0,8,17.0,19.0,40,0.058016791335983725,26.289310740884197,0.20200000000000007,89.88,0.5399999999999981,1.5399999999999772,0.5000000000000002,0.44078001207953754,2.4268029796583392,0.14125681623971886,0.995525,0.993,0.09324999999999994,1.0703,1.0743500000000001,0.048625,0.09019999999999997,0.10114999999999998,0.05746150885592894,0.37128510821058236,1.0280000000000422,1.187999999999986,0.0,0.0,1.0099176457252381,0.622443986176947,1.545683236018801,1.7721620514775929,3.476722594628403,0.0,320.38189521530444,475.1390906145766,50.906499999999994,83.812,86.50899999999997,0.13249128547028738,453.13279372240623,0.11811250254725385,0.44955596360502886,2.5641025641025648,0.42453641724472296,69.35636213747166,0.540807197481692,0.7311307155333896,0.18888090740800478,0.03888719125795714,0.04110118580064834,0.7398745643689622,3.0,1.5789473684210538,0.75,0.282842712474618,0.377123616632824,2.4856534517036106,2.284263926620148,1.7306583621105993,3.851713118969126
13_walking_like_weight_shift,ARM_SWING__13_walking_like_weight_shift,ARM_SWING,0,9,19.0,21.0,40,0.052495543156367584,24.354532952214722,0.21499999999999997,94.09,0.6056410256410307,2.480000000000143,1.5000000000000007,0.4312658549388843,1.440734833063035,0.12751161892710416,1.00275,1.0019999999999998,0.0635,1.0623,1.0888,0.04104999999999999,0.09339999999999998,0.10405000000000009,0.0519080918547388,0.5212525141769382,1.2240000000000009,1.339999999999981,0.0,0.0,0.9854091246792374,0.5406960772676018,1.516061818693617,1.8601382699523004,2.7161737794185474,0.0,323.7302767009155,518.7636694130766,53.75625,78.96600000000001,89.612,0.19593651624806274,463.9352502682044,0.05791319031115648,0.5010438442522734,0.512820512820513,0.4949063204256474,91.21317427783114,0.74908705474162,0.3190150530135274,0.3341553389422687,0.10151875832635329,0.2453108497178506,0.21080772005489135,4.0,2.1052631578947385,0.4666666666666674,0.34034296427770233,0.7293063520236467,1.813206592903696,1.92383897970772,1.164852784996963,3.15362087187422
13_walking_like_weight_shift,ARM_SWING__13_walking_like_weight_shift,ARM_SWING,0,10,21.0,23.0,40,0.048548125739522774,25.765171153153283,0.18600000000000005,86.03999999999999,0.47641025641025564,2.2799999999999696,0.5000000000000002,0.5789597382963315,1.5085970935548876,0.012003222370781838,1.01445,1.012,0.0737500000000001,1.0690000000000002,1.09135,0.04184999999999999,0.07900000000000007,0.09134999999999996,0.050067953822779704,0.4587596961802563,1.0199999999999843,1.1779999999999868,0.0,0.0,1.0107937491240402,0.7561457648485292,1.9582790507916716,2.2456249809355433,3.921122288325061,0.0,355.8323156615972,591.1658614801594,57.77624999999999,92.32600000000001,92.9795,0.1329517161859365,530.714023676057,0.1957952907229714,0.4056183563269617,1.538461538461539,0.2814857848745821,225.33194771111386,0.6016029141859369,0.7211371558941015,0.11938381080094819,0.05714150226915494,0.1023375310357954,0.420102681482454,3.0,1.5789473684210538,0.625,0.38890872965259915,0.6222539674441586,2.5574337194207497,2.361264302166775,1.9093954901875367,4.638634933055671
13_walking_like_weight_shift,ARM_SWING__13_walking_like_weight_shift,ARM_SWING,0,11,23.0,25.0,40,0.04934441360322516,26.08785625240514,0.18000000000000005,97.3,0.48871794871794744,1.359999999999982,0.5000000000000002,0.8521424349479982,1.6023726126239042,0.25861865749227503,0.986525,0.982,0.08650000000000002,1.0531,1.05515,0.04432499999999999,0.07219999999999996,0.08234999999999994,0.05055269527928258,0.3289791185756911,0.8559999999999888,0.9860000000000476,0.0,0.0,0.8973588093924184,0.3578421998968645,1.3804284972701373,1.5604312441952979,1.7903072362027432,0.0,334.76294085967896,520.452819653885,46.6135,81.67300000000002,87.59949999999999,0.3156829937986884,528.689153389798,0.12576223790536387,0.5158566155803616,0.512820512820513,0.3352768782933406,37.231956852713424,0.4066106122175207,0.7565710547386358,0.05585243605700538,0.13134837410596686,0.05622813509839197,0.021815485343088328,3.0,1.5789473684210538,0.625,0.3181980515339484,0.5091168824543175,1.5751255981352212,2.0541129247843735,0.9118227647937591,3.2789553867585806
13_walking_like_weight_shift,ARM_SWING__13_walking_like_weight_shift,ARM_SWING,0,12,25.0,27.0,40,0.05761609795525678,29.24972143632421,0.236,99.95,0.4476923076923097,1.1799999999999842,0.5000000000000002,0.38517521124789933,2.164124113724173,0.1692802339010999,1.0210249999999998,1.034,0.08499999999999996,1.0868,1.09745,0.05242500000000001,0.09430000000000008,0.10504999999999999,0.060652081580107375,0.3382187204073886,0.9840000000000547,1.0859999999999939,0.0,0.0,0.8745554657831024,0.3627002805524407,1.2769420223715493,1.6563008196513245,1.8817013578142243,0.0,404.677841841387,620.0978255672113,64.391,98.5,103.722,-0.260334076717004,507.6657822096667,0.16915130588343036,0.48126167641384016,1.025641025641026,0.49143132295161934,47.050421959567466,0.6498587390842603,0.6272492293461601,0.21241427478401634,0.052179848576903026,0.10815664729292024,0.9133037365883941,5.0,2.631578947368423,0.4249999999999998,0.18484227510682513,0.43492300025135344,1.3371868853551283,1.9528928249323343,0.9256201428983161,3.006018627066945
13_walking_like_weight_shift,ARM_SWING__13_walking_like_weight_shift,ARM_SWING,0,13,27.0,29.0,40,0.07294217941946579,30.878278913401992,0.27300000000000013,105.86,0.5338461538461536,1.3199999999999803,0.5000000000000002,0.3334852055638763,3.9199136626191136,0.20122678394752067,0.9939500000000001,0.98,0.10999999999999988,1.0942,1.10105,0.0629,0.1084,0.11524999999999998,0.07227828166192111,0.34941014494818434,1.02,1.151999999999985,0.0,0.0,0.9925206332421193,0.46584413789880924,1.512910741006729,1.939395109449573,2.0992379569738806,0.0,362.3535537442937,541.1883298873364,61.65875000000001,100.52,110.8305,0.36469017534054077,423.32542239835556,0.2708371828443408,0.5262987232007104,2.051282051282052,0.4406974086964987,62.02299375964135,0.6213723494915663,0.6041270196818066,0.2700615882857767,0.0856372957477002,0.040174096284716285,0.8929575348966756,4.0,2.1052631578947385,0.5999999999999991,0.3500000000000009,0.5833333333333357,1.923295589565371,2.1895015697567204,1.3340530352355533,4.240266434482723
14_small_natural_swing,ARM_SWING__14_small_natural_swing,ARM_SWING,0,0,1.0,3.0,40,0.013029650604363672,10.369120821099738,0.05599999999999994,38.3,0.13948717948717926,0.64,1.0,0.5554303696582521,0.11273686505619558,0.19149235021371222,0.9901500000000001,0.991,0.01649999999999996,1.0043,1.00905,0.012449999999999994,0.02650000000000003,0.035050000000000026,0.01620339470604849,0.1173826114162059,0.24800000000000036,0.31999999999999884,0.0,0.0,0.31093292354690444,0.28145804422910703,0.4694124223938088,0.6055131684486337,1.431223253025186,0.0,168.02020099401196,263.27586765968164,22.82475,36.574,37.6615,0.33955318216649405,795.8095835376496,-0.016978186011008166,0.31812483362645966,0.5128205128205128,0.32588180504138053,33.46222306164791,0.6269594467309406,0.5511428077062681,0.11487430485194108,0.19765906339415693,0.13632382404763393,0.02217662505031002,2.0,1.0526315789473684,0.3500000000000001,0.0,0.0,0.9674051927528775,0.7364320745435771,0.8322315823107098,1.2142666667278363
14_small_natural_swing,ARM_SWING__14_small_natural_swing,ARM_SWING,0,1,3.0,5.0,40,0.012878027401104155,9.211860996173385,0.04899999999999993,30.82,0.14256410256410243,0.3000000000000013,1.5,0.5427742410270823,0.10131751025868278,0.2640679354968384,0.99145,0.99,0.01649999999999996,1.011,1.0121,0.012649999999999995,0.025100000000000025,0.030150000000000017,0.015323185047502368,0.0924724126348798,0.24800000000000072,0.2999999999999943,0.0,0.0,0.2714947299436445,0.10028037706197153,0.4342163021095718,0.44911140717395276,0.46733285782190964,0.0,124.5467322932498,195.69091114717847,23.38625,33.107,34.453,0.3749211081544455,715.3161512440613,0.20068281520250125,0.4096515209323769,0.5128205128205128,0.8375437624870538,3.063297930988128,0.6513098383751612,0.2971284839185047,0.4513520501491015,0.04261316748275458,0.2089062984496393,0.015618498158144522,4.0,2.1052631578947363,0.6000000000000001,0.30000000000000004,0.5,0.4311181141993478,0.6041279232314578,0.30502399136745395,0.9671556977675929
14_small_natural_swing,ARM_SWING__14_small_natural_swing,ARM_SWING,0,2,5.0,7.0,40,0.018524256447239023,11.101698460954013,0.09299999999999997,41.940000000000005,0.20102564102564094,1.1200000000000028,2.0,0.32022215047650054,0.23579706008179097,0.08846352867772148,0.9870749999999999,0.9884999999999999,0.01849999999999996,1.0071999999999999,1.013,0.016424999999999995,0.03480000000000004,0.04630000000000002,0.022396986404425043,0.1978808103751096,0.3799999999999999,0.4400000000000002,0.0,0.0,0.3425911339595507,0.255313083465033,0.5916617833634551,0.6898627321657411,1.4578065715313582,0.0,176.97009408787557,296.2846967087598,24.552999999999997,37.889,40.711,0.4202870665093829,599.3060230284538,0.04529248024880358,0.40314521933880476,0.5128205128205128,0.34368808220278535,28.550297926195853,0.7256636088153751,0.22262885687553993,0.4996878054243592,0.16775864609426985,0.10992469160583093,0.0036518508189847,4.0,2.1052631578947363,0.5666666666666668,0.5057996968497834,0.892587700323147,0.5864561382151762,0.7263667076647387,0.6112577113568144,1.4990603439776264
14_small_natural_swing,ARM_SWING__14_small_natural_swing,ARM_SWING,0,3,7.0,9.0,40,0.017014153233599675,10.863783207378683,0.09500000000000008,41.87,0.18461538461538463,0.9600000000000043,1.0000000000000004,0.7337258621242333,0.16322533734783043,0.24228549727519022,0.9914249999999999,0.9895,0.017249999999999988,1.0105,1.024,0.015625,0.024200000000000024,0.02830000000000001,0.01886199883363374,0.19273442532265334,0.2919999999999985,0.5919999999999935,0.0,0.0,0.3947019079622285,0.3341999775657525,0.7870806257181403,1.27554001987777,1.3893883546366772,0.0,167.10183596458745,273.42547228523375,27.49875,42.674,43.550999999999995,0.15845210038551294,638.5144801637736,0.30005028966965624,0.4930741349086706,1.538461538461539,0.32885575248707744,48.10412914460408,0.6251358942305273,0.6183943977887658,0.11914962696854531,0.07498519694878558,0.18747077829390316,0.0013454019414308794,3.0,1.578947368421053,0.3999999999999999,0.07071067811865513,0.17677669529663786,1.128814194396336,0.9407971647249007,0.8931745604942859,2.108104967101145
14_small_natural_swing,ARM_SWING__14_small_natural_swing,ARM_SWING,0,4,9.0,11.0,40,0.012460578864604372,11.016163416101652,0.06499999999999995,38.62,0.15948717948717908,0.7800000000000151,0.5000000000000002,0.37530529437693133,0.04638552477838479,0.05320686167248087,0.9936250000000001,0.993,0.016249999999999876,1.0081,1.009,0.011074999999999988,0.02200000000000002,0.02610000000000002,0.013857308540982983,0.14411159268809265,0.2839999999999945,0.3539999999999935,0.0,0.0,0.2976268235673889,0.15991055738774915,0.41982622508302503,0.4833690695833024,1.0170545708073098,0.0,186.7747079596292,354.49907805834926,22.765,37.897,41.1585,0.1482812048282418,884.0811920378965,0.14966814938517423,0.4061421850601528,1.538461538461539,0.35727933200680045,8.468001824032234,0.867600144123458,0.2910157104554442,0.14862336429361653,0.21248766753110027,0.34787325771983885,0.7461634334401199,4.0,2.1052631578947385,0.4499999999999999,0.18027756377319834,0.4006168083848853,0.4220609415996008,0.6799164183524987,0.33181246857871394,1.0493324239464996
14_small_natural_swing,ARM_SWING__14_small_natural_swing,ARM_SWING,0,5,11.0,13.0,40,0.012351450657041596,11.292165595941013,0.05400000000000005,46.970000000000006,0.1425641025641026,0.4399999999999941,1.5000000000000007,0.536198924213706,0.09039736289092122,0.2920953943636534,0.9918250000000001,0.9924999999999999,0.017249999999999988,1.0081,1.0121,0.012074999999999999,0.023100000000000023,0.025150000000000013,0.014682472543819049,0.1087904298402726,0.27599999999999897,0.3599999999999945,0.0,0.0,0.3033971984101374,0.15225113082963543,0.5274832063101504,0.5404574043838647,0.6066300355241362,0.0,157.60624787595285,257.10010909115215,28.492499999999996,42.407,43.305499999999995,0.07149494530366383,914.2380040601399,0.0543296390146095,0.38731537290269125,0.512820512820513,0.5766182443663429,6.496813580488385,0.727586825763448,0.20248842827003458,0.5437676393433429,0.06499363426015013,0.1887502981264723,0.11261978472660918,4.0,2.1052631578947385,0.48333333333333367,0.22546248764114524,0.46647411236098985,0.5343170432147276,0.7345274248261057,0.40625271638237814,1.293170867176162
14_small_natural_swing,ARM_SWING__14_small_natural_swing,ARM_SWING,0,6,13.0,15.0,40,0.010383634806505466,13.826251647333223,0.04800000000000004,57.48,0.15743589743589775,0.519999999999993,2.500000000000001,0.39202681130522016,0.04238312389256879,0.1670745664361857,0.9900249999999999,0.989,0.014249999999999985,1.0010999999999999,1.0024,0.011925000000000002,0.022200000000000022,0.02505000000000002,0.01430471950091998,0.1293855509039783,0.27200000000000624,0.41200000000000747,0.0,0.0,0.2735176360646849,0.14710683619503317,0.4836522432546193,0.5344303021598903,0.6212889826803539,0.0,175.50397952678034,265.29614658687683,25.972500000000004,41.178000000000004,46.248999999999995,0.22891121345285698,1331.542557589845,0.20152297922856008,0.4822708852295541,2.051282051282052,0.564024056592729,6.588024806099358,0.7956037758577916,0.112392872463432,0.2119239508371353,0.4084496246177262,0.2672335520817063,0.22419067435163606,4.0,2.1052631578947385,0.4666666666666668,0.11547005383792475,0.2474358296526958,0.5074671503845825,0.5669758653990233,0.3784724351964763,1.1892375338143324
14_small_natural_swing,ARM_SWING__14_small_natural_swing,ARM_SWING,0,7,15.0,17.0,40,0.012235299918782703,12.03995995180323,0.05900000000000005,41.65,0.14461538461538403,0.45999999999999386,2.000000000000001,0.504079249385892,0.09834461861884197,0.4837815154836943,0.9893000000000001,0.989,0.014000000000000012,1.0070999999999999,1.00815,0.0137,0.022200000000000022,0.0264,0.016138463371709228,0.11447468471804265,0.3040000000000041,0.3219999999999955,0.0,0.0,0.24786286899046744,0.1064246618699091,0.3693095978858212,0.4022595398637522,0.4870318264754286,0.0,134.3699884406122,204.4111173356912,26.640500000000003,42.081,43.7715,0.1329241023080922,984.0347218068924,0.12712123059129407,0.5086592156435805,1.025641025641026,0.5609105686267308,4.397586853060055,0.6012582623008419,0.09116840297548504,0.7448226390131725,0.05312033251362496,0.1108886254977176,0.022691148415236673,4.0,2.1052631578947385,0.31666666666666704,0.028867513459480673,0.09116056881941255,0.3665246924530707,0.5095639018978722,0.25426164888244224,0.8192220054645298
14_small_natural_swing,ARM_SWING__14_small_natural_swing,ARM_SWING,0,8,17.0,19.0,40,0.010951524890895188,7.260093941435024,0.039999999999999925,25.380000000000003,0.11333333333333313,0.41999999999999216,1.0000000000000004,0.3700581767263476,0.07909470794510365,0.22024318546232063,0.99175,0.99,0.018749999999999822,1.0053999999999998,1.01005,0.011649999999999983,0.02200000000000002,0.02300000000000002,0.013601470508735444,0.08817844746019902,0.22399999999999706,0.24200000000000993,0.0,0.0,0.21576233961255994,0.10692076498039081,0.31696055920546445,0.36241085961768615,0.6199999999999918,0.0,134.01198581244887,211.0561620036257,18.117250000000002,26.021,26.93049999999999,0.3493109292786304,662.9299585001972,0.20868412975297623,0.4941197859597762,0.512820512820513,0.3194834528925706,2.6586139283519383,0.6266534280201745,0.35015207350724536,0.2992110955391719,0.2253399052353843,0.12529692571819817,0.014225383964164038,5.0,2.631578947368423,0.375,0.21794494717703325,0.581186525805422,0.3623028116923614,0.48284378063074274,0.27506409553103167,0.75728133272554
14_small_natural_swing,ARM_SWING__14_small_natural_swing,ARM_SWING,0,9,19.0,21.0,40,0.01162788425758066,7.231146928215184,0.04699999999999993,25.299999999999997,0.1517948717948715,0.5600000000000324,2.500000000000001,0.43361830008993574,0.05655464008678357,0.1144326866549096,0.9878499999999999,0.9864999999999999,0.014000000000000012,1.0021,1.01505,0.014800000000000004,0.025100000000000025,0.02710000000000002,0.01671675805890605,0.14816192768425668,0.363999999999993,0.4859999999999934,0.0,0.0,0.28742523757245464,0.16610733526138718,0.5691945327458,0.5926648942566685,0.7293833011524089,0.0,103.87909105311392,159.26055339941746,19.5625,28.081,29.356499999999997,0.17201117383508244,621.8798508852481,0.1634157166123112,0.42313047183408126,2.5641025641025648,0.42481905191473895,8.574539553662355,0.7574514340044854,0.20008545652048182,0.10638520846310445,0.44144399196197387,0.25208534305444,0.15210132116197245,4.0,2.1052631578947385,0.5999999999999991,0.4769696007084755,0.7949493345141271,0.5651779449164969,0.6376892218002229,0.37175704876474236,1.0737429756477308
14_small_natural_swing,ARM_SWING__14_small_natural_swing,ARM_SWING,0,10,21.0,23.0,40,0.009958889856780583,8.346826784580765,0.06099999999999994,28.5,0.11897435897435926,0.5199999999999908,1.0000000000000004,0.4446387357908656,0.047940543927589105,0.1180196483971055,0.9884999999999999,0.989,0.00824999999999998,0.9951,0.9975499999999999,0.01305000000000001,0.020300000000000012,0.029350000000000005,0.01513109381373337,0.11405896147895263,0.28000000000000025,0.305999999999994,0.0,0.0,0.22545788185983398,0.128511825872359,0.39303938556185614,0.4466317807833564,0.6723094525588555,0.0,79.33796896502136,131.33315197381472,16.851750000000003,28.675000000000004,30.312,-0.08256783061815358,838.1282356384097,0.06388386489104969,0.5283476198500162,0.512820512820513,0.5468833493561777,5.8457354654637195,0.7646433009352316,0.351855606859824,0.2692600429701408,0.11951644737741107,0.2593679027926242,0.15958660235611308,4.0,2.1052631578947385,0.5333333333333338,0.23094010767585052,0.43301270189221935,0.3950065559889856,0.5009771139335901,0.29803602933857515,0.7698648271561599
14_small_natural_swing,ARM_SWING__14_small_natural_swing,ARM_SWING,0,11,23.0,25.0,40,0.009144109775683125,8.585198293783886,0.04700000000000004,30.42,0.16564102564102662,0.640000000000037,1.5000000000000007,0.40985718960900613,0.018080408304476752,0.1937675848480906,0.9897750000000001,0.9875,0.010249999999999981,1.0001,1.0062,0.011875000000000007,0.019300000000000022,0.022050000000000018,0.013640931053267599,0.1406712268450057,0.28799999999999626,0.4819999999999936,0.0,0.0,0.2661730360780232,0.18126199994653025,0.3923052021035101,0.5667541336974763,1.0825894882180114,0.0,82.10905306680772,146.88186637770983,20.000999999999998,30.631999999999998,30.967499999999998,0.08487531401886472,938.8774308697006,0.21099007116051122,0.5035840441454502,2.051282051282052,0.4343399756948274,11.65461039071069,0.9040306527740907,0.07717685678610196,0.1624105494489798,0.20995998027767454,0.5504526134872437,1.2179707820816796,3.0,1.5789473684210538,0.5249999999999986,0.38890872965259915,0.7407785326716194,0.6905917319168206,0.5402356982857075,0.4261691497262941,0.8972092260865921
14_small_natural_swing,ARM_SWING__14_small_natural_swing,ARM_SWING,0,12,25.0,27.0,40,0.007935638536019581,8.51513313128983,0.03500000000000003,32.22,0.09282051282051262,0.2599999999999965,1.0000000000000004,0.5827984580850214,0.03432475081814129,0.30252442996742684,0.9890000000000001,0.987,0.01100000000000001,1.0,1.00035,0.011750000000000007,0.01910000000000002,0.020100000000000014,0.013505554412907315,0.07085748179300332,0.1839999999999976,0.20599999999999735,0.0,0.0,0.2783976085370637,0.21837293612876527,0.42235747770687077,0.5056495024288447,1.29367693030368,0.0,100.11955143307149,156.76437249155393,14.792750000000002,28.795000000000005,32.58899999999999,-0.15852936440775114,1073.0243184136907,0.1991468752659757,0.020384141796543704,0.512820512820513,0.3648927974476661,13.21190769259124,0.661301344691392,0.418021682603516,0.26326554497736615,0.19013574075246809,0.12857703166664944,0.37097154266186705,2.0,1.0526315789473693,1.1499999999999986,0.0,0.0,0.8617803177538826,0.7266763973608378,0.6450424642694904,1.0268335462654337
14_small_natural_swing,ARM_SWING__14_small_natural_swing,ARM_SWING,0,13,27.0,29.0,40,0.013456387292819675,10.617066993217172,0.051000000000000045,37.26,0.1430769230769227,0.6399999999999915,1.0000000000000004,0.38405123937136715,0.08849792114812813,0.2458141576629517,0.99095,0.9875,0.02224999999999988,1.0090999999999999,1.01005,0.013599999999999998,0.025300000000000027,0.030200000000000015,0.016076380189582486,0.14998515446104643,0.36000000000001436,0.4439999999999941,0.0,0.0,0.30211846618610577,0.17476697742880926,0.5259643756790439,0.5543860974785486,0.7623647421018797,0.0,108.84521162065819,178.58754046062577,23.5225,37.885000000000005,41.00749999999999,0.46769307145761196,788.99832192571,0.0437743637625499,0.3762407895945881,0.512820512820513,0.6148474027910253,13.625500493460297,0.7478917868983301,0.34581173690515354,0.22599505971643438,0.2900586949611069,0.13813450841730487,0.1900210935254724,5.0,2.631578947368423,0.4499999999999993,0.18708286933869686,0.4157397096415492,0.5907042841906015,0.6713029155690103,0.45705249535194625,1.2972189086653076
15_slow_cadence_02,ARM_SWING__15_slow_cadence_02,ARM_SWING,0,0,1.0,3.0,40,0.07051057385698281,25.676137369010696,0.32400000000000007,106.61999999999999,0.616410256410257,2.20000000000001,1.0,0.5871152174326315,3.683986765440009,0.27125099085652815,1.00205,0.989,0.06574999999999986,1.0827,1.1416,0.05225,0.1216,0.14159999999999998,0.0696537866881622,0.5352790083070174,1.3479999999999988,1.584000000000004,0.0,0.0,1.1773711757493293,0.6498438570770823,2.102453752744294,2.26675499898851,3.125955853814969,0.0,346.2058422873431,632.151276250138,55.28824999999999,80.82300000000002,96.79099999999998,0.4403174915385914,364.14591407367953,0.10834832389250411,0.3469492903563558,0.5128205128205128,0.45797242278212397,133.34358419708664,0.54298881571317,0.6555359041582405,0.09734838773716037,0.20340256231948806,0.043713145785111054,0.1343288586743246,4.0,2.1052631578947367,0.5666666666666667,0.4193248541803042,0.7399850367887721,2.2983910403695376,2.527174155798151,1.7077006323178416,4.91772277122151
15_slow_cadence_02,ARM_SWING__15_slow_cadence_02,ARM_SWING,0,1,3.0,5.0,40,0.08524269650645919,25.426406714229913,0.29799999999999993,86.34,0.632307692307692,2.1800000000000073,1.0,0.6969442187611006,5.325009843105514,0.2206544091084129,1.001875,1.0114999999999998,0.122,1.0931,1.1112,0.068675,0.13160000000000002,0.15264999999999998,0.08419130002559647,0.5856101700406693,1.464000000000008,2.1239999999999926,0.0,0.0,1.111595998208539,0.6267505827659574,2.231282331476251,2.40234562750441,2.7830918058878424,0.0,351.8216322844278,589.868836244433,61.91825,95.38300000000001,95.98449999999998,0.569245885881481,298.2825245597815,0.19950281317585444,0.4679297406659827,2.051282051282051,0.45800522318135967,164.68848264108144,0.45045268921571,0.8107627325184935,0.0928043048623119,0.042398964250069164,0.05403399836912536,0.023697160501397644,3.0,1.5789473684210524,0.5249999999999999,0.17677669529663625,0.33671751485073576,2.361971355202512,2.3362667029143616,1.255689915014182,3.7849868545879746
15_slow_cadence_02,ARM_SWING__15_slow_cadence_02,ARM_SWING,0,2,5.0,7.0,40,0.07694533107576428,24.081748083750703,0.32000000000000006,79.08,0.6974358974358976,2.039999999999973,1.0,0.5641709024185558,4.29124545081689,0.1362632741204604,1.003925,1.0274999999999999,0.09175,1.073,1.107,0.060075,0.12940000000000002,0.15814999999999996,0.07607874210316572,0.5205701224250902,1.432000000000007,1.6960000000000062,0.0,0.0,1.0737205749909045,0.5774864078329123,1.7162385921143941,2.2204385050982776,2.673574386472172,0.0,347.02272530568433,595.5622985509518,56.11199999999999,84.86,88.0675,0.5439073296627261,312.97218098962486,0.24587592968889954,0.4595832674412747,2.051282051282051,0.7769720547866059,96.08951345285207,0.48232119607381835,0.7172446006161078,0.21378377060769252,0.0158679551731371,0.05310367360306266,0.019377916612515107,5.0,2.6315789473684204,0.36250000000000004,0.17969882210706536,0.4957208885712147,1.8515534317043758,2.0922473042620293,1.2251151945198016,3.652483207765838
15_slow_cadence_02,ARM_SWING__15_slow_cadence_02,ARM_SWING,0,3,7.0,9.0,40,0.07471061692993361,22.99030500238229,0.281,92.89999999999999,0.5569230769230777,1.180000000000003,1.0000000000000004,0.5142105546251161,4.203150537482397,0.12011242716696059,1.0086249999999999,1.0194999999999999,0.0857500000000001,1.0965,1.10405,0.058524999999999994,0.1137,0.1566,0.07427331283846171,0.34918064881386796,1.0560000000000158,1.1620000000000015,0.0,0.0,0.9384766920162292,0.3500976722042943,1.3479915541175118,1.528515579007082,1.7135927170713943,0.0,304.0972091079906,551.9429823793738,59.593,83.85300000000001,91.7515,0.5996972560615365,307.7247377563948,0.22394617852474685,0.3725966235423508,1.025641025641026,0.5787056089935746,26.15841208990064,0.506416738051184,0.786298065196074,0.09692375428039642,0.09545971439386454,0.021318466129664836,0.0643806957243826,5.0,2.6315789473684217,0.40000000000000013,0.17320508075688787,0.4330127018922195,1.444727737280617,1.8927826537254693,0.933612787792237,3.292423372306023
15_slow_cadence_02,ARM_SWING__15_slow_cadence_02,ARM_SWING,0,4,9.0,11.0,40,0.06634484502610932,21.854523205764114,0.27400000000000013,86.06,0.47076923076923094,1.2000000000000266,0.5000000000000002,0.38316700882464394,3.159232804956609,-0.008231710336302548,1.01055,1.0295,0.05799999999999994,1.0774,1.0945,0.0526,0.1106,0.1432,0.06635435177891501,0.3351306470725817,0.9079999999999863,1.0119999999999865,0.0,0.0,0.8214449146641066,0.30588533432639037,1.1827168046737964,1.2768083002433157,1.7146428199482626,0.0,337.806027433994,514.5990118083887,68.48525,91.583,95.591,0.4828576372705162,329.4080074670985,0.15047998923552247,0.41005829653122,2.051282051282052,0.3138928798099634,31.43089275001412,0.638905906054263,0.6186718438021175,0.24390872518605647,0.07860853987735224,0.058810891134473714,0.747485656599798,3.0,1.5789473684210538,0.75,0.21213203435596475,0.2828427124746197,1.3973457168964984,1.6006360499395706,0.9153915632658721,2.523628755429052
15_slow_cadence_02,ARM_SWING__15_slow_cadence_02,ARM_SWING,0,5,11.0,13.0,40,0.07084826690242271,25.753207811146606,0.27400000000000013,85.76,0.4482051282051303,1.4800000000000306,0.5000000000000002,0.6677284571850376,3.594568261005848,0.028901979775193636,0.9896,1.0015,0.10849999999999982,1.0733,1.0863,0.05790000000000001,0.1093000000000001,0.14049999999999999,0.070725879280501,0.38073939004377555,0.9280000000000136,1.2100000000000222,0.0,0.0,0.8989514603473153,0.5310259336921609,1.4190281588372646,1.5456024951338316,2.9681644159312293,0.0,432.6723156974727,791.6720038573045,61.0105,91.81700000000001,95.95199999999998,0.5820002100770759,363.4980633558159,0.18758572237601298,0.3192108417951926,1.025641025641026,0.36271348751847377,93.65843169353656,0.4545457124695725,0.8068514914417191,0.10800000073324838,0.03830650129429374,0.046842006530738826,0.31024757837066225,4.0,2.1052631578947385,0.43333333333333357,0.05773502691896237,0.13323467750529772,1.760913456234109,2.0701208861924427,1.4310919573334369,3.3681414741430653
15_slow_cadence_02,ARM_SWING__15_slow_cadence_02,ARM_SWING,0,6,13.0,15.0,40,0.0556830775748353,19.99930642387124,0.20399999999999996,69.72,0.3964102564102561,0.9799999999999848,0.5000000000000002,0.47831068355205636,2.204024804781334,0.025035973126833626,1.0074,1.025,0.06824999999999992,1.0619,1.0712,0.045899999999999976,0.08839999999999999,0.11519999999999998,0.05547837416507443,0.27202444916710783,0.7800000000000119,0.9219999999999855,0.0,0.0,0.8170682348262156,0.37659067845889016,1.2344230094068576,1.3735493102182483,1.7501999885727109,0.0,351.4674105586898,599.5571186190672,64.002,87.191,90.985,0.5742218461553369,359.1630939757804,0.15817742230835552,0.3735153987641569,1.538461538461539,0.5588637553240604,28.54739785604095,0.5779096750578518,0.7108611147721182,0.193095697181217,0.024388891444099656,0.07165429660256545,0.6207241861082913,5.0,2.631578947368423,0.4125000000000001,0.19311050377094024,0.4681466758083399,1.2845280568642758,1.833630141763538,1.077264980165589,3.344653746981911
15_slow_cadence_02,ARM_SWING__15_slow_cadence_02,ARM_SWING,0,7,15.0,17.0,40,0.06075826418411463,18.709266453229763,0.252,72.4,0.4794871794871825,1.5600000000000878,1.0000000000000004,0.34839738495180594,2.6414626357986277,0.033623379970008284,1.0026499999999998,1.0185,0.04749999999999999,1.0562,1.05905,0.04484999999999998,0.08859999999999998,0.13579999999999998,0.0600524770513257,0.4230089504960099,1.128000000000001,1.1919999999999842,0.0,0.0,0.9858073063550745,0.6164835387468491,1.9219764170152014,2.1926473611810082,2.708874304946768,0.0,361.77643003197045,858.6233677653224,57.94475,76.38900000000001,79.398,0.5423907340439503,307.9295747576893,0.21087419250674666,0.33358656363186157,1.025641025641026,0.7128311144335616,115.78124741769453,0.6340153158409011,0.5610707657473539,0.3396413272299674,0.0538665367743705,0.04542137024830793,0.391981011807394,4.0,2.1052631578947385,0.5833333333333327,0.35118845842842533,0.6020373573058726,1.985948966377245,2.2843843264265806,1.730501228849875,5.343558730533104
15_slow_cadence_02,ARM_SWING__15_slow_cadence_02,ARM_SWING,0,8,17.0,19.0,40,0.055450578596320035,16.879735962207647,0.28200000000000014,62.58,0.4599999999999982,2.099999999999972,0.5000000000000002,0.536179019504377,2.1098113890625956,0.09187051091640079,1.00555,1.023,0.05049999999999988,1.047,1.06935,0.04289999999999998,0.08509999999999998,0.09910000000000002,0.05503362608442223,0.4375770608824492,1.0319999999999883,1.1180000000000538,0.0,0.0,0.7719309134229172,0.4651424210638752,1.1993423748287977,1.429678430301282,2.7059933481070844,0.0,359.4462460370931,718.8901529241322,53.431,73.542,76.5855,0.495649231423407,304.4104568338601,0.1808535756459414,0.45886046782491396,1.538461538461539,0.3840024180680054,43.79788061747073,0.6117173416272303,0.6915631601698712,0.13449440679883584,0.0903102355205359,0.08363219751075708,0.4413538508978899,5.0,2.631578947368423,0.4375,0.3145764348029468,0.719031850978164,1.1407759603815921,1.6194132798405236,0.9758805511048296,2.7700020313975315
15_slow_cadence_02,ARM_SWING__15_slow_cadence_02,ARM_SWING,0,9,19.0,21.0,40,0.0535742714752386,19.418209264132493,0.24,68.46,0.4887179487179497,1.1800000000000659,1.0000000000000004,0.4512444198109015,1.8618224325424073,0.09052613100656735,1.0110500000000002,1.0234999999999999,0.052750000000000075,1.0705,1.0882,0.043349999999999986,0.09320000000000009,0.11099999999999999,0.054042113208126866,0.33837988218770615,1.0439999999999843,1.0839999999999856,0.0,0.0,0.9800144619138974,0.5914766205982532,1.4026675535078656,1.8608523382426136,3.3807099846037776,0.0,328.825301482326,553.0705085516591,57.880500000000005,77.374,78.46300000000001,0.4620613186296847,362.45400505553044,0.06818105189219423,0.3783247892363974,0.512820512820513,0.307599169193951,103.95540499809204,0.6128465732947965,0.6902139012599886,0.15269009134969835,0.014275631604960842,0.142820375785352,0.09420894505327321,3.0,1.5789473684210538,0.25,0.0,0.0,2.172471671205106,2.1724762766768153,1.7492864428456008,3.838512766614824
15_slow_cadence_02,ARM_SWING__15_slow_cadence_02,ARM_SWING,0,10,21.0,23.0,40,0.07443640806859132,25.312111622851468,0.27400000000000013,85.77,0.6271794871794889,1.920000000000111,0.5000000000000002,0.4653432458364359,3.7564486256931104,-0.03249696452236692,0.9921249999999999,1.0135,0.08574999999999999,1.0624,1.0769,0.057475,0.1275,0.14034999999999995,0.0739207345742722,0.4410630025288208,1.1559999999999855,1.4760000000000715,0.0,0.0,0.9279903387446933,0.5908184180187116,1.6386504885549236,1.8349330234033143,3.423448553724932,0.0,360.927136243439,582.3055745001044,62.10274999999999,87.78099999999999,94.7435,0.5507201259614214,340.05014857147563,0.13023544401285525,0.39934503063551413,1.025641025641026,0.3251255343094968,62.43006494802228,0.6449217039829679,0.467980632694096,0.25815050136792667,0.1790115989383374,0.09485726699964009,0.13316587948065917,5.0,2.631578947368423,0.40000000000000036,0.24832774042918823,0.62081935107297,2.0009928198521165,1.7377040472359795,1.3829216538104154,2.5740770214602704
15_slow_cadence_02,ARM_SWING__15_slow_cadence_02,ARM_SWING,0,11,23.0,25.0,40,0.062475656797729574,24.18942686487801,0.2480000000000001,81.24000000000001,0.43948717948717814,1.779999999999974,0.5000000000000002,0.4910878380323911,2.6961869679783206,-0.031194034360955882,1.01135,1.032,0.07650000000000001,1.066,1.06915,0.05335000000000001,0.1034000000000001,0.12409999999999999,0.06272519430021721,0.3809541256948606,0.9999999999999849,1.1719999999999824,0.0,0.0,0.876784424998695,0.5236590345853307,1.4519836350409083,2.154938080675921,2.4307200579251886,0.0,366.38696457357076,699.9651851397607,68.1235,97.215,102.7755,0.48338868335336493,387.18163369123755,0.35090435827931094,0.353758943515744,2.5641025641025648,0.5308977363005346,62.48081287981623,0.5449377726267568,0.5372760520780655,0.3572314217393453,0.04953441588962848,0.055958110292960675,0.22301440800441588,4.0,2.1052631578947385,0.4166666666666667,0.10408329997330612,0.24979991993593467,2.0192264603695227,1.917171013662731,1.3457340036597498,3.548201387230625
15_slow_cadence_02,ARM_SWING__15_slow_cadence_02,ARM_SWING,0,12,25.0,27.0,40,0.06255151210535735,21.085411068696228,0.22199999999999998,67.07,0.34820512820513055,1.1599999999999824,0.5000000000000002,0.4750140685211245,2.9631657867506247,0.1078643644720276,1.013775,1.0425,0.06775000000000009,1.068,1.0682,0.05482499999999999,0.08919999999999997,0.1353,0.06328210647568552,0.30083105763230433,0.6879999999999915,1.0420000000000602,0.0,0.0,1.0162877901315093,1.1400970177733845,1.29332799995873,1.7939425421821644,6.411084151686411,0.02564102564102564,388.89907575286,763.6582273801772,60.561249999999994,84.36999999999999,85.9615,0.3087996416999728,337.0887506793033,0.06762278818506093,0.5293100244090367,1.025641025641026,0.3176767406769656,460.7836312870746,0.4670405410156471,0.8396801250992544,0.11532299663626842,0.033516018749366605,0.011480859515110747,0.8110803383233588,1.0,0.5263157894736846,0.0,0.0,0.0,6.411084151686411,2.4994257004427354,3.2517631570596213,3.273825430837085
15_slow_cadence_02,ARM_SWING__15_slow_cadence_02,ARM_SWING,0,13,27.0,29.0,40,0.05390920667291037,21.333176941033322,0.2280000000000001,74.9,0.44051282051282076,1.0799999999999856,0.5000000000000002,0.3717510102718548,2.06523001814317,0.002254285484891194,1.01205,1.021,0.047499999999999876,1.0693,1.0743,0.04369999999999998,0.08959999999999999,0.10495000000000003,0.05457792594080504,0.31641036577228066,0.9839999999999852,1.0439999999999838,0.0,0.0,0.729024704617815,0.44814225367853683,1.1544104920692213,1.6899712755447098,2.2094343167426036,0.0,443.6002362576754,960.3795527173006,62.27225000000001,86.36399999999999,87.432,0.5131509900028337,395.72418623168767,0.213205106813165,0.5467060912566338,2.5641025641025648,0.5886153215181651,74.13385515328156,0.6154748799717317,0.5537685913886574,0.358816551853092,0.022380697211119842,0.06503415954713075,0.632129821614081,5.0,2.631578947368423,0.41249999999999964,0.1108677891304171,0.2687703978919205,1.4288004350132542,1.4208131476208974,1.1991758629048372,2.1139749723879797
16_slow_cadence_03,ARM_SWING__16_slow_cadence_03,ARM_SWING,0,0,1.0,3.0,40,0.05767832437375502,27.328418287375207,0.235,92.88000000000001,0.5620512820512821,1.6399999999999977,1.5,0.46955298862675954,2.4253138885048378,0.2340742864211677,1.0109249999999999,1.011,0.07224999999999993,1.08,1.0911,0.04637499999999998,0.09359999999999997,0.10954999999999995,0.057991163119909914,0.3409211939126684,0.9639999999999966,0.9820000000000024,0.0,0.0,0.955751474736943,0.5819347409376869,1.6765795632978981,2.3202791676948493,2.4837069070242426,0.0,371.2934261598528,539.7511684631359,55.25475,88.738,90.05949999999999,0.5872152806904601,473.8074239169519,0.06023139495676606,0.4897101951734987,0.5128205128205128,0.39774984308223477,109.5308871105346,0.5155052190875101,0.44789834767649395,0.46221189664037515,0.042671046375440225,0.04721870930769063,0.0031066632665782295,2.0,1.0526315789473684,1.3,0.0,0.0,2.46745534646105,1.9715886699652236,1.6609972675951576,4.026972194010395
16_slow_cadence_03,ARM_SWING__16_slow_cadence_03,ARM_SWING,0,1,3.0,5.0,40,0.04830107898141852,23.67218626363015,0.21099999999999997,96.49000000000001,0.5133333333333338,2.000000000000009,1.5,0.36858917833660715,1.4443121021919922,0.07755533702562818,1.004675,1.008,0.06125000000000003,1.0554,1.06355,0.03917499999999998,0.07519999999999996,0.08354999999999993,0.047922072158870586,0.4026316936131022,0.9960000000000045,1.1619999999999957,0.0,0.0,0.8907814186768889,0.46944059938846094,1.3178991639960018,1.7669912166971224,2.11707345172529,0.0,318.41245809448446,542.7644463695415,56.987750000000005,86.44900000000001,99.43799999999999,0.452463625730351,490.09642771617723,0.18251454381374432,0.42615923186147486,1.0256410256410255,0.5597109361846706,56.661058409273444,0.7410837411738697,0.35042772859854965,0.4351080387967538,0.02407832641084954,0.19038590619384713,0.058288209904386136,4.0,2.1052631578947363,0.4333333333333333,0.2516611478423584,0.580756495020827,1.6936877570193893,1.848528998053608,1.1033873017060245,3.325216224198041
16_slow_cadence_03,ARM_SWING__16_slow_cadence_03,ARM_SWING,0,2,5.0,7.0,40,0.03913159094972258,16.484585478483705,0.16200000000000003,57.16,0.3687179487179487,0.8200000000000058,2.0,0.4472154000844215,1.0376378149882102,0.09955452509817636,0.9954750000000001,0.997,0.05900000000000005,1.0347,1.0593,0.03202499999999999,0.05960000000000005,0.07435000000000004,0.038903406020553005,0.2273321183594322,0.6440000000000025,0.7300000000000032,0.0,0.0,0.6187228681872389,0.28462803440834994,0.8842852032993752,1.0966790160315476,1.3630847369111028,0.0,211.64153601729134,349.9383761390848,38.48825,57.735,60.085,0.39548811580236337,421.260293241427,0.18406847296147077,0.5477611185193161,0.5128205128205128,0.753348819392478,30.95384298222413,0.6203415073543639,0.3302842761836049,0.49251211769337705,0.055254484152853486,0.12194912197016455,0.07606728119434844,3.0,1.5789473684210524,0.3999999999999999,0.07071067811865513,0.17677669529663786,1.1856292189507116,1.2826727784397305,0.7652102436987737,2.2081148613800474
16_slow_cadence_03,ARM_SWING__16_slow_cadence_03,ARM_SWING,0,3,7.0,9.0,40,0.05591655298242101,21.602180906933853,0.238,73.54,0.5466666666666666,1.580000000000033,1.0000000000000004,0.4428455684259246,2.0917478515651453,0.05262596843400789,1.003175,1.01,0.05624999999999991,1.0534,1.0658999999999998,0.04137499999999998,0.08669999999999999,0.12535,0.055304384997936634,0.4015321533519319,1.0479999999999907,1.4620000000000015,0.0,0.0,0.8276358403262335,0.4685739203744242,1.3006353017829686,1.6140578818381168,2.6312734559524684,0.0,270.92714899964255,398.39831933148776,52.09825000000001,75.326,76.527,0.5335814138642279,386.3289089677099,0.13072415627743295,0.4126989334497539,2.051282051282052,0.39836444226084294,94.20692001816337,0.6243504699615133,0.5789642889784369,0.2849827977766602,0.07813891912814623,0.057913994116756656,0.14891636094433225,2.0,1.0526315789473688,0.8499999999999996,0.0,0.0,1.9712280640995758,1.5466696262822128,1.1022088270459653,2.4486893556174403
16_slow_cadence_03,ARM_SWING__16_slow_cadence_03,ARM_SWING,0,4,9.0,11.0,40,0.04815023896950578,21.05171750712991,0.20800000000000007,66.41999999999999,0.4153846153846162,1.260000000000028,1.5000000000000007,0.46010720454496284,1.7278980419962036,0.11728162520477511,1.005375,1.0190000000000001,0.05225000000000002,1.0513,1.05505,0.037874999999999985,0.07630000000000006,0.11024999999999997,0.047847413723209734,0.29212331709171285,0.7280000000000145,1.0580000000000171,0.0,0.0,0.6694203103936937,0.2750493483600108,1.012105001422019,1.153011990901238,1.3370115930686899,0.0,280.5446251564831,441.6867050875121,47.945499999999996,73.294,73.693,0.42178155322472005,437.20899330244777,0.22881983009503085,0.5470958887850657,1.025641025641026,0.4324328965470069,19.48356996233483,0.5701487680273793,0.38686469933479745,0.5162960943962537,0.07208164846116344,0.02475755780778556,0.02375830105120575,3.0,1.5789473684210538,0.6000000000000005,0.14142135623731025,0.23570226039551687,0.9253541020030244,1.2712533667005543,0.7163952188118039,2.286148640043236
16_slow_cadence_03,ARM_SWING__16_slow_cadence_03,ARM_SWING,0,5,11.0,13.0,40,0.04034605912824061,15.000728869043801,0.18800000000000006,67.28,0.43384615384615316,2.2799999999999696,1.5000000000000007,0.3739674374937741,1.053383750670953,0.2224120108294366,1.000875,1.0005,0.03975000000000006,1.0512,1.05715,0.030374999999999996,0.06000000000000005,0.08704999999999996,0.039848149266935855,0.4492368697938587,0.8439999999999865,0.9339999999999963,0.0,0.0,0.7490240869248332,0.4942818759800694,1.028199674232727,1.1808998770938803,2.80185652737605,0.0,257.50838596338536,391.99493991515607,45.13475,61.766000000000005,63.169999999999995,0.2989673737206871,371.8015883872013,0.13916552737549154,0.3969686663804823,0.512820512820513,0.3854777640493042,66.39553437534919,0.6977875366236788,0.26455469641814516,0.5412373291958646,0.08492412682899204,0.1092838475569978,0.06122377710218509,2.0,1.0526315789473693,0.29999999999999893,0.0,0.0,1.9256186485818323,1.546242802222208,0.9475312595251293,2.626580538331497
16_slow_cadence_03,ARM_SWING__16_slow_cadence_03,ARM_SWING,0,6,13.0,15.0,40,0.047363291801313906,18.656628984468295,0.19400000000000006,64.11,0.39641025641025673,1.1600000000000235,1.0000000000000004,0.3898698811451263,1.5708272484761938,0.10189188142713355,1.0002749999999998,1.004,0.05300000000000005,1.053,1.05525,0.03532499999999998,0.07910000000000007,0.10164999999999995,0.04676831192164198,0.33875536258709094,0.9719999999999872,1.08200000000002,0.0,0.0,0.5941647822297471,0.326599716809318,1.0949034430208329,1.2099263835408616,1.2664912159189878,0.0,208.38643339256515,366.0116031027505,43.31475,62.642,65.16449999999999,0.4843380872586698,393.9048211161442,0.23950137281438977,0.30275866246310107,1.538461538461539,0.35515128229369475,25.948454223999924,0.6376765887132582,0.5565620796191911,0.30722118243781066,0.04889973175721767,0.08731700618578063,0.4595259046616372,4.0,2.1052631578947385,0.48333333333333367,0.30138568866708426,0.6235565972422429,1.207256056364277,1.0354399310721718,0.6587658284880161,2.0024430009725993
16_slow_cadence_03,ARM_SWING__16_slow_cadence_03,ARM_SWING,0,7,15.0,17.0,40,0.053724749584793015,18.654652241636942,0.2260000000000001,72.89,0.4994871794871794,1.859999999999973,1.5000000000000007,0.27025887449936387,2.077183644843624,0.02294479050810331,0.9949000000000001,1.0105,0.03699999999999992,1.0377999999999998,1.04745,0.035099999999999985,0.08369999999999998,0.14245,0.05329352681142429,0.37600356043910754,0.8760000000000263,1.1279999999999835,0.0,0.0,0.74384801003376,0.466524534831311,1.406052343925147,1.8875947723525845,1.9525368114327315,0.0,248.11574003823253,457.0613336874573,45.681,68.158,71.2,0.39537349279153133,347.22641586620273,0.15685657038960638,0.15186718572216984,2.5641025641025648,0.42632038764181507,66.49570785991104,0.6494469492171817,0.431366495329691,0.4550407613101799,0.05141301117674032,0.06217973218338855,0.00781796325964926,4.0,2.1052631578947385,0.4833333333333331,0.18929694486000853,0.39164885143450057,1.5309218513003673,1.3829550267991262,1.133614918552699,2.6183688340241753
16_slow_cadence_03,ARM_SWING__16_slow_cadence_03,ARM_SWING,0,8,17.0,19.0,40,0.05439050987169144,15.522624429092739,0.22099999999999997,60.019999999999996,0.5076923076923098,1.6600000000000958,1.0000000000000004,0.4171869749431709,1.9215907331428952,0.13049840183870356,0.9940749999999999,1.0099999999999998,0.05700000000000016,1.0403,1.04525,0.03817499999999998,0.08280000000000001,0.13635,0.05403216634561305,0.4548595013758716,1.295999999999983,1.4599999999999786,0.0,0.0,0.8103992162083005,0.39979176502110286,1.4128001052035282,1.6225430557343055,1.7069270634681248,0.0,214.98156328312282,435.93471545911467,40.920249999999996,58.232,61.074999999999996,0.4578028410574381,285.3921477425197,0.16363981203976782,0.21712692501795605,1.025641025641026,0.3255064160181021,62.69528188975342,0.6958487790316044,0.5079412689090037,0.3127596966596976,0.023677387689119745,0.15562164674217885,0.2280157548985317,5.0,2.631578947368423,0.4499999999999993,0.07071067811865576,0.15713484026367971,1.3505027030207812,1.5037395807137268,0.8180257003806023,2.515441495206185
16_slow_cadence_03,ARM_SWING__16_slow_cadence_03,ARM_SWING,0,9,19.0,21.0,40,0.05595450876633669,17.650270788581587,0.21499999999999997,57.290000000000006,0.4933333333333351,1.8399999999999732,0.5000000000000002,0.47315815323835686,1.6599726093459988,0.08516747317634434,0.9893750000000001,0.9995,0.05824999999999991,1.0461,1.0523500000000001,0.04117499999999999,0.11299999999999999,0.11944999999999997,0.05626299849812485,0.40640486252099106,0.9440000000000007,1.2680000000000713,0.0,0.0,0.7102676883347987,0.38465543793300355,1.2175797284754717,1.3432198218931815,1.9399999999999717,0.0,226.54546208651263,364.53115949289264,42.44225,59.713,61.93599999999999,0.6826673987285126,315.4396522769641,0.19095830197041053,0.5653157933861644,2.5641025641025648,0.47829312129609025,37.26971752648657,0.6748944841365613,0.6067774908610797,0.06558411408252342,0.20584020339113052,0.12179819166526626,0.843675200616838,6.0,3.1578947368421075,0.35999999999999943,0.10839741694339414,0.3011039359538731,1.2909651793177457,1.1734582827919064,0.8002546829893307,1.9858873811384796
16_slow_cadence_03,ARM_SWING__16_slow_cadence_03,ARM_SWING,0,10,21.0,23.0,40,0.023206762940010527,17.011828823965324,0.10999999999999999,60.97,0.26974358974358914,0.7199999999999904,2.000000000000001,0.30330168839103266,0.33371863255642087,0.059985431068960045,1.0001,1.001,0.024500000000000077,1.0253999999999999,1.03245,0.01624999999999998,0.041399999999999944,0.0467,0.022915060549778172,0.18133259903002663,0.5079999999999916,0.659999999999989,0.0,0.0,0.46980259587684303,0.18299664329591647,0.6493991617822088,0.7747472056617214,0.8883692925805005,0.0,162.981150619789,265.28945537834795,43.41074999999999,61.355,62.41349999999999,0.29323820725259947,733.0547938952492,0.22242491912953044,0.4243735779366331,1.538461538461539,0.6374837396741264,7.382464943741219,0.7489356595402626,0.3716376251294176,0.37374776485116185,0.1560302795771937,0.09858433044222693,0.09886343314035133,4.0,2.1052631578947385,0.43333333333333357,0.16072751268321617,0.37090964465357557,0.8157971458323952,1.0205185171281894,0.4401367292993198,1.5564536638854602
16_slow_cadence_03,ARM_SWING__16_slow_cadence_03,ARM_SWING,0,11,23.0,25.0,40,0.038068460598081603,17.112798237741277,0.17400000000000004,58.760000000000005,0.45846153846154064,1.4999999999999778,1.5000000000000007,0.3026489377030052,0.8523111862343762,0.09674180940602245,1.0016500000000002,1.009,0.04125000000000012,1.0356999999999998,1.0482500000000001,0.02939999999999998,0.06399999999999996,0.08114999999999996,0.037625789028271545,0.3914718411701569,1.027999999999987,1.2459999999999907,0.0,0.0,0.6838297074506443,0.36079956227037513,1.1202985335967697,1.4125714539758518,1.6130716041143138,0.0,238.10014746541265,423.66480216524633,41.34075,60.677,62.20049999999999,0.30298750997831025,449.52693040084864,0.027187525316520217,0.5447188111766893,0.512820512820513,0.7628271107141859,47.52200630755203,0.7443575965258313,0.3960749547526219,0.35970741477884866,0.055230561082579364,0.18898706938595014,0.15465549514708204,3.0,1.5789473684210538,0.8249999999999993,0.31819805153394337,0.3856946079199317,1.3178100932981918,1.2085315560349277,0.6603364103643371,2.1621294613587487
16_slow_cadence_03,ARM_SWING__16_slow_cadence_03,ARM_SWING,0,12,25.0,27.0,40,0.03439454339549537,17.92390795407502,0.15600000000000003,65.81,0.3082051282051256,1.1599999999999846,0.5000000000000002,0.4290621238645873,0.7816124704181053,0.10063420639668506,1.0013,1.0059999999999998,0.021499999999999964,1.0413,1.0491,0.02364999999999997,0.05610000000000005,0.06554999999999986,0.033986762128805366,0.28435403983943414,0.6999999999999905,0.8239999999999889,0.0,0.0,0.5864799566303303,0.41561650967549946,0.9523519919286151,1.26058658179506,2.102474732309493,0.0,190.21850127073898,368.0363413234828,49.165749999999996,68.111,68.901,0.40746502163407883,521.1264981183759,0.24447678144156448,0.5221024974305065,1.538461538461539,0.3583653968400313,53.5643051627431,0.6239558141062395,0.493422786528696,0.3611212812230029,0.05485039431294986,0.09060553793535146,0.34492015195686654,4.0,2.1052631578947385,0.4166666666666667,0.2466441431158118,0.5919459434779483,1.2725864714645017,1.2619721384403313,1.1361507680641432,1.7247814418401786
16_slow_cadence_03,ARM_SWING__16_slow_cadence_03,ARM_SWING,0,13,27.0,29.0,40,0.038702274166268626,15.42593465355981,0.16200000000000003,52.559999999999995,0.32820512820512815,1.0400000000000578,0.5000000000000002,0.541013099897167,0.93175061369003,-0.008266386239226603,0.9876750000000001,1.0019999999999998,0.026499999999999857,1.0232999999999999,1.0271,0.026224999999999977,0.07139999999999998,0.09069999999999993,0.04015376694657674,0.2730613175294231,0.647999999999991,0.8239999999999892,0.0,0.0,0.5532262626163884,0.38773591771600596,0.9506003720569942,1.172851592257004,2.01791972090068,0.0,183.46691332824847,317.09322600958546,36.91375000000001,55.862,57.713,0.5487599287682813,398.5795405016392,0.19750312793795438,0.44189006051942575,1.025641025641026,0.2743698957380248,43.32006792076887,0.6495556806649673,0.5671585525986145,0.07072418799123313,0.2514817342491181,0.11063552516103427,0.3025185182011575,4.0,2.1052631578947385,0.5500000000000007,0.1322875655532314,0.2405228464604204,1.1957765142092878,1.0584210729028323,1.0630675932750493,1.640875035483577
17_fast_cadence_02,ARM_SWING__17_fast_cadence_02,ARM_SWING,0,0,1.0,3.0,40,0.22528901096489032,54.99562923192519,0.845,190.99,1.7128205128205127,5.680000000000018,1.0,0.5783424430811147,39.002526696205365,0.4749804289109744,1.0797,1.164,0.3190000000000002,1.2885,1.3295499999999998,0.21414999999999998,0.33120000000000005,0.3884499999999999,0.23630139652570822,1.4787725150093587,3.591999999999997,4.599999999999999,0.20512820512820512,0.05128205128205128,2.8870233802397647,1.4760789459347483,5.150348987003407,5.704745225012215,7.179470732581856,0.1282051282051282,959.7766968158784,1336.9906437997745,111.00249999999998,194.536,206.941,0.42433973687620286,244.1114593045813,0.34161085297253785,0.4561171675437496,1.0256410256410255,0.7590772506837706,521.466491995422,0.3383831018424777,0.5710823132829507,0.38525501977113097,0.029662640073075102,0.014000026872843142,0.6628046983832165,5.0,2.631578947368421,0.4,0.19999999999999996,0.4999999999999999,5.430324351226102,4.729702249872133,3.299624806817406,8.547550167077567
17_fast_cadence_02,ARM_SWING__17_fast_cadence_02,ARM_SWING,0,1,3.0,5.0,40,0.17957625335558922,49.4132465727458,0.669,169.94,1.50974358974359,3.4800000000000133,1.0,0.5316693447118997,24.678143558811442,0.45571770885811846,1.0546,1.0945,0.21199999999999997,1.2635999999999998,1.27295,0.16324999999999998,0.28380000000000005,0.30010000000000003,0.1855332854233978,0.9611382702966723,2.755999999999986,3.1020000000000096,0.07692307692307693,0.0,2.1718176805285734,0.9154796059586539,3.221596265335854,3.6677767773615737,4.617098656082643,0.0,880.3437295743262,1170.9423109785832,102.48374999999999,166.12800000000001,180.02999999999997,0.5382141295874129,275.16581758112414,0.14429393976765784,0.43051750869906596,1.0256410256410255,0.45914572414695615,196.92520555861944,0.41599706949267523,0.5426032807922857,0.4147884048764699,0.024532281013036054,0.01807603331820842,0.6806501924563065,5.0,2.6315789473684204,0.4125,0.13149778198382903,0.3187825017789795,3.5545335574789974,3.70534773661894,2.032904882715413,5.635968816176317
17_fast_cadence_02,ARM_SWING__17_fast_cadence_02,ARM_SWING,0,2,5.0,7.0,40,0.18071595327815076,50.4712483372261,0.675,195.04,1.5779487179487177,3.5600000000000134,1.0,0.5328407753439744,25.226669416630045,0.445836525138272,1.0574749999999997,1.1059999999999999,0.28374999999999995,1.2636,1.2853999999999999,0.165175,0.28579999999999994,0.30419999999999997,0.18747046434038614,0.9175229223787379,2.816,3.2360000000000126,0.10256410256410256,0.0,2.232706160920249,1.327057536139744,3.553315119443053,4.0047693006833525,7.043919363536209,0.05128205128205128,848.9617691208498,1209.4775855481357,102.88699999999999,162.059,171.86699999999993,0.5445060050275374,279.2849630687711,0.22071413132791806,0.5655268000472187,1.5384615384615383,0.44288048266201574,324.4720081242893,0.3665671974500253,0.5424636280402565,0.4068009035151058,0.04207003452178126,0.00866543392285647,0.7565743168069279,4.0,2.1052631578947363,0.31666666666666643,0.07637626158259707,0.24118819447135934,3.601502011232662,3.4970015256594413,3.4205955487046147,6.072427507132322
17_fast_cadence_02,ARM_SWING__17_fast_cadence_02,ARM_SWING,0,3,7.0,9.0,40,0.17811278478134046,45.144139611715396,0.6010000000000001,169.41,1.3707692307692294,4.139999999999943,1.0000000000000004,0.634743569770281,24.179852004422948,0.4791444344293406,1.0577,1.1205,0.30400000000000005,1.2185,1.2599999999999998,0.16840000000000002,0.2534,0.2656999999999999,0.18509551588301648,0.966783556616534,2.5279999999999627,3.028000000000004,0.05128205128205128,0.0,1.889619348341899,1.054551663485794,3.4363710897119177,4.252629728296476,4.439819816163651,0.0,786.9986312961397,1131.5080824469119,103.2115,154.83900000000003,167.77349999999998,0.576088476998677,253.45816510104225,0.204432416142726,0.579935307313605,2.5641025641025648,0.36762133406536485,504.9837088556358,0.3715503383721754,0.6229898451066385,0.34102509627074884,0.02187933380507779,0.0141057248175347,0.4591434220725796,5.0,2.6315789473684217,0.36250000000000027,0.07500000000000018,0.20689655172413826,3.677422850783647,2.6596880620148444,2.127503313002537,5.3550488388903
17_fast_cadence_02,ARM_SWING__17_fast_cadence_02,ARM_SWING,0,4,9.0,11.0,40,0.14178947015259577,35.279934749052984,0.4800000000000001,117.61000000000001,1.1635897435897415,3.659999999999947,1.0000000000000004,0.6722920316953027,15.032157898427418,0.43790630035051903,1.03495,1.102,0.2014999999999998,1.1789,1.19405,0.1305,0.1960000000000001,0.21684999999999988,0.1443022868841655,0.8616003688958722,2.3439999999999666,2.36800000000005,0.02564102564102564,0.0,1.8616195478903397,1.1075070832325382,2.7180915659831277,3.1267529085968233,7.0169224023070536,0.02564102564102564,680.5037159360619,1115.7966467220854,84.582,128.295,132.825,0.49496752053037546,248.81914511059415,0.2413334470639173,0.5542446845578654,2.051282051282052,0.36682275579920903,295.6414030147506,0.3718383129576684,0.6588030839636887,0.2939899760166111,0.016892632526552483,0.03031430749314801,0.4096644084083882,3.0,1.5789473684210538,0.7000000000000002,0.0707106781186545,0.1010152544552207,3.0027422054287274,3.413241664960502,2.7162520633128935,5.304870617200082
17_fast_cadence_02,ARM_SWING__17_fast_cadence_02,ARM_SWING,0,5,11.0,13.0,40,0.15175059667014026,39.95950716759308,0.474,146.60999999999999,1.1758974358974377,3.3399999999999532,1.0000000000000004,0.7531122325991257,17.12400192470208,0.4497210922150781,1.04025,1.1095000000000002,0.22525000000000006,1.1874,1.1991500000000002,0.1411,0.2178,0.24919999999999998,0.15515347240716207,0.7958865230828052,2.148000000000046,2.4440000000000524,0.02564102564102564,0.0,1.7080327042882932,0.7644183712949671,2.5573852336707126,3.0797985022888854,3.6613658653567556,0.0,714.529798085326,1084.166494361682,86.8935,132.52800000000002,147.1205,0.31961446523836523,263.3235588157384,0.17546543078981708,0.6091865408278633,2.051282051282052,0.4413428043110522,118.90677070988558,0.36809411918303486,0.7347513679829859,0.2141709324162968,0.017525229427949315,0.03355247017276817,0.22900283340314673,6.0,3.1578947368421075,0.35,0.0790569415042092,0.225876975726312,2.9145015210740826,2.7835351184996657,1.5558467430061513,4.610817261277948
17_fast_cadence_02,ARM_SWING__17_fast_cadence_02,ARM_SWING,0,6,13.0,15.0,40,0.1546175575494714,41.66749961346926,0.503,140.9,1.0558974358974387,2.979999999999956,1.0000000000000004,0.6866876453458122,18.399143480650586,0.4704185191514226,1.038975,1.099,0.27725,1.1944,1.2082,0.144225,0.21199999999999997,0.22469999999999982,0.15756895316019587,0.7589768665385185,1.9239999999999868,2.5260000000000526,0.0,0.0,1.6842136103495904,1.0368773473856072,2.8144297007975156,3.08363531645378,6.069662264080182,0.02564102564102564,764.9994990977669,1041.3026843049686,89.51124999999999,145.895,149.77349999999998,0.3862792322827589,269.4875037082211,0.47594375215435347,0.5193859143153563,2.5641025641025648,0.42632554340706147,228.458454233701,0.29818512996409796,0.6816410897872569,0.3008114607519572,0.010930128713299948,0.006617320747485874,0.41972243450169106,4.0,2.1052631578947385,0.4499999999999999,0.1732050807568866,0.3849001794597481,3.6180582577654423,2.8113721501890754,2.7462616050375805,4.260037950837775
17_fast_cadence_02,ARM_SWING__17_fast_cadence_02,ARM_SWING,0,7,15.0,17.0,40,0.15000169016141804,41.200515442848655,0.49,139.9,1.0692307692307679,2.8599999999999572,1.0000000000000004,0.580152697280581,17.176255430531906,0.4892669085434571,1.046575,1.1095000000000002,0.20024999999999993,1.2015,1.20815,0.14187500000000003,0.2241,0.2493,0.15526501537693546,0.7885342318617522,2.239999999999984,2.4559999999999658,0.0,0.0,1.7612951521469404,0.7254206782043108,2.7316267166017676,3.10662787365771,3.62055244403387,0.0,752.5118559984894,1114.788899160738,85.80875,142.60500000000002,153.8355,0.4147097004250701,274.6670080751253,0.3245093185199945,0.47752468053739566,1.025641025641026,0.3284263332503621,92.55507048161537,0.31018298035290576,0.569686127141961,0.40812521654889267,0.009252025374627205,0.012936630934519317,0.7119173387219274,4.0,2.1052631578947385,0.4499999999999999,0.17320508075688815,0.3849001794597515,2.9116671358476856,3.0024346870098073,1.9940224568385858,4.664403736384581
17_fast_cadence_02,ARM_SWING__17_fast_cadence_02,ARM_SWING,0,8,17.0,19.0,40,0.13961190714041768,38.90230018823948,0.481,128.94,0.9846153846153822,2.759999999999959,1.0000000000000004,0.5420451033752985,13.537571721564493,0.4210172482947516,1.0564500000000001,1.104,0.1262500000000002,1.1760000000000002,1.1912500000000001,0.1374,0.21259999999999998,0.23569999999999994,0.14896576787973806,0.7465071161709793,2.1319999999999713,2.2119999999999687,0.0,0.0,1.8878521654364773,1.2469347032330005,2.7164147984198674,3.792106633414882,7.094448533888914,0.05128205128205128,688.0068117784449,1012.2808373832547,84.69874999999999,139.584,147.685,0.47717381191476227,278.64600509405443,0.23408799094638352,0.5019230037229094,2.051282051282052,0.40845418417685536,543.0408362205541,0.4930147455656025,0.5154384618983129,0.3670160850387573,0.07705775396367798,0.04048769909925184,0.7204913273688416,3.0,1.5789473684210538,0.4750000000000014,0.24748737341529264,0.5210260492953513,4.519837219058442,3.576845074727694,3.2198416386170328,6.107672655660903
17_fast_cadence_02,ARM_SWING__17_fast_cadence_02,ARM_SWING,0,9,19.0,21.0,40,0.13323327335243673,37.61490575982496,0.503,150.36,1.1625641025641074,2.760000000000157,1.0000000000000004,0.6780123201810558,12.451203430789302,0.38303220124539733,1.05465,1.0875,0.16575000000000017,1.1937,1.2202,0.12414999999999998,0.22039999999999998,0.24714999999999998,0.14245683556783084,0.6949468663851448,2.0120000000000005,2.081999999999968,0.0,0.0,1.5503262506274216,0.6967339624427724,2.3993768562751248,2.845880634708175,3.049327794777029,0.0,729.5969752229287,1127.5669716277912,95.01325,139.072,148.21299999999997,0.34574594647982687,282.32366295109875,0.2957706728268089,0.683455776219889,2.5641025641025648,0.558359111201337,123.62482717971386,0.47979973378179114,0.6487793589136424,0.22722721250208433,0.09081400221165327,0.033179426372620044,0.2994418167299919,5.0,2.631578947368423,0.33750000000000036,0.07500000000000008,0.22222222222222224,2.6641077675981237,2.432261820949571,1.2745135551167774,3.954674959870542
17_fast_cadence_02,ARM_SWING__17_fast_cadence_02,ARM_SWING,0,10,21.0,23.0,40,0.14227813137185444,38.9186142893748,0.505,135.89,1.1415384615384578,3.719999999999946,1.0000000000000004,0.5777498366025031,14.467469971256687,0.3875723704577039,1.0451000000000001,1.101,0.17200000000000004,1.1718,1.2096500000000001,0.13155,0.22209999999999996,0.22804999999999992,0.14754999152829523,0.7728332647219025,1.9719999999999724,2.355999999999965,0.02564102564102564,0.0,1.6095978759184242,0.8545942779397074,2.5850634182604377,3.4071043112126342,3.9905388107371604,0.0,728.7404121247064,995.7192353123665,86.2105,128.838,142.66049999999998,0.3968306669386431,273.5389754849824,0.3894565621065721,0.573814747126608,2.5641025641025648,0.4398243871560408,251.07202347263268,0.521040837742343,0.5401026966272757,0.276758116140386,0.1638289515104655,0.019310235721872834,0.3842166025030166,3.0,1.5789473684210538,0.40000000000000036,0.07071067811865324,0.17677669529663295,3.377740264980506,2.6180239201545437,1.7979998209036776,4.005527528659144
17_fast_cadence_02,ARM_SWING__17_fast_cadence_02,ARM_SWING,0,11,23.0,25.0,40,0.14760056111351894,44.67427395346488,0.5219999999999999,154.83,1.2348717948717998,3.559999999999948,1.0000000000000004,0.5760244134401704,16.37168445780739,0.4188703780881352,1.03935,1.0915,0.20350000000000001,1.1655,1.24645,0.13489999999999996,0.2248,0.24645000000000003,0.1509625781443865,0.9693374617282956,2.368000000000004,3.03599999999996,0.05128205128205128,0.0,2.0789240080902673,1.9055136327513356,3.531668232020291,4.624525757042346,10.404479804391805,0.05128205128205128,769.9750358877819,1142.5922006156839,87.37825000000001,146.026,152.87049999999994,0.4266594393564889,302.67008212188364,0.21810068803176855,0.5105335867729077,0.512820512820513,0.3942838436959911,1480.5134045776415,0.4143685130716675,0.5636462649804557,0.3402742000904605,0.07374750658367184,0.022332028345411793,0.5705489710232956,3.0,1.5789473684210538,0.5500000000000007,0.3535533905932738,0.6428243465332243,5.965468555684826,3.7916926317455806,5.163748026798332,7.1377445729122915
17_fast_cadence_02,ARM_SWING__17_fast_cadence_02,ARM_SWING,0,12,25.0,27.0,40,0.16692109106109282,43.90534900827531,0.579,151.83999999999997,1.4861538461538504,3.9800000000002274,1.0000000000000004,0.6129460710067896,20.76619419499944,0.45263533447668614,1.051375,1.113,0.25825,1.2084,1.2401,0.156725,0.2402,0.2710499999999999,0.17264262219973375,0.9882803123145357,2.8119999999999603,2.9879999999999587,0.05128205128205128,0.0,2.334167348875766,1.953057311190879,4.010418462987111,6.690650051454504,8.910824877641675,0.07692307692307693,779.7239268868277,1160.9819435988404,94.19550000000001,142.245,161.311,0.4856887646647329,263.0305656952963,0.4174700354694422,0.6148901861071109,2.051282051282052,0.33694550899412634,1158.1520553032922,0.3568823190463954,0.5946537660098251,0.3649643414812538,0.023785320472123474,0.01659657203679777,0.5893266706118178,3.0,1.5789473684210538,0.6999999999999993,0.49497474683058024,0.7071067811865439,7.144847309746578,4.117575414327024,4.955649904985922,8.475240446876057
17_fast_cadence_02,ARM_SWING__17_fast_cadence_02,ARM_SWING,0,13,27.0,29.0,40,0.14350548099958788,41.619942574875054,0.519,147.64,1.2199999999999995,3.0199999999999574,1.0000000000000004,0.6257738573736655,15.3973651761652,0.4838222868918499,1.03685,1.063,0.2457499999999998,1.188,1.2202,0.129,0.21259999999999998,0.24014999999999992,0.14641345566579597,0.7294987464366399,2.016000000000002,2.3859999999999664,0.02564102564102564,0.0,1.6343615992878877,0.7620475249054599,2.5934278278450122,3.0521224946878585,3.5751363610357076,0.0,766.7362521421018,1193.530836670329,88.04175000000001,136.39600000000002,151.33149999999998,0.3926557524692024,290.0233655535051,0.202164252753181,0.625757874431641,2.051282051282052,0.4254017990695869,149.17625373275607,0.3670299006684019,0.602850543337822,0.32910938611938007,0.06373635528328393,0.004303715259514155,0.523788349023238,3.0,1.5789473684210538,0.625,0.3181980515339484,0.5091168824543175,3.1871693501647655,2.4762576935088156,1.64706662606435,4.637585798499793
18_fast_cadence_03,ARM_SWING__18_fast_cadence_03,ARM_SWING,0,0,1.0,3.0,40,0.18782727847270095,43.714210105275896,0.77,152.94,1.7415384615384613,4.599999999999995,1.0,0.4858150764327377,26.706904368060492,0.4592184231505645,1.055875,1.1215000000000002,0.2929999999999999,1.2295,1.2527499999999998,0.17267500000000002,0.2715,0.32455,0.19369854155362143,1.1907307319933254,3.3960000000000012,3.795999999999997,0.1282051282051282,0.0,2.42030501401791,1.188280734215245,3.86960725997121,4.585123331252576,6.267726860672848,0.02564102564102564,790.6488593102438,1128.9295415473089,96.358,145.365,147.72649999999996,0.5028787198368996,232.73621627664363,0.4192076863100019,0.5968727129382447,0.5128205128205128,0.7110738378928361,580.6210769742432,0.39974122962497943,0.4741192399338418,0.4382255761357105,0.06221452926116572,0.025440654669281918,0.9098029122752501,2.0,1.0526315789473684,0.30000000000000004,0.0,0.0,5.409165608070184,3.745000546592473,2.4715363111420996,6.412335445267625
18_fast_cadence_03,ARM_SWING__18_fast_cadence_03,ARM_SWING,0,1,3.0,5.0,40,0.1694835291899088,41.443486497602045,0.5709999999999998,145.43,1.4805128205128184,4.459999999999939,2.0,0.5133529776114371,21.968103668826995,0.5318731243227032,1.0605,1.108,0.19925000000000004,1.2293,1.2416500000000001,0.15985,0.25429999999999997,0.27604999999999996,0.17795167883445215,1.0725325383800384,3.0200000000000116,3.349999999999984,0.10256410256410256,0.0,2.207110894664462,0.8131323199028627,3.237561419182749,3.5811953057687322,4.892565789031286,0.0,722.0573343481774,1225.1896935525667,97.38250000000001,153.723,158.93749999999997,0.44996876781820505,244.52810662895746,0.23124528498098687,0.47841219843677896,1.0256410256410255,0.49023732996885283,146.32875821348063,0.3326962325524538,0.4515014252599695,0.5046496798562297,0.025388722456865662,0.018460172426935043,0.0004578693114752203,4.0,2.1052631578947363,0.6000000000000001,0.3041381265149107,0.506896877524851,3.747802310792819,3.7177850702064656,1.4976452725929263,5.238285259839302
18_fast_cadence_03,ARM_SWING__18_fast_cadence_03,ARM_SWING,0,2,5.0,7.0,40,0.16026119705671515,41.35413503957972,0.5869999999999999,137.96,1.3148717948717943,3.9199999999999435,1.0,0.5799458814600265,19.071712925197332,0.522784812527654,1.0267,1.0805,0.23075,1.1943,1.2318,0.1424,0.24250000000000002,0.2511,0.16048193044701325,1.0111766772451696,2.8400000000000007,2.9720000000000115,0.05128205128205128,0.0,2.051966559825938,0.8037853905916872,3.1114596290864687,3.170960717732433,4.377305107026405,0.0,714.8754887231203,1065.420681439056,82.3115,146.44500000000002,147.83950000000002,0.4614066505580305,258.04209502406763,0.3479620535432315,0.49419506980588934,1.0256410256410255,0.4025937834085998,126.17142357571342,0.40538202228402637,0.5758881147492909,0.3562726550667203,0.024433462840392894,0.04340576734359588,0.636789465128952,6.0,3.157894736842105,0.33999999999999986,0.02236067977499742,0.06576670522058067,3.187163822727373,3.601296702837967,1.7250977728853718,5.293565252140118
18_fast_cadence_03,ARM_SWING__18_fast_cadence_03,ARM_SWING,0,3,7.0,9.0,40,0.15274287930861846,36.572291427478405,0.575,116.17999999999999,1.2779487179487206,3.7800000000000793,2.000000000000001,0.5593603007034084,17.3888816170494,0.45932511423695144,1.04515,1.0855000000000001,0.13975000000000026,1.1926999999999999,1.20735,0.13740000000000002,0.2484,0.2671999999999999,0.15743458959199533,1.0062415203622628,2.75200000000002,3.3639999999999586,0.07692307692307693,0.0,2.0336102872456316,0.8522283296829875,3.229375521339455,3.7502311335267517,3.877731295487175,0.0,659.7370139203758,1104.236398048355,86.23150000000001,129.317,130.833,0.5277787758952172,239.43696487208243,0.30279704745510677,0.5216811130452413,2.051282051282052,0.47435195626915644,175.76853349802178,0.38771692148112546,0.3884683617876525,0.5407981200509326,0.05632209635742262,0.014411421803992578,0.0017425657155813851,5.0,2.6315789473684217,0.375,0.21794494717703364,0.5811865258054231,3.3369795439241186,3.6936933733851594,1.8607252200787374,5.711651642289798
18_fast_cadence_03,ARM_SWING__18_fast_cadence_03,ARM_SWING,0,4,9.0,11.0,40,0.125822155217552,39.67889825338607,0.44299999999999995,139.37,1.1241025641025622,3.9199999999999435,1.0000000000000004,0.49583786412616243,11.768042360840957,0.45759189640557163,1.0563749999999998,1.0845,0.1509999999999998,1.1862,1.2212500000000002,0.12122499999999999,0.19699999999999998,0.22125000000000006,0.1364315762571114,0.7185538032403223,1.891999999999974,2.1619999999999697,0.02564102564102564,0.0,1.8763283845406435,0.8440796910075894,2.843557449525787,3.25457937017312,5.341984649921712,0.02564102564102564,721.40283022598,1065.5105324530114,87.32225,132.725,140.966,0.44636280659510086,315.3570067591,0.17438069287061425,0.426495784992395,1.538461538461539,0.48095010901983337,260.1177150310932,0.3649452153619603,0.481287166285274,0.4689072743250254,0.01056547485504386,0.039240084534656744,0.9881807679651904,3.0,1.5789473684210538,0.27500000000000036,0.03535533905932788,0.12856486930664668,3.7489247508109855,3.8013080190851647,2.3161358797782694,7.909978474408186
18_fast_cadence_03,ARM_SWING__18_fast_cadence_03,ARM_SWING,0,5,11.0,13.0,40,0.14848238909646785,42.561718726592076,0.599,155.05999999999997,1.3528205128205124,3.099999999999952,2.000000000000001,0.5000287346933213,16.65431110715426,0.4666953068923118,1.0614249999999998,1.101,0.19025000000000014,1.1942000000000002,1.2550999999999999,0.139825,0.24210000000000012,0.2550999999999999,0.1589618664963393,0.8298571491462808,2.387999999999966,2.8919999999999595,0.02564102564102564,0.0,2.1858358993109603,0.7141342832234834,3.2881988661472463,3.4997507566438477,3.8032091712131213,0.0,745.6862964939377,1313.8074400118242,93.06625,147.87,155.075,0.5569780748335419,286.64489429073006,0.17674328920579604,0.49594702912971117,1.025641025641026,0.5677009750349986,208.9094714123345,0.3509135659944206,0.4704436682790646,0.4870708630737084,0.02306506948401373,0.019420399163213413,0.008168057604923024,3.0,1.5789473684210538,0.47500000000000053,0.17677669529663814,0.3721614637823957,3.061255504854451,3.9065658663512224,1.7937194943638344,6.539708736935153
18_fast_cadence_03,ARM_SWING__18_fast_cadence_03,ARM_SWING,0,6,13.0,15.0,40,0.1593851970091358,44.957904520898836,0.5970000000000001,172.89999999999998,1.3830769230769242,3.979999999999945,1.0000000000000004,0.6758242879552396,18.37240153909466,0.44638866627234935,1.066,1.0815000000000001,0.2410000000000001,1.2915999999999999,1.314,0.1457,0.2915999999999999,0.31400000000000006,0.1706591632465131,0.9480233004191677,2.4360000000000515,3.2159999999999695,0.07692307692307693,0.0,2.3207483216652727,1.2951992518123858,3.5305014072524323,4.709994400447449,7.136301563134684,0.05128205128205128,732.3522131089868,1272.5171903966898,91.53575,145.53,153.22699999999995,0.4083910888818177,282.0707654445594,0.2794309037246066,0.5511709326322645,1.025641025641026,0.6155291705213477,764.0608899698393,0.39420014568533845,0.6322450333630351,0.29059619984687146,0.03403797622338372,0.043120790566709914,0.43433891081248427,2.0,1.0526315789473693,0.9499999999999993,0.0,0.0,3.9480912841828095,4.096680861286368,2.830485791001451,6.648162648813818
18_fast_cadence_03,ARM_SWING__18_fast_cadence_03,ARM_SWING,0,7,15.0,17.0,40,0.14854227577463494,43.44058212455852,0.5950000000000001,161.26000000000002,1.292820512820509,4.679999999999933,1.0000000000000004,0.5390840465831209,16.45670569145553,0.3968028331459482,1.06125,1.0875,0.21649999999999991,1.2133,1.2494500000000002,0.14020000000000002,0.21930000000000002,0.25705,0.15894889115687472,0.8717373720817031,2.4239999999999657,2.4399999999999675,0.02564102564102564,0.0,2.118616927221933,0.9913657553286467,2.9778000792834054,3.4382982904348243,6.52395585515405,0.02564102564102564,749.7114909115005,1040.8445962788776,94.39874999999999,154.365,168.326,0.46629722515333916,292.4459174872587,0.22174189999322824,0.6028544321299332,1.025641025641026,0.512204408167537,332.6606321126526,0.4091471107487444,0.5257933826468176,0.4384737560461131,0.00234659790216625,0.03338626340490316,0.7124135273401496,4.0,2.1052631578947385,0.40000000000000036,0.3041381265149106,0.7603453162872759,3.927352516853959,3.845252310450203,2.231779141353875,6.285153223388699
18_fast_cadence_03,ARM_SWING__18_fast_cadence_03,ARM_SWING,0,8,17.0,19.0,40,0.15697322162614968,42.84476654080283,0.5579999999999999,168.18,1.4938461538461532,4.239999999999939,1.0000000000000004,0.5437185477234894,18.05656798146206,0.4520855257496204,1.05365,1.099,0.1875000000000001,1.2116,1.2709,0.14365,0.2661,0.2709,0.1640210352363379,1.116509163666202,2.9080000000001656,3.593999999999948,0.07692307692307693,0.0,2.3427263849178845,1.1296027519136325,4.195997273894481,4.568461025089217,5.459853477887402,0.05128205128205128,726.8641095623495,1110.2395826744732,89.27825,146.518,154.79899999999995,0.4935531647580834,272.94315614444554,0.24459752219326183,0.5205207317364035,1.025641025641026,0.6641168415781578,333.8444903407122,0.37150224882878735,0.5220329202521146,0.4312616043077957,0.00632649836098467,0.040378977079104914,0.8143682985708024,4.0,2.1052631578947385,0.5833333333333334,0.25658007197234395,0.43985155195258957,3.771163591854706,4.086262316436187,2.456683946881192,7.642849394017897
18_fast_cadence_03,ARM_SWING__18_fast_cadence_03,ARM_SWING,0,9,19.0,21.0,40,0.15022639112267722,39.314073554990195,0.549,142.75,1.3451282051282047,4.399999999999939,1.0000000000000004,0.5088820745139024,16.079091635013413,0.49282039063136646,1.065325,1.1055000000000001,0.1645000000000001,1.2141,1.2373500000000002,0.146125,0.2377000000000001,0.25875,0.16208369751458657,1.083616925405676,2.699999999999962,3.631999999999976,0.07692307692307693,0.0,2.1819193619674744,1.2679520165355112,3.862615402234139,4.252833092815596,6.416073565662947,0.02564102564102564,684.7086194835044,1026.8316138406026,89.77000000000001,143.766,147.11049999999997,0.460549269367399,261.69884839266166,0.192358017911458,0.49356513761807597,1.538461538461539,0.3535275789454888,657.3956530783682,0.5142944110355029,0.4957558074186578,0.36025573891632673,0.07783205230847053,0.0661564013565448,0.7078763127466883,4.0,2.1052631578947385,0.45000000000000046,0.1802775637731981,0.4006168083848842,4.567405276604951,4.2810427016270785,3.2529978299888076,8.256071995292023
18_fast_cadence_03,ARM_SWING__18_fast_cadence_03,ARM_SWING,0,10,21.0,23.0,40,0.13217206879379156,41.15725538430898,0.4820000000000001,153.91,1.2235897435897345,3.7599999999999456,2.000000000000001,0.49894456967060935,12.954770107210935,0.46514059374180233,1.056325,1.1030000000000002,0.1399999999999999,1.1959,1.2051,0.126425,0.20520000000000008,0.21645,0.1421450843328745,0.9018912502405325,2.5959999999999632,3.001999999999958,0.05128205128205128,0.0,2.0072595054213562,0.7456516372650002,3.0325227806560857,3.5865690965060923,4.073376977398426,0.0,713.3823620244534,1201.391439955844,91.784,146.571,159.2775,0.5053609517943793,311.3914744613745,0.13716132229377404,0.43747182831172776,0.512820512820513,0.4148713743852492,83.31011323513128,0.4237178906684314,0.4181361143214831,0.5009326928975758,0.05909453374565502,0.021836659035286,0.014909311875481498,4.0,2.1052631578947385,0.4166666666666667,0.2466441431158118,0.5919459434779483,3.506393948096709,3.9026438992800334,1.269965698857846,5.000484218975439
18_fast_cadence_03,ARM_SWING__18_fast_cadence_03,ARM_SWING,0,11,23.0,25.0,40,0.1647460341532711,38.93359428367941,0.586,146.19,1.346666666666668,3.659999999999947,1.0000000000000004,0.5178856983216539,19.993588736255788,0.49694839680032,1.067975,1.1265,0.14400000000000013,1.2335,1.2491,0.15892499999999998,0.2533999999999999,0.30305000000000004,0.17630463692143777,1.177591952680363,3.0279999999999587,3.471999999999977,0.1282051282051282,0.0,2.2459258602236454,0.9237632441151381,3.732090916736899,3.841088802515447,3.9501898688543498,0.0,745.2139656754077,1207.2066325148844,92.30550000000001,147.003,152.24599999999995,0.4157247700646383,236.32492571844023,0.20161374898403048,0.5019381884469398,1.025641025641026,0.4313163889543983,205.56067548045976,0.4659307328674993,0.4932115468979671,0.40197775249629786,0.08414332033535112,0.020667380270384242,0.717628737605261,3.0,1.5789473684210538,0.6749999999999989,0.31819805153394587,0.4714045207910317,3.80271372221353,3.9233507600816537,2.08519685882065,5.9838131243235875
18_fast_cadence_03,ARM_SWING__18_fast_cadence_03,ARM_SWING,0,12,25.0,27.0,40,0.17568144065251623,45.294946748633436,0.6960000000000001,174.24,1.6287179487179433,4.6599999999999335,1.0000000000000004,0.31826898983868424,22.532784664172798,0.472395336890949,1.063075,1.0990000000000002,0.19524999999999992,1.2465,1.27325,0.159375,0.28170000000000006,0.3198499999999999,0.1845828404809071,1.243727799563147,3.4920000000000013,3.7259999999999476,0.1794871794871795,0.0,2.3219905621074446,1.103964546411482,3.828433577829508,4.573125550721976,4.9598790307828375,0.0,762.870581832657,1226.9976683009565,93.92875,146.93800000000002,169.10349999999994,0.45841128595087627,257.82431303158086,0.34760877554427777,0.5062774050807974,1.025641025641026,0.729651838362995,383.4107447291817,0.5928317302296302,0.3070373829485811,0.45040901605679595,0.23042579598549146,0.01212780500913158,0.8628248033135638,3.0,1.5789473684210538,0.6749999999999989,0.6010407640085639,0.8904307614941701,4.6636090088475735,3.8150923765790252,2.1176460094787535,6.158945309560435
18_fast_cadence_03,ARM_SWING__18_fast_cadence_03,ARM_SWING,0,13,27.0,29.0,40,0.16787906017771795,44.716888795237544,0.591,155.35,1.4666666666666803,4.180000000000235,1.0000000000000004,0.5040340786841988,21.2903191651019,0.5020847035660748,1.0675750000000002,1.0915,0.2207500000000001,1.2309,1.2843,0.15912500000000002,0.2758999999999999,0.2901,0.17901166163130267,1.0388894205208905,2.8040000000000003,2.8599999999999794,0.02564102564102564,0.0,2.2260228662083597,0.7144019538928772,3.13100751048773,3.2700428871203537,4.193566501201811,0.0,739.1483233985127,1035.1247891228782,94.98275000000001,147.56,160.248,0.48783658317101913,266.3637069918067,0.2981074749126811,0.5679904810784051,1.025641025641026,0.4420639664837833,59.37055836419822,0.36261658345342934,0.49009743949690093,0.4707057486900244,0.022230813395151833,0.016965998417922838,0.9261591402184539,4.0,2.1052631578947385,0.45000000000000046,0.1732050807568861,0.38490017945974647,2.9533445796571853,3.6687896858057183,1.438473356857437,5.643386538159164
19_large_swing_02,ARM_SWING__19_large_swing_02,ARM_SWING,0,0,1.0,3.0,40,0.1392322331343922,48.64779189589342,0.657,155.07,1.0107692307692302,3.9799999999999978,1.0,0.3244013063445878,13.07895450976376,0.08273603305305799,1.021225,1.004,0.12625000000000008,1.2333,1.26965,0.093975,0.2698999999999999,0.2828,0.13910957910942007,1.0619628911530918,2.5399999999999987,2.978,0.05128205128205128,0.0,1.806489061041009,1.4172071647882136,3.3070195725658076,3.594094611436881,6.540886790030839,0.02564102564102564,410.07127652827734,792.1215334877976,59.13475,143.035,155.615,0.5026713460749215,349.4003565175654,0.1320220356247537,0.18306723205320174,1.0256410256410255,0.39542659728929996,1029.934117096813,0.7040098309791403,0.44870476987927443,0.3521309062658973,0.08170049200541733,0.11746383184941091,0.35548866902316056,5.0,2.631578947368421,0.25,0.04082482904638616,0.16329931618554464,4.075141120689908,3.833828131017145,3.480416739306456,8.889259558348417
19_large_swing_02,ARM_SWING__19_large_swing_02,ARM_SWING,0,1,3.0,5.0,40,0.24910119326727337,51.22181186972937,0.938,184.65,1.971794871794872,5.679999999999968,1.5,0.4123627278699668,44.71849660184848,0.21530192641871956,1.109925,1.1604999999999999,0.22849999999999993,1.3499,1.38565,0.240475,0.40029999999999993,0.45019999999999993,0.2694134833299922,1.3551361784257245,3.8280000000000145,4.420000000000016,0.20512820512820512,0.02564102564102564,2.785317284385882,1.6103342035179302,4.855239266191581,5.544706196053219,7.709319036075782,0.10256410256410256,988.4955125500417,1659.5506749945462,119.96124999999999,185.45000000000002,190.6025,0.48733800069662814,205.62652148667502,0.19363037903607674,0.49486606964209107,0.5128205128205128,0.503518340384427,446.9779805393126,0.5946159766203261,0.43727476113863273,0.46638953007695244,0.03012674961599693,0.06620895916841796,0.05077977867989317,6.0,3.157894736842105,0.33999999999999997,0.17818529681205458,0.5240744023883959,5.40360130219036,4.180176718295816,3.420622382281316,7.293132816165452
19_large_swing_02,ARM_SWING__19_large_swing_02,ARM_SWING,0,2,5.0,7.0,40,0.3103031561520906,50.3157274636103,1.059,172.42000000000002,2.595897435897437,8.34000000000003,1.5,0.49810504887671037,71.64132604007237,0.32077335848507343,1.04455,1.1435,0.50725,1.3595,1.3886999999999996,0.27565,0.5078,0.516,0.30962162392184434,1.867664905632195,4.736000000000018,6.282000000000023,0.3333333333333333,0.10256410256410256,3.454129941120351,2.7714050571220548,6.904507832805947,8.886676619337265,13.514762299056589,0.1794871794871795,911.638625764646,1473.727696698842,121.89574999999999,182.444,186.37349999999998,0.5461518015764222,162.15022782091452,0.18839297320221862,0.5610835269533095,1.5384615384615383,0.28592509928399357,3019.8536675066885,0.46349973805440176,0.4678419461783062,0.4826092161177994,0.017311114794771137,0.03223772290912327,0.011680511281461794,3.0,1.5789473684210524,0.375,0.1767766952966369,0.47140452079103173,9.69816080972109,5.413376605845463,5.9037220743073675,16.40506066287461
19_large_swing_02,ARM_SWING__19_large_swing_02,ARM_SWING,0,3,7.0,9.0,40,0.30776651885513007,60.75702263883491,1.204,215.88,2.009230769230773,6.480000000000024,1.5000000000000007,0.4032107898243412,72.62216035542298,0.07228434041711194,1.161975,1.2215,0.2729999999999999,1.4477,1.4759,0.30877499999999997,0.49630000000000013,0.53915,0.34436626576945656,1.5475062870638128,4.56000000000002,4.95399999999994,0.1794871794871795,0.05128205128205128,2.767159687710486,1.3651630252145355,5.025046972176521,5.31984108870657,6.528062499700835,0.10256410256410256,1029.7619997218344,1682.784345486045,137.26475,209.731,224.5855,0.5187524945363352,197.41271033914535,0.25674716130812464,0.6250684072757998,0.512820512820513,0.611374466516943,692.8057536277296,0.4884995605290281,0.5443338212552737,0.4317407221718089,0.014454613585221873,0.009470842987695518,0.012995470927488671,3.0,1.578947368421053,0.40000000000000036,0.2121320343559635,0.5303300858899083,5.424358681495239,4.74266392213657,3.4105164457773363,8.923859091426891
19_large_swing_02,ARM_SWING__19_large_swing_02,ARM_SWING,0,4,9.0,11.0,40,0.37315623661286557,58.04380308803926,1.119,193.52,2.5343589743589754,7.3199999999998955,1.5000000000000007,0.4847106323218577,106.98705057248611,0.2952346228370739,1.0307499999999998,1.133,0.6702499999999998,1.4405999999999999,1.47135,0.3283,0.5357999999999999,0.5676499999999999,0.36974315409483915,1.8689369267493523,5.755999999999918,6.0279999999999365,0.3333333333333333,0.1282051282051282,3.243722179586962,1.9920763463266113,6.200582159738242,7.237050326511031,9.265527507918998,0.1794871794871795,905.5903936576855,1414.2554313941312,140.08,208.347,213.1745,0.4815745852450033,155.5482593963915,0.32403598034422043,0.5814942770702887,2.051282051282052,0.36641183565381685,888.142211271388,0.46446237115191324,0.472474178067406,0.5016347404745145,0.015694683903369304,0.01019639755471034,0.006041306290993926,4.0,2.1052631578947385,0.5500000000000002,0.14999999999999947,0.2727272727272717,7.238661807756982,4.791570934350325,3.88732571045078,9.80606478421305
19_large_swing_02,ARM_SWING__19_large_swing_02,ARM_SWING,0,5,11.0,13.0,40,0.30548456253748396,58.364473558681674,1.1600000000000001,203.86,1.9958974358974404,8.57999999999988,1.5000000000000007,0.32462354163928403,67.69485394629677,0.12799198156214295,1.19455,1.2894999999999999,0.21700000000000008,1.4271,1.4493,0.33285,0.4562000000000001,0.5552999999999999,0.35893940992875106,2.009488960890451,4.807999999999971,5.716000000000095,0.15384615384615385,0.10256410256410256,3.0643021091858405,2.095155130306774,5.813529218161706,7.285666508410194,9.55903760846234,0.15384615384615385,985.668538668796,1480.9657849196594,136.11174999999997,198.043,209.906,0.4189820518180042,191.055394334436,0.15581557836355128,0.5325903544435211,0.512820512820513,0.3787475592582842,1332.6554622579333,0.5944766486183172,0.5093101654262405,0.42452257804375854,0.03563470987314253,0.03053254665685831,0.10211475530295186,3.0,1.5789473684210538,0.4250000000000007,0.03535533905932788,0.08318903308077134,7.16622746464157,6.116837399692886,6.307186933700377,14.493626415691951
19_large_swing_02,ARM_SWING__19_large_swing_02,ARM_SWING,0,6,13.0,15.0,40,0.3838622749813351,63.76518809724412,1.185,199.13,2.654358974358968,7.599999999999894,1.5000000000000007,0.5175725283167686,112.05324769996378,0.39319693827001695,1.0606,1.1684999999999999,0.6935,1.4844,1.4909,0.34735,0.5279,0.58705,0.3838474306283683,1.9009357735375028,5.143999999999963,6.083999999999916,0.3333333333333333,0.1282051282051282,3.689138281340613,2.4097941105804,6.66026662458782,9.203921160363512,11.581588837461192,0.20512820512820512,1176.528930278859,1720.5563493238278,140.9415,219.62300000000002,225.25149999999996,0.5031827361785485,166.11475587264894,0.2865012701675575,0.5208743292635185,2.5641025641025648,0.6780488925198713,890.2177125747608,0.40835374842943695,0.46559675849576687,0.5171489377739009,0.005020889115173582,0.012233414615158634,0.004451837597343994,4.0,2.1052631578947385,0.43333333333333357,0.15275252316519414,0.35250582268890934,6.755713561686315,5.625119194141016,5.069167418096351,9.615596385311777
19_large_swing_02,ARM_SWING__19_large_swing_02,ARM_SWING,0,7,15.0,17.0,40,0.3222607281737521,60.2752083444059,1.083,199.28,2.107692307692311,5.739999999999919,1.5000000000000007,0.6000064678938875,76.23370022952992,0.30951279497389167,1.07815,1.1595,0.46675,1.4059,1.4341,0.28835,0.47340000000000004,0.5289999999999999,0.32766308916324405,1.3807215153078454,3.959999999999944,4.682000000000083,0.2564102564102564,0.02564102564102564,2.56355182647599,1.2415978593592982,4.280860616663262,4.739964765720702,5.913442313914882,0.02564102564102564,929.937788259885,1398.5243640407255,128.40025,198.958,202.10299999999998,0.4980493064701003,187.0386400663364,0.2609699393712369,0.5564227384924607,1.025641025641026,0.34099830921720636,416.6722931912316,0.47449329399258905,0.3457647319418125,0.5891705836459669,0.030947951049569024,0.03411673336265176,0.029551437859449935,4.0,2.1052631578947385,0.45000000000000046,0.20000000000000107,0.44444444444444636,4.67840795395976,3.402269194358888,2.1881613779612943,6.694652891601776
19_large_swing_02,ARM_SWING__19_large_swing_02,ARM_SWING,0,8,17.0,19.0,40,0.362665714553803,65.57807438808125,1.206,230.24,2.4846153846153864,6.060000000000348,1.0000000000000004,0.47189039358851126,92.35202880949072,0.32852668930473633,1.1312000000000002,1.2349999999999999,0.49450000000000005,1.4738,1.4836999999999998,0.34595000000000004,0.5216999999999999,0.60415,0.38138130525761227,1.6013840167901063,4.435999999999938,5.264000000000263,0.358974358974359,0.07692307692307693,2.994531575329349,1.470728830509296,4.908016818764323,5.425059704162719,6.576959783973512,0.10256410256410256,1044.48045892846,1665.7837870042374,145.27425,225.965,230.81099999999995,0.32541878261527707,180.82237100566192,0.2091414898827834,0.49035815321409376,2.5641025641025648,0.4187422472542463,800.9309977681642,0.5937467355434204,0.5474269794639894,0.35540974847409396,0.018583060182146845,0.07858021187976977,0.1742664751099249,4.0,2.1052631578947385,0.5333333333333338,0.28431203515386694,0.5330850659135,5.261584992587959,3.741950535102712,2.8155148799465457,7.2470896697429765
19_large_swing_02,ARM_SWING__19_large_swing_02,ARM_SWING,0,9,19.0,21.0,40,0.3774344831922013,62.577743696059734,1.2040000000000002,223.33999999999997,2.6087179487179526,6.719999999999906,1.0000000000000004,0.4356581594435691,109.69407362689728,0.42758588725629365,1.0606750000000003,1.1975,0.6345,1.4596,1.4861,0.33952499999999997,0.5564,0.5681,0.3775934652506582,1.8302878397258453,5.279999999999926,5.661999999999962,0.358974358974359,0.15384615384615385,3.445947306495125,2.0212036491674477,6.206822015607367,6.564543116494744,9.478923989567457,0.23076923076923078,1081.3218541157116,1711.4957525167886,152.95875,220.166,231.60049999999998,0.6023110821027469,165.79763239119097,0.26280708341533293,0.6382297813845154,2.5641025641025648,0.4232562320391385,2091.715654222822,0.43162474706327675,0.5417658671713003,0.4414234085076339,0.011916537703848961,0.004894186617216804,0.06645715193615628,4.0,2.1052631578947385,0.5,0.2598076211353291,0.5196152422706583,5.705098697989067,5.991315705708785,4.460300422422814,12.485967051936434
19_large_swing_02,ARM_SWING__19_large_swing_02,ARM_SWING,0,10,21.0,23.0,40,0.3075007598489674,56.648116255710676,1.078,232.04999999999998,2.089743589743597,6.939999999999901,1.0000000000000004,0.431791559805151,64.31571230099607,0.3133372926311577,1.1664750000000002,1.256,0.36149999999999993,1.4554,1.46585,0.322875,0.46660000000000007,0.48299999999999993,0.34627550447584365,1.7167954958669052,4.200000000000003,5.4919999999999245,0.2564102564102564,0.07692307692307693,2.881505402009926,1.4802110278900567,4.811537790135495,5.6777768937068585,7.130582023930345,0.07692307692307693,1079.6043916227593,1854.395537499839,139.69375,207.655,221.24,0.4119414930099158,184.22106105862653,0.2882837669754323,0.6126448725400151,2.5641025641025648,0.7009374484550509,633.5482199696321,0.6582217010255388,0.5555909589400398,0.2733280380554902,0.1113222103882168,0.05975879261625312,0.5635671249424589,5.0,2.631578947368423,0.41250000000000053,0.06291528696058905,0.15252190778324598,5.532810491759689,3.7290067209298385,1.989994780171713,5.9779248885806755
19_large_swing_02,ARM_SWING__19_large_swing_02,ARM_SWING,0,11,23.0,25.0,40,0.36712122988993356,69.34081618474552,1.25,239.26,2.4594871794871755,7.79999999999989,1.0000000000000004,0.4756031788426018,98.06348317143139,0.39928115073716947,1.1100499999999998,1.21,0.5189999999999998,1.4919,1.50395,0.3452,0.5431999999999999,0.5581499999999999,0.3788397418434344,1.7547498677918316,5.211999999999926,5.801999999999918,0.28205128205128205,0.1282051282051282,3.2690764664194427,1.8886476867087787,5.707088344686402,6.269913537127735,8.574706992078383,0.15384615384615385,1187.99443170971,1727.3470382092173,136.14575,224.887,229.34199999999996,0.4897523037196439,188.8771624717387,0.16935991878352646,0.6160227063097313,1.025641025641026,0.32589406311137953,1657.2285481163692,0.5449854118224164,0.4917690512177591,0.4395096476460066,0.03410371593390028,0.03461758520233385,0.38368534731592563,4.0,2.1052631578947385,0.35000000000000026,0.09999999999999964,0.2857142857142845,6.295788988914315,5.797421734970597,6.265454361836252,13.594320472997383
19_large_swing_02,ARM_SWING__19_large_swing_02,ARM_SWING,0,12,25.0,27.0,40,0.350909875930617,60.06317149682,1.042,208.84,2.420512820512819,7.199999999999897,1.0000000000000004,0.6110884053650633,94.73542187686645,0.46530893255060063,1.0614500000000002,1.2145000000000001,0.6107499999999999,1.409,1.4594,0.3224,0.4834,0.55435,0.35190254332698423,1.6527647470350362,4.699999999999999,5.249999999999926,0.3076923076923077,0.07692307692307693,2.87202462085301,1.5454407352235,4.889619853802388,5.339214192327723,7.81201638503135,0.10256410256410256,1138.0918219354935,1537.199091646356,151.362,214.67100000000002,218.12999999999997,0.5618131093207821,171.16409544625034,0.3061720833845007,0.6249407542506296,2.5641025641025648,0.6315570298620511,939.6762909954632,0.41283670044310194,0.6442434961558,0.3220125489963606,0.024307100637695568,0.009436854210143952,0.10109423348910464,4.0,2.1052631578947385,0.5166666666666669,0.2886751345948108,0.558726066957698,5.785550456840421,3.6246650789668307,2.51906740626308,6.335271165459739
19_large_swing_02,ARM_SWING__19_large_swing_02,ARM_SWING,0,13,27.0,29.0,40,0.3628423087591096,66.46946705983093,1.2069999999999999,227.91,2.335384615384615,7.279999999999896,1.0000000000000004,0.40563906232172786,92.52449986915529,0.4262588876003791,1.0921500000000002,1.2115,0.46799999999999997,1.429,1.4577999999999998,0.33185000000000003,0.5598,0.5866499999999998,0.36993891387633177,1.8348294717175662,5.392000000000001,5.9359999999999165,0.28205128205128205,0.15384615384615385,3.278995737638587,2.1877535410923934,6.444070480874679,7.071285811106568,10.410244953890228,0.20512820512820512,1129.106168213391,1711.8935098273419,133.90475,213.792,226.40849999999998,0.4779457465998269,183.19105973928717,0.16789847884290449,0.5110738291563997,2.5641025641025648,0.3352070954115793,1941.7802502518252,0.6247301502421956,0.41361341951106534,0.41020042075188073,0.12055722464392017,0.055628935093133866,0.2658057101825683,4.0,2.1052631578947385,0.5833333333333334,0.3214550253664344,0.5510657577710304,7.470434031039077,5.810865609636365,5.470035684277424,13.167650975038104
20_large_swing_03,ARM_SWING__20_large_swing_03,ARM_SWING,0,0,1.0,3.0,40,0.2919633758205176,51.24760535994053,1.14,175.38,2.1241025641025644,5.52000000000002,0.5,0.3532183773871278,64.55720385875533,0.1680668501570134,1.16645,1.251,0.28525,1.4377,1.4650999999999998,0.3001,0.46820000000000006,0.53575,0.33289209963590305,1.3548445588618174,3.7399999999999998,4.346000000000016,0.28205128205128205,0.02564102564102564,3.0110804931598016,1.5543722398852937,4.6173368071485,5.710469130501634,8.13695274657537,0.10256410256410256,1068.1051063652603,1769.2146864022372,134.8375,199.562,203.644,0.33343050799934204,175.52751339416156,0.18072577875548573,0.5277716803757924,2.564102564102564,0.4163365401164208,766.0976381763662,0.5684414485512437,0.6714565014939741,0.2395343590425936,0.0700638186582899,0.018945320805142406,0.9376769750065903,4.0,2.1052631578947367,0.5,0.36055512754639885,0.7211102550927977,6.025672306755471,4.580096303210748,3.4454889707056995,8.319563799643257
20_large_swing_03,ARM_SWING__20_large_swing_03,ARM_SWING,0,1,3.0,5.0,40,0.2725703437787983,42.309849304163514,0.926,149.06,1.6856410256410252,4.340000000000012,1.0,0.5317310277400683,57.407875696033535,0.4015468807113029,1.02685,1.1315,0.45200000000000007,1.2953999999999999,1.3425,0.24179999999999996,0.39159999999999995,0.4291999999999999,0.27047763308636075,1.0907452663969421,2.8959999999999804,4.01800000000001,0.10256410256410256,0.0,2.1777038179560106,1.1083918788417924,3.7463739412623567,4.271270316379569,5.297773117074777,0.02564102564102564,916.8731882739752,1543.1524915045302,125.64825,173.02700000000002,187.61149999999998,0.5356057205637479,155.22543178248196,0.32160764888563415,0.5126242863041448,2.564102564102564,0.5582047458516002,527.1656255463382,0.4147835507878638,0.7163734915489868,0.2662802062166305,0.008329606945680973,0.00901669528870168,0.019284984508819693,3.0,1.5789473684210524,0.625,0.38890872965260165,0.6222539674441626,4.416272566040186,3.43181293826614,2.447862254142214,7.107769695375559
20_large_swing_03,ARM_SWING__20_large_swing_03,ARM_SWING,0,2,5.0,7.0,40,0.25958546836180063,48.37637665105372,0.8560000000000001,192.33,1.631282051282052,4.120000000000013,1.0,0.513022205599518,49.50570095609938,0.2794406392694064,1.117,1.2275,0.373,1.3656,1.37125,0.26185,0.3715,0.4232,0.28176053662640554,1.0858689934725825,3.2199999999999656,3.416000000000011,0.1794871794871795,0.0,2.2313092524063904,0.9715032002127892,3.5151691510290837,4.057122015647839,4.6576388868181,0.0,981.3451796052282,1710.299569751399,124.99974999999999,181.27400000000003,194.74149999999992,0.3242809647617785,186.36011081956448,0.35274362294921174,0.6167118701939642,1.0256410256410255,0.38777831701839444,505.5570482272742,0.5725951230004142,0.6861578880052901,0.21354329900499677,0.048968219024866436,0.051330593964846634,0.1522491325121396,4.0,2.1052631578947363,0.5833333333333334,0.23629078131263007,0.4050699108216515,3.7984891196506045,3.284205923740227,1.934379637382396,6.049626510987053
20_large_swing_03,ARM_SWING__20_large_swing_03,ARM_SWING,0,3,7.0,9.0,40,0.3098492096041358,55.03689868088732,0.964,188.95000000000002,1.9276923076923083,4.460000000000018,1.0000000000000004,0.502880510420793,69.1235389860586,0.40566265018651143,1.0739250000000002,1.206,0.4687500000000001,1.3753000000000002,1.4002999999999999,0.286925,0.448,0.4892999999999999,0.3147558974824777,1.0463431598176427,3.2679999999999656,3.576000000000021,0.20512820512820512,0.0,2.5087397787447663,0.9516573379774877,3.8361751359156413,4.022744113349829,4.704763543473717,0.0,1058.9791591896387,1707.812584618632,123.90299999999999,194.426,202.78249999999997,0.3603204908659768,177.62478320084344,0.23421369059885686,0.5926880382770261,2.5641025641025648,0.4997188728836344,406.12405231946684,0.543162646380112,0.5700700375252157,0.35021907374863764,0.03538534611671436,0.044325542609432236,0.11550737298558782,5.0,2.6315789473684217,0.38749999999999996,0.11086778913041732,0.2861104235623673,3.8008790876610092,3.653691167350894,2.6088409870618947,7.7517455184133395
20_large_swing_03,ARM_SWING__20_large_swing_03,ARM_SWING,0,4,9.0,11.0,40,0.2894140577008515,39.15276701670142,0.912,134.57,1.8405128205128223,4.120000000000087,1.5000000000000007,0.4048374900884531,64.2544855417548,0.3920652884110391,1.0303749999999998,1.1555,0.47525000000000006,1.3342,1.3805999999999998,0.257075,0.4034000000000001,0.47674999999999995,0.2873832371590243,1.2170411676597868,3.4599999999999516,3.5800000000000773,0.23076923076923078,0.0,2.571718075955517,1.1962966910466082,4.096609809754976,4.403773085498602,6.635962627984118,0.02564102564102564,847.5599835100602,1443.0607755550304,118.77875000000002,169.744,174.1015,0.39992119546945887,135.2828792344672,0.33130146095850366,0.47483746799066096,2.5641025641025648,0.5356376965489489,633.3886874240986,0.4470061765784575,0.5687041605529578,0.403181548909714,0.01893005267806379,0.009184237859264477,0.008240985634688771,4.0,2.1052631578947385,0.39999999999999974,0.10000000000000053,0.2500000000000015,4.461156010520643,4.232589930608109,2.8643954691880507,8.460825735171712
20_large_swing_03,ARM_SWING__20_large_swing_03,ARM_SWING,0,5,11.0,13.0,40,0.23296558566141073,52.02813908271423,0.823,165.64000000000001,1.4794871794871771,4.580000000000097,0.5000000000000002,0.3942565638204062,40.50882857407755,0.1357515684250591,1.1459,1.219,0.2064999999999999,1.3431,1.3618999999999999,0.25434999999999997,0.37270000000000003,0.3944999999999999,0.27240218427905455,1.1789958901717295,2.975999999999959,3.9259999999999433,0.10256410256410256,0.0,2.4142128967748318,1.371628569801102,4.252049733824698,4.627296629678175,7.079548008171044,0.02564102564102564,960.9849767864868,1470.8772651576146,126.475,191.608,201.0515,0.31349548521816095,223.3297202889498,0.2244390630055778,0.6347573954205226,2.5641025641025648,0.5829426699882038,590.2839050604155,0.5483107221259764,0.699961453338405,0.25037427216145264,0.02028461434338309,0.029379660156759278,0.8337183857390341,4.0,2.1052631578947385,0.38333333333333347,0.07637626158259668,0.19924242151981736,5.0031478161920315,4.045791558800144,2.9117822313840125,7.971120289909838
20_large_swing_03,ARM_SWING__20_large_swing_03,ARM_SWING,0,6,13.0,15.0,40,0.29507886711947506,46.147768287151386,0.9750000000000001,152.14,1.905641025641031,5.440000000000117,1.0000000000000004,0.576992491324536,66.67080662895118,0.4156720440285769,1.0485250000000002,1.171,0.477,1.3438,1.3897,0.268025,0.43989999999999996,0.47429999999999994,0.2953801364343919,1.4358415740049657,3.883999999999976,4.521999999999953,0.28205128205128205,0.02564102564102564,2.5802548028156562,1.3088154643489913,4.418086692142112,4.9931738995592525,6.086476813395545,0.05128205128205128,902.5330926156996,1396.537093277307,124.04275,181.62900000000002,195.787,0.3655865989997245,156.39130222248863,0.29931443481294884,0.508128444088924,2.5641025641025648,0.7128389451499204,853.106142526791,0.40075323231931453,0.6743571260038982,0.2906615831238027,0.024157302546214253,0.010823988326084645,0.00017112179784314863,4.0,2.1052631578947385,0.5166666666666669,0.27537852736430546,0.5329906981244619,4.69498611583592,3.904487737786428,2.1578930751477547,5.990060394966236
20_large_swing_03,ARM_SWING__20_large_swing_03,ARM_SWING,0,7,15.0,17.0,40,0.3191815454789938,47.48724583425614,0.956,171.24,1.9579487179487176,5.0599999999999286,1.0000000000000004,0.5578655204612376,77.49003148824464,0.4325019710195629,1.04825,1.2225000000000001,0.5087499999999999,1.3423,1.3474,0.29059999999999997,0.44770000000000004,0.53545,0.31883851712112826,1.331455830615452,3.57999999999995,3.59199999999995,0.28205128205128205,0.02564102564102564,2.6294100398471834,1.460082107025071,4.059804438597148,5.3260069272355555,6.790758425978551,0.07692307692307693,982.335928031968,1551.9200856261868,123.671,182.976,199.40999999999997,0.38488800419347663,148.77816874716964,0.2073921611044931,0.6296331777613928,2.5641025641025648,0.6036996647016679,877.056489620676,0.4574758969609112,0.6215210064934618,0.33651010471034504,0.027851997608888176,0.014116891187304923,0.09749382079775615,4.0,2.1052631578947385,0.5333333333333332,0.10408329997330541,0.1951561874499477,4.62879583831888,3.670959719416976,3.4994523528123698,7.034900982824893
20_large_swing_03,ARM_SWING__20_large_swing_03,ARM_SWING,0,8,17.0,19.0,40,0.2921154671595569,56.753725993123695,1.0950000000000002,195.96,1.966666666666668,5.6799999999999224,1.0000000000000004,0.3873333333978973,64.98632637036181,0.11962238107188891,1.1678000000000002,1.298,0.2412500000000002,1.4000000000000001,1.4166499999999997,0.3047,0.46720000000000006,0.5266499999999998,0.3336989661356475,1.5225763023544168,4.196000000000175,4.84799999999997,0.23076923076923078,0.05128205128205128,3.0435290839443345,1.8616227916031454,5.199131779913826,6.2486055606158315,8.15266827486606,0.15384615384615385,1122.806623811833,1753.4239860411553,142.44750000000002,215.053,219.26899999999998,0.2616808751592627,194.28524803900282,0.37438521181638046,0.4445198496255857,2.5641025641025648,0.7411974138591219,1591.2175385647556,0.5374236649776334,0.636029368958471,0.3386493394002521,0.011873628665845553,0.01344766297543141,0.36342595543036593,4.0,2.1052631578947385,0.40000000000000097,0.09999999999999964,0.2499999999999985,6.179245115473295,4.777604633738536,4.210362066965256,11.168104951562084
20_large_swing_03,ARM_SWING__20_large_swing_03,ARM_SWING,0,9,19.0,21.0,40,0.3360040741129679,53.44845601377471,1.001,190.07,2.1728205128205142,4.979999999999929,1.0000000000000004,0.5625456219385644,87.2925075992448,0.4238633473401178,1.040925,1.2025000000000001,0.5847500000000001,1.3622,1.3991500000000001,0.302075,0.48350000000000004,0.53615,0.3342919756739608,1.474688100329137,4.308000000000181,4.626000000000231,0.3333333333333333,0.0,2.8700886014413762,1.5827912168661948,4.56831358125847,4.777152596357682,7.986663884250931,0.05128205128205128,1032.1915630666497,1563.9172976608945,131.23899999999998,207.999,213.11599999999999,0.3267121752098988,159.0708569676593,0.27884761664111024,0.49204790090877526,2.5641025641025648,0.8093462072636988,1117.7685739484753,0.3991288030250611,0.6801165724551419,0.30499690839681576,0.00971627174737947,0.005170247400662854,0.02293327536106651,4.0,2.1052631578947385,0.36666666666666714,0.05773502691896237,0.15745916432444262,4.61652407745353,4.15377779331086,3.2766478446947187,7.741529599180414
20_large_swing_03,ARM_SWING__20_large_swing_03,ARM_SWING,0,10,21.0,23.0,40,0.3260086901075507,52.904056484962496,1.01,197.81,2.177435897435908,6.519999999999909,1.0000000000000004,0.5843410520539762,80.86829609533561,0.4177568906627942,1.0492249999999999,1.1885,0.5469999999999999,1.3702,1.3938999999999997,0.293275,0.45630000000000004,0.5136,0.3256496967601843,1.7277681343415086,4.520000000000184,5.872000000000292,0.28205128205128205,0.10256410256410256,3.0990127452958576,2.18650815213413,5.770317546743979,6.413643697908363,11.536550610992709,0.15384615384615385,1044.823586996006,1676.5912499766005,132.6985,195.32600000000002,205.94699999999997,0.41959764484117623,162.27805604663294,0.21925824120180396,0.616727966155701,2.5641025641025648,0.4786750557731254,2159.0312312597234,0.43398170298481087,0.6551923260949828,0.29849813655828866,0.031989389083802736,0.014320148262925813,0.0358970084819689,4.0,2.1052631578947385,0.4833333333333343,0.23629078131262976,0.48887747857785374,7.1532073610357285,5.255082350226439,4.57638413208459,10.5942100038851
20_large_swing_03,ARM_SWING__20_large_swing_03,ARM_SWING,0,11,23.0,25.0,40,0.27314380076698774,51.29338258664062,1.04,191.7,1.7887179487179474,5.120000000000289,1.0000000000000004,0.5290279840092281,55.65637372323506,0.13976610821502566,1.17055,1.2595,0.17574999999999985,1.4276,1.44915,0.29415,0.4503,0.48334999999999995,0.3191075837394029,1.3970856498763533,3.8399999999999466,4.237999999999944,0.23076923076923078,0.02564102564102564,3.0249548736393312,1.8706674328570407,5.200613261204993,6.9687075544740384,8.540444953279536,0.1282051282051282,959.2141250835182,1709.1515043708812,136.29450000000003,192.517,207.71049999999994,0.13890272106564813,187.78893184692024,0.2624078797975282,0.5895174506597133,2.5641025641025648,0.543114763173625,1639.2064422443445,0.5004831046203554,0.7737333530931005,0.17785487020156943,0.014745425699233062,0.03366635100609687,0.11409392126098515,4.0,2.1052631578947385,0.3333333333333333,0.057735026918961346,0.17320508075688404,5.097372505037596,5.125187671110714,4.145132257861585,11.765213486933964
20_large_swing_03,ARM_SWING__20_large_swing_03,ARM_SWING,0,12,25.0,27.0,40,0.3267599987680129,60.142884532884665,1.084,227.52000000000004,2.0635897435897435,5.659999999999922,1.0000000000000004,0.5922406484692414,77.79089428594072,0.44123736823202825,1.061175,1.2055,0.47050000000000014,1.4005999999999998,1.41225,0.299775,0.47850000000000004,0.52545,0.32839789128433816,1.5195766155144401,3.9320000000001634,5.175999999999926,0.28205128205128205,0.07692307692307693,2.8163875539072016,1.7085734639233343,4.742528133998443,5.939257333824016,7.997474601398072,0.10256410256410256,1095.3942644017168,1599.6779261440247,132.09125,220.10800000000003,239.08249999999998,0.3599881861908482,184.05828363215232,0.17025693052899132,0.5099089861114284,2.5641025641025648,0.47214666061944155,1101.7198341183696,0.5178929049089219,0.6232479542514223,0.27941437226628024,0.06005342768388904,0.03728424579840843,0.11302125748581193,4.0,2.1052631578947385,0.4833333333333331,0.36170890690351076,0.7483632556624364,4.415800102123044,4.225304733056072,3.2695344368584975,8.489254434996106
20_large_swing_03,ARM_SWING__20_large_swing_03,ARM_SWING,0,13,27.0,29.0,40,0.33415057925340275,54.81743102896545,1.021,205.89000000000001,2.2282051282051274,5.740000000000324,1.0000000000000004,0.6850753879513645,86.00229682476353,0.4374135684929741,1.072425,1.23,0.56525,1.4104999999999999,1.4189999999999998,0.308575,0.4437,0.45599999999999963,0.3378025680778641,1.6128217700906409,4.299999999999939,4.779999999999932,0.3076923076923077,0.02564102564102564,3.1098930842384105,1.5310336651016765,4.858278750553899,6.072532611370498,6.781651716211817,0.10256410256410256,995.682336798887,1459.1407349934786,142.538,207.71300000000002,226.90849999999998,0.4431267135264282,164.05008529820537,0.2976885719140471,0.6453233446506432,2.5641025641025648,0.6837905305800076,1033.0296995523086,0.38446482278479305,0.7466933543179509,0.23355444531649563,0.01189377753300806,0.007858422832545214,0.11337594504591711,5.0,2.631578947368423,0.34999999999999964,0.09128709291752833,0.2608202654786526,5.046690730664024,4.5508591394322,2.77350872108369,8.09915103923543
